match_id,season,match_date,league,home_team,away_team,home_score,away_score,possession_home,possession_away,shots_home,shots_away,shots_on_target_home,shots_on_target_away,shots_off_target_home,shots_off_target_away,corners_home,corners_away,yellow_cards_home,yellow_cards_away,red_cards_home,red_cards_away,fouls_home,fouls_away,offsides_home,offsides_away,free_kicks_home,free_kicks_away,throw_ins_home,throw_ins_away,goalkeeper_saves_home,goalkeeper_saves_away,Computed_Home_Elo,Computed_Away_Elo,Computed_Elo_Diff,Computed_HFA,Home_RestDays,Home_Shots_5,Home_SoT_5,Home_Corners_5,Home_Poss_5,Home_Goals_5,Home_Conceded_5,Home_Points_5,Home_YellowCards_5,Home_Saves_5,Away_RestDays,Away_Shots_5,Away_SoT_5,Away_Corners_5,Away_Poss_5,Away_Goals_5,Away_Conceded_5,Away_Points_5,Away_YellowCards_5,Away_Saves_5,Home_H2H_Pts_3,Away_H2H_Pts_3,Odd_Home,Odd_Draw,Odd_Away
YL27Veyk,2020,2020-08-21 18:15:00,,FC Arges,FC Botosani,2,3,47.0,53.0,4.0,12.0,4.0,8.0,0.0,4.0,2.0,3.0,3,2,0,0,17.0,18.0,3.0,4.0,22.0,20.0,17.0,20.0,5.0,2.0,1200.0,1200.0,50.0,50.0,7.0,,,,,,,,,,7.0,,,,,,,,,,,,3.93,3.23,1.93
UmdGTZ51,2020,2020-08-22 15:30:00,,FC Viitorul,UTA Arad,1,1,50.0,50.0,13.0,6.0,5.0,1.0,8.0,5.0,7.0,3.0,1,1,0,0,12.0,17.0,4.0,1.0,18.0,16.0,19.0,23.0,0.0,4.0,1200.0,1200.0,49.14280532388739,49.14280532388743,7.0,,,,,,,,,,7.0,,,,,,,,,,,,1.39,4.54,7.1
dfl2iwb8,2020,2020-08-22 18:00:00,,Sepsi Sf. Gheorghe,Univ. Craiova,0,1,,,11.0,5.0,4.0,3.0,7.0,2.0,12.0,4.0,2,2,0,0,16.0,10.0,4.0,1.0,11.0,20.0,32.0,25.0,2.0,4.0,1200.0,1200.0,49.03742388707542,49.037423887075384,7.0,,,,,,,,,,7.0,,,,,,,,,,,,3.63,3.21,2.02
8veKSgL7,2020,2020-08-22 21:00:00,,Astra Giurgiu,FCSB,0,3,42.0,58.0,4.0,22.0,3.0,11.0,1.0,11.0,5.0,6.0,3,3,0,0,16.0,18.0,0.0,0.0,18.0,16.0,10.0,17.0,8.0,3.0,1200.0,1200.0,48.18226545273615,48.18226545273606,7.0,,,,,,,,,,7.0,,,,,,,,,,,,3.92,3.41,1.88
va33WyMr,2020,2020-08-23 16:00:00,,Poli Iasi,Chindia Targoviste,1,0,56.0,44.0,7.0,10.0,4.0,2.0,3.0,8.0,0.0,6.0,1,3,0,0,9.0,13.0,1.0,0.0,13.0,10.0,22.0,22.0,2.0,3.0,1200.0,1200.0,46.70422319325144,46.70422319325143,7.0,,,,,,,,,,7.0,,,,,,,,,,,,2.31,3.03,3.13
dv0vxbbL,2020,2020-08-23 18:00:00,,LPS HD Clinceni,CFR Cluj,1,2,40.0,60.0,7.0,11.0,1.0,4.0,6.0,7.0,2.0,5.0,3,4,0,0,14.0,17.0,2.0,0.0,17.0,16.0,20.0,23.0,2.0,0.0,1200.0,1200.0,47.35400694082159,47.35400694082159,7.0,,,,,,,,,,7.0,,,,,,,,,,,,8.74,4.35,1.36
nP6BUFje,2020,2020-08-24 18:00:00,,FC Voluntari,Gaz Metan Medias,2,1,50.0,50.0,9.0,5.0,5.0,1.0,4.0,4.0,4.0,4.0,5,3,0,0,25.0,17.0,3.0,0.0,17.0,28.0,24.0,20.0,0.0,3.0,1200.0,1200.0,46.50241340755201,46.50241340755198,7.0,,,,,,,,,,7.0,,,,,,,,,,,,2.05,3.18,3.62
xjHyyIDR,2020,2020-08-24 21:00:00,,Dinamo Bucuresti,FC Hermannstadt,1,1,,,11.0,7.0,8.0,2.0,3.0,5.0,4.0,4.0,2,3,0,0,10.0,22.0,0.0,1.0,23.0,10.0,15.0,22.0,1.0,7.0,1200.0,1200.0,47.15262505145711,47.15262505145722,7.0,,,,,,,,,,7.0,,,,,,,,,,,,2.49,3.02,2.85
l0qK42jF,2020,2020-08-28 18:00:00,,Gaz Metan Medias,FC Arges,2,0,48.0,52.0,5.0,6.0,3.0,3.0,2.0,3.0,1.0,5.0,1,3,0,0,16.0,19.0,3.0,5.0,24.0,19.0,28.0,32.0,3.0,1.0,1191.3305114145967,1188.5707376518324,49.811232055580376,47.05145829281616,4.0,,,,,,,,,,6.0,,,,,,,,,,,,2.06,3.17,3.59
fwpG5ry9,2020,2020-08-28 21:00:00,,UTA Arad,FC Voluntari,0,0,,,6.0,9.0,2.0,2.0,4.0,7.0,2.0,4.0,2,1,0,0,13.0,9.0,2.0,2.0,11.0,15.0,17.0,26.0,2.0,2.0,1201.4050858241606,1208.6694885854033,40.69668408583061,47.96108684707349,6.0,,,,,,,,,,4.0,,,,,,,,,,,,2.34,3.17,2.96
nyPfb0Tr,2020,2020-08-29 18:00:00,,FC Hermannstadt,LPS HD Clinceni,2,2,,,9.0,7.0,6.0,5.0,3.0,2.0,4.0,8.0,1,1,0,0,17.0,6.0,1.0,2.0,8.0,18.0,30.0,29.0,3.0,4.0,1201.348890115214,1188.6454195564052,60.57710614394023,47.87363558513129,4.0,,,,,,,,,,6.0,,,,,,,,,,,,1.79,3.31,4.57
GdlQrLTe,2020,2020-08-29 21:00:00,,CFR Cluj,Sepsi Sf. Gheorghe,0,0,60.0,40.0,6.0,3.0,5.0,1.0,1.0,2.0,6.0,1.0,1,2,0,0,19.0,26.0,1.0,1.0,27.0,20.0,32.0,22.0,1.0,5.0,1211.3545804435948,1188.5978875421424,70.50087145617181,47.74417855471947,6.0,,,,,,,,,,7.0,,,,,,,,,,,,1.68,3.35,5.31
SjrO3M5L,2020,2020-08-30 15:30:00,,FC Botosani,Poli Iasi,4,0,55.0,45.0,10.0,7.0,6.0,4.0,4.0,3.0,2.0,6.0,4,3,1,1,19.0,9.0,2.0,3.0,12.0,21.0,20.0,23.0,4.0,2.0,1211.4292623481676,1208.6637833009354,50.35952421572233,47.59404516849004,8.0,,,,,,,,,,6.0,,,,,,,,,,,,1.51,3.78,6.46
fmmUsuq2,2020,2020-08-30 18:00:00,,Univ. Craiova,Astra Giurgiu,2,0,,,15.0,4.0,8.0,1.0,7.0,3.0,7.0,6.0,0,4,0,1,11.0,11.0,1.0,1.0,12.0,12.0,21.0,33.0,1.0,6.0,1211.4021124578576,1180.2927698735382,79.98747814317198,48.87813555885248,8.0,,,,,,,,,,7.0,,,,,,,,,,,,1.57,3.8,5.52
dhRC6OL2,2020,2020-08-30 21:00:00,,FCSB,FC Viitorul,3,0,62.0,38.0,15.0,4.0,10.0,2.0,5.0,2.0,10.0,1.0,0,1,0,0,13.0,17.0,2.0,1.0,18.0,15.0,19.0,21.0,2.0,7.0,1219.7072301264618,1198.5949141758394,70.8111485131808,49.69883256255843,8.0,,,,,,,,,,8.0,,,,,,,,,,,,1.8,3.47,4.24
pSxT2tLR,2020,2020-08-31 21:00:00,,Chindia Targoviste,Dinamo Bucuresti,1,0,45.0,55.0,6.0,4.0,2.0,0.0,4.0,4.0,5.0,4.0,4,0,0,0,20.0,18.0,3.0,2.0,20.0,23.0,35.0,36.0,0.0,1.0,1191.3362166990646,1198.651109884786,43.42182541086754,50.73671859658885,8.0,,,,,,,,,,7.0,,,,,,,,,,,,5.2,3.82,1.6
Iuc6GakR,2020,2020-09-11 18:00:00,,FC Arges,UTA Arad,1,1,,,8.0,8.0,6.0,4.0,2.0,4.0,5.0,5.0,1,2,0,0,11.0,24.0,1.0,1.0,25.0,12.0,25.0,23.0,3.0,5.0,1176.4423569284013,1200.2390689982644,27.596757976077242,51.393470045940454,14.0,,,,,,,,3.0,3.0,13.0,,,,,,,,1.5,3.0,,,,,
MD3cILKE,2020,2020-09-11 21:00:00,,Dinamo Bucuresti,FC Botosani,1,1,68.0,32.0,10.0,3.0,5.0,1.0,5.0,2.0,6.0,1.0,2,3,0,1,15.0,15.0,3.0,4.0,19.0,18.0,29.0,29.0,0.0,4.0,1189.8944238934312,1228.550467553,12.677978962957013,51.334022622525914,11.0,,,,,,,,1.0,1.0,12.0,,,,,,,,3.0,3.0,,,,,
4xg2HuzL,2020,2020-09-12 18:00:00,,Poli Iasi,Gaz Metan Medias,1,4,55.0,45.0,15.0,8.0,9.0,7.0,6.0,1.0,11.0,4.0,3,2,0,0,19.0,12.0,6.0,0.0,12.0,25.0,22.0,9.0,3.0,8.0,1191.542578096103,1203.4588921380277,39.39035310354984,51.306667145474584,13.0,,,,,,,,2.0,2.0,15.0,,,,,,,,2.0,3.0,,,,,
zLqYBJcr,2020,2020-09-12 21:00:00,,FC Voluntari,FCSB,2,1,40.0,60.0,6.0,9.0,4.0,5.0,2.0,4.0,5.0,7.0,2,0,0,0,13.0,14.0,1.0,2.0,16.0,14.0,29.0,30.0,4.0,2.0,1209.8355054112994,1233.5457105802006,26.15077380897401,49.8609789778752,15.0,,,,,,,,3.0,1.0,13.0,,,,,,,,1.5,2.5,,,,,
WnwsAcSf,2020,2020-09-13 19:00:00,,Astra Giurgiu,Sepsi Sf. Gheorghe,2,2,40.0,60.0,6.0,7.0,3.0,7.0,3.0,0.0,5.0,11.0,5,3,1,0,9.0,19.0,3.0,1.0,20.0,12.0,19.0,20.0,5.0,1.0,1169.350143157459,1190.5996660252015,29.3051114893633,50.55463435710593,14.0,,,,,,,,3.5,7.0,14.0,,,,,,,,2.0,3.5,,,2.77,3.02,2.55
Awxo9Hs1,2020,2020-09-13 21:30:00,,CFR Cluj,FC Hermannstadt,1,0,70.0,30.0,13.0,3.0,5.0,0.0,8.0,3.0,10.0,0.0,0,3,0,0,9.0,15.0,1.0,0.0,15.0,10.0,36.0,13.0,0.0,4.0,1209.3528019605358,1199.6227963763897,60.2215293665879,50.49152378244195,15.0,,,,,,,,2.5,0.5,15.0,,,,,,,,2.0,5.0,,,1.47,3.93,6.79
EBrxBwDl,2020,2020-09-14 21:00:00,,FC Viitorul,Univ. Craiova,1,4,47.0,53.0,6.0,13.0,2.0,7.0,4.0,6.0,4.0,2.0,4,1,1,0,13.0,15.0,0.0,0.0,15.0,13.0,12.0,16.0,3.0,1.0,1184.7564337221006,1222.344739173937,13.524506136585615,51.1128115884218,15.0,,,,,,,,1.0,3.5,15.0,,,,,,,,1.0,2.5,,,2.9,3.13,2.41
dWHuVb4K,2020,2020-09-18 18:00:00,,Chindia Targoviste,FC Hermannstadt,1,3,48.0,52.0,9.0,6.0,2.0,5.0,7.0,1.0,7.0,3.0,3,2,0,0,21.0,21.0,0.0,0.0,21.0,21.0,25.0,27.0,2.0,1.0,1200.0929026904194,1191.3389589633252,58.51717552383161,49.763231796737564,17.0,,,,,,,,3.5,1.5,4.0,6.333333333333333,2.6666666666666665,2.6666666666666665,,1.0,1.3333333333333333,0.6666666666666666,2.3333333333333335,4.666666666666667,,,2.81,2.95,2.61
IuJyWvkE,2020,2020-09-18 21:00:00,,Astra Giurgiu,CFR Cluj,0,2,44.0,56.0,3.0,11.0,1.0,5.0,2.0,6.0,4.0,6.0,3,2,0,0,16.0,6.0,0.0,2.0,8.0,16.0,20.0,27.0,3.0,1.0,1168.5086688286058,1217.6366393736002,-0.6023713837612377,48.52559916123313,5.0,4.666666666666667,2.3333333333333335,5.333333333333333,,0.6666666666666666,2.3333333333333335,0.3333333333333333,4.0,6.333333333333333,4.0,10.0,4.666666666666667,7.0,63.333333333333336,1.0,0.3333333333333333,2.3333333333333335,1.6666666666666667,0.3333333333333333,,,6.27,3.93,1.5
AwbGOdsl,2020,2020-09-19 19:00:00,,Sepsi Sf. Gheorghe,FC Viitorul,1,1,50.0,50.0,11.0,12.0,4.0,4.0,7.0,8.0,4.0,5.0,4,2,0,0,21.0,14.0,1.0,5.0,19.0,22.0,29.0,21.0,3.0,3.0,1191.4411403540546,1166.7620364996442,72.14588177666678,47.46677792225646,6.0,7.0,4.0,8.0,,0.6666666666666666,1.0,0.6666666666666666,2.3333333333333335,2.6666666666666665,4.0,7.666666666666667,3.0,4.0,45.0,0.6666666666666666,2.6666666666666665,0.3333333333333333,2.0,3.3333333333333335,,,2.34,3.05,3.08
I31OMzC0,2020,2020-09-19 21:45:00,,Univ. Craiova,FC Voluntari,2,1,,,12.0,6.0,7.0,3.0,5.0,3.0,7.0,3.0,0,3,0,0,11.0,13.0,1.0,2.0,15.0,12.0,21.0,21.0,2.0,5.0,1240.3391363963933,1219.0842438010425,68.56813163861761,47.31323904326671,5.0,11.0,6.0,4.333333333333333,,2.3333333333333335,0.3333333333333333,3.0,1.0,2.0,7.0,8.0,3.6666666666666665,4.333333333333333,,1.3333333333333333,0.6666666666666666,2.3333333333333335,2.6666666666666665,2.0,,,1.58,3.88,5.31
40yk8yc7,2020,2020-09-20 16:30:00,,FC Botosani,LPS HD Clinceni,0,0,54.0,46.0,10.0,5.0,3.0,3.0,7.0,2.0,8.0,2.0,1,5,0,0,9.0,23.0,2.0,1.0,24.0,11.0,23.0,18.0,3.0,3.0,1228.9152072470179,1190.3715132952295,86.46080900335187,47.91711505156351,8.0,8.333333333333334,5.0,2.0,46.666666666666664,2.6666666666666665,1.0,2.3333333333333335,3.0,3.3333333333333335,21.0,,,,,,,,2.0,3.0,,,1.75,3.48,4.5
SE8BPxSs,2020,2020-09-20 18:45:00,,UTA Arad,Poli Iasi,2,3,,,9.0,10.0,3.0,6.0,6.0,4.0,3.0,2.0,3,3,0,0,16.0,12.0,1.0,1.0,13.0,17.0,26.0,23.0,3.0,1.0,1201.0317013104582,1172.2667358614444,76.49919952317236,47.734234074158536,9.0,6.666666666666667,2.3333333333333335,3.3333333333333335,,0.6666666666666666,0.6666666666666666,1.0,1.6666666666666667,3.6666666666666665,8.0,9.666666666666666,5.666666666666667,5.666666666666667,52.0,0.6666666666666666,2.6666666666666665,1.0,2.3333333333333335,2.3333333333333335,,,2.18,3.11,3.35
Gzug7eCD,2020,2020-09-20 21:30:00,,FCSB,FC Arges,3,0,53.0,47.0,13.0,8.0,7.0,4.0,6.0,4.0,3.0,2.0,1,1,0,0,18.0,14.0,0.0,1.0,15.0,18.0,9.0,30.0,4.0,4.0,1224.2969721904576,1175.6497246162075,95.46896272380673,46.821715149556674,8.0,15.333333333333334,8.666666666666666,7.666666666666667,60.0,2.3333333333333335,0.6666666666666666,2.0,1.0,2.3333333333333335,9.0,6.0,4.333333333333333,4.0,,1.0,2.0,0.3333333333333333,2.3333333333333335,3.0,,,1.88,4.18,3.4
Q5MqUIJQ,2020,2020-09-21 21:00:00,,Gaz Metan Medias,Dinamo Bucuresti,1,3,,,6.0,10.0,5.0,5.0,1.0,5.0,4.0,1.0,4,2,0,0,17.0,22.0,4.0,3.0,25.0,21.0,28.0,28.0,2.0,4.0,1222.7347343726863,1189.5296841994134,80.9775720507655,47.772521877492714,9.0,6.0,3.6666666666666665,3.0,47.666666666666664,2.3333333333333335,1.0,2.0,2.0,4.666666666666667,10.0,8.333333333333334,4.333333333333333,4.666666666666667,,0.6666666666666666,1.0,0.6666666666666666,1.3333333333333333,0.6666666666666666,,,3.68,3.24,2.01
SnnvRk3n,2020,2020-09-25 18:00:00,,FC Voluntari,Sepsi Sf. Gheorghe,1,2,,,7.0,9.0,5.0,5.0,2.0,4.0,3.0,6.0,0,4,0,0,10.0,8.0,3.0,2.0,10.0,13.0,18.0,22.0,3.0,4.0,1211.0325636904186,1189.393955300858,68.10764090772454,46.46903251816384,5.0,7.5,3.5,4.0,,1.25,1.0,1.75,2.75,2.75,5.0,8.0,4.0,7.0,50.0,0.75,1.0,0.75,2.75,2.75,,,2.76,3.04,2.57
OGWOKEtD,2020,2020-09-25 21:00:00,,FC Arges,Univ. Craiova,1,2,44.0,56.0,9.0,7.0,3.0,3.0,6.0,4.0,6.0,4.0,2,1,0,0,14.0,10.0,4.0,2.0,12.0,18.0,27.0,20.0,1.0,2.0,1162.9723015770603,1248.3908165070172,-39.84464984150668,45.573865088450184,4.0,6.5,4.25,3.5,48.666666666666664,0.75,2.25,0.25,2.0,3.25,5.0,11.25,6.25,5.0,,2.25,0.5,3.0,0.75,2.0,,,6.72,4.24,1.44
IyuiOmm5,2020,2020-09-26 14:45:00,,LPS HD Clinceni,Gaz Metan Medias,2,0,51.0,49.0,8.0,6.0,3.0,1.0,5.0,5.0,5.0,5.0,4,2,0,0,23.0,15.0,2.0,4.0,19.0,25.0,18.0,28.0,1.0,1.0,1192.809926327296,1205.3548762483013,32.36455165687107,44.90950157787647,5.0,6.333333333333333,3.0,4.0,,1.0,1.3333333333333333,0.6666666666666666,3.0,3.0,4.0,6.0,4.0,3.25,47.666666666666664,2.0,1.5,1.5,2.5,4.0,,,2.44,3.0,2.97
df0SLfR6,2020,2020-09-26 21:30:00,,FC Viitorul,Astra Giurgiu,4,1,,,11.0,9.0,8.0,3.0,3.0,6.0,3.0,3.0,2,0,0,0,13.0,19.0,1.0,3.0,22.0,14.0,9.0,16.0,2.0,4.0,1168.8092215528409,1154.3910523089169,60.28981246650392,45.871643222579856,7.0,8.75,3.25,4.25,46.25,0.75,2.25,0.5,2.0,3.25,8.0,4.25,2.0,5.0,42.0,0.5,2.25,0.25,3.75,5.5,,,1.7,3.64,4.62
l2zmPTXb,2020,2020-09-27 19:00:00,,CFR Cluj,Chindia Targoviste,0,0,60.0,40.0,10.0,7.0,3.0,2.0,7.0,5.0,5.0,1.0,4,4,0,0,14.0,14.0,3.0,3.0,17.0,17.0,36.0,25.0,2.0,3.0,1231.7542558932892,1183.5911342170268,95.11061916670474,46.94749749044251,8.0,10.25,4.75,6.75,61.5,1.25,0.25,2.5,1.75,0.5,9.0,8.333333333333334,2.0,6.0,45.666666666666664,0.6666666666666666,1.3333333333333333,1.0,3.3333333333333335,1.6666666666666667,,,1.32,4.5,10.01
EqrzSVmt,2020,2020-09-27 21:45:00,,Poli Iasi,FCSB,5,2,53.0,47.0,15.0,8.0,9.0,4.0,6.0,4.0,4.0,4.0,5,5,0,1,16.0,16.0,2.0,0.0,16.0,18.0,12.0,27.0,2.0,4.0,1184.433654856136,1236.9743952296049,-5.793576205335512,46.747164168133324,7.0,9.75,5.75,4.75,52.0,1.25,2.5,1.5,2.5,2.0,7.0,14.75,8.25,6.5,58.25,2.5,0.5,2.25,1.0,2.75,,,2.84,3.38,2.32
AByqQ9Ih,2020,2020-09-28 18:00:00,,FC Hermannstadt,FC Botosani,2,1,47.0,53.0,7.0,7.0,2.0,5.0,5.0,2.0,6.0,7.0,6,5,0,0,23.0,25.0,1.0,0.0,25.0,24.0,15.0,28.0,4.0,0.0,1207.8407274367178,1226.4767942149515,29.431795276764205,48.067862054998024,10.0,6.25,3.25,2.75,,1.5,1.25,1.25,2.25,3.75,8.0,8.75,4.5,3.5,48.5,2.0,0.75,2.0,2.5,3.25,,,3.3,3.15,2.18
27VSJYeJ,2020,2020-09-28 21:00:00,,Dinamo Bucuresti,UTA Arad,0,1,57.0,43.0,16.0,4.0,7.0,3.0,9.0,1.0,5.0,2.0,4,4,0,0,18.0,12.0,0.0,0.0,12.0,18.0,28.0,27.0,2.0,7.0,1206.9095423237984,1188.8647823157667,66.79923996414709,48.75447995611543,7.0,8.75,4.5,3.75,,1.25,1.0,1.25,1.5,1.5,8.0,7.25,2.5,3.25,,1.0,1.25,0.75,2.0,3.5,,,1.51,3.83,6.43
dSweN72B,2020,2020-10-02 21:00:00,,Univ. Craiova,Poli Iasi,1,0,61.0,39.0,14.0,2.0,5.0,0.0,9.0,2.0,8.0,4.0,1,1,0,1,13.0,13.0,2.0,0.0,13.0,15.0,27.0,24.0,0.0,4.0,1257.248996648,1202.042960014332,103.06806972660706,47.86203309293911,7.0,10.4,5.6,4.8,,2.2,0.6,3.0,0.8,2.0,4.0,10.8,6.4,4.6,52.25,2.0,2.4,1.8,3.0,2.0,,,,,
benOMeTc,2020,2020-10-03 15:30:00,,Sepsi Sf. Gheorghe,FC Arges,1,0,69.0,31.0,11.0,4.0,4.0,1.0,7.0,3.0,7.0,3.0,2,1,0,0,17.0,13.0,2.0,2.0,15.0,19.0,30.0,27.0,1.0,3.0,1201.3295210303734,1154.1141214360775,95.61124716734003,48.3958475730441,7.0,8.2,4.2,6.8,50.0,1.0,1.0,1.2,3.0,3.0,7.0,7.0,4.0,4.0,47.5,0.8,2.2,0.2,2.0,2.8,,,,,
QslGOHbo,2020,2020-10-03 18:00:00,,Astra Giurgiu,FC Voluntari,2,3,48.0,52.0,8.0,13.0,3.0,6.0,5.0,7.0,6.0,8.0,3,3,0,0,9.0,17.0,3.0,3.0,20.0,12.0,19.0,13.0,3.0,1.0,1140.0463287374148,1199.096997960903,-10.106158172744244,48.94451105074395,6.0,5.2,2.2,4.6,42.0,0.6,2.6,0.2,3.0,5.2,8.0,7.4,3.8,3.8,,1.2,1.2,1.4,2.2,2.8,,,,,
viTaMRHH,2020,2020-10-03 21:00:00,,FCSB,Dinamo Bucuresti,3,2,,,6.0,8.0,3.0,5.0,3.0,3.0,4.0,7.0,6,4,0,2,15.0,14.0,4.0,1.0,15.0,19.0,16.0,26.0,3.0,0.0,1219.3650900714088,1195.0102508147806,72.57116005270086,48.21632079607269,5.0,13.4,7.4,6.0,56.0,2.4,1.4,1.8,1.8,3.0,5.0,10.2,5.0,4.0,60.0,1.0,1.0,1.0,2.0,1.6,,,,,
ncIZFPfo,2020,2020-10-04 13:30:00,,FC Botosani,Chindia Targoviste,0,2,48.0,52.0,5.0,5.0,1.0,2.0,4.0,3.0,9.0,4.0,1,1,1,1,16.0,5.0,2.0,4.0,9.0,18.0,23.0,13.0,0.0,1.0,1217.3218888667193,1186.2622451811494,79.87154626110964,48.81190257553983,5.0,8.4,4.6,4.2,49.4,1.8,1.0,1.6,3.0,2.6,6.0,8.0,2.0,4.75,44.25,0.5,1.0,1.0,3.5,2.0,,,,,
4YnKNyEi,2020,2020-10-04 18:30:00,,Gaz Metan Medias,FC Hermannstadt,1,1,45.0,55.0,7.0,9.0,3.0,4.0,4.0,5.0,2.0,11.0,4,2,0,0,23.0,10.0,0.0,4.0,14.0,23.0,25.0,22.0,3.0,2.0,1192.5263209855893,1216.99563278495,23.04230326632478,47.511615065685376,8.0,6.0,3.4,3.6,48.0,1.6,1.6,1.2,2.4,3.4,6.0,6.4,3.0,3.4,43.0,1.6,1.2,1.6,3.0,3.8,,,,,
plW7K5nU,2020,2020-10-04 21:30:00,,FC Viitorul,CFR Cluj,1,1,55.0,45.0,5.0,10.0,3.0,4.0,2.0,6.0,2.0,5.0,3,6,0,0,16.0,21.0,2.0,0.0,21.0,18.0,19.0,25.0,3.0,2.0,1183.153945124343,1229.0831449291666,1.5327472508515712,47.461947055675196,8.0,9.2,4.2,4.0,46.25,1.4,2.0,1.0,2.0,3.0,7.0,10.2,4.4,6.4,61.2,1.0,0.2,2.2,2.2,0.8,,,,,
jRW3LoXN,2020,2020-10-05 21:00:00,,UTA Arad,LPS HD Clinceni,0,0,,,8.0,4.0,2.0,1.0,6.0,3.0,2.0,1.0,1,2,0,0,10.0,18.0,3.0,2.0,20.0,13.0,25.0,26.0,1.0,2.0,1200.7640738247844,1205.6384815900078,42.58423061100598,47.45863837622948,7.0,6.6,2.6,3.0,,1.0,1.0,1.2,2.4,4.2,9.0,6.75,3.0,4.25,45.666666666666664,1.25,1.0,1.25,3.25,2.5,,,,,
vFJFCB5j,2020,2020-10-16 21:00:00,,FC Arges,Astra Giurgiu,1,0,52.0,48.0,8.0,8.0,4.0,6.0,4.0,2.0,7.0,5.0,2,2,0,0,9.0,14.0,1.0,3.0,17.0,10.0,17.0,25.0,6.0,3.0,1146.7986084000795,1130.337125341798,63.82865355781564,47.36717049953415,13.0,7.0,3.4,4.2,43.5,0.4,1.8,0.2,1.6,2.4,13.0,6.0,2.2,4.8,44.0,1.0,2.6,0.2,3.0,4.2,,,2.49,3.21,2.71
QBFBDijp,2020,2020-10-17 14:00:00,,Chindia Targoviste,Gaz Metan Medias,1,0,49.0,51.0,6.0,7.0,5.0,2.0,1.0,5.0,3.0,7.0,2,2,1,0,10.0,14.0,5.0,0.0,14.0,15.0,18.0,26.0,2.0,4.0,1203.5994119792088,1191.8640808521202,59.71624587297356,47.98091474588504,13.0,7.4,2.0,4.6,45.8,0.8,0.8,1.4,3.0,1.8,12.0,6.4,3.8,3.2,46.75,1.6,1.4,1.4,2.6,3.4,,,2.86,3.02,2.52
CbjSLFr4,2020,2020-10-17 16:30:00,,Poli Iasi,Sepsi Sf. Gheorghe,1,4,54.0,46.0,4.0,12.0,1.0,7.0,3.0,5.0,5.0,3.0,1,2,0,0,18.0,24.0,5.0,1.0,25.0,23.0,32.0,26.0,3.0,0.0,1194.925433612932,1208.6450340663714,34.88366097937114,48.603261432810434,14.0,9.8,5.6,5.4,48.0,1.8,2.6,1.2,3.0,2.4,14.0,8.2,4.2,5.8,54.75,1.2,0.8,1.8,3.0,2.8,,,3.71,3.23,2.02
tvvuJDSM,2020,2020-10-17 21:30:00,,CFR Cluj,FC Botosani,2,1,61.0,39.0,10.0,8.0,5.0,4.0,5.0,4.0,6.0,3.0,1,3,0,1,14.0,16.0,5.0,1.0,17.0,19.0,21.0,19.0,3.0,3.0,1229.1272606551095,1199.98472206866,76.3167707816508,47.174232195201384,13.0,10.0,4.4,6.4,58.2,0.8,0.2,1.8,2.6,1.2,13.0,7.0,3.2,5.4,48.4,1.2,1.0,1.0,2.8,2.2,,,1.15,6.66,19.35
hI7cyeri,2020,2020-10-18 18:45:00,,FC Hermannstadt,UTA Arad,1,1,,,7.0,9.0,4.0,3.0,3.0,6.0,3.0,9.0,0,1,0,0,16.0,16.0,5.0,3.0,19.0,21.0,16.0,39.0,2.0,3.0,1217.6578729184191,1199.5445021355133,65.87545940905216,47.7620886261464,14.0,6.8,3.4,4.8,46.0,1.6,1.2,1.6,2.8,2.8,12.0,7.0,2.8,2.8,,0.8,0.8,1.2,2.4,3.6,,,1.8,3.34,4.44
fNuXKZcA,2020,2020-10-18 21:30:00,,Dinamo Bucuresti,Univ. Craiova,0,1,56.0,44.0,8.0,5.0,3.0,3.0,5.0,2.0,10.0,3.0,3,3,0,0,10.0,20.0,5.0,1.0,21.0,15.0,29.0,24.0,2.0,3.0,1187.0691604218853,1264.3665230494,-29.675797692058495,47.62156493545635,15.0,9.6,4.4,4.6,60.0,1.2,1.4,0.8,2.4,1.4,16.0,12.2,6.0,5.6,56.666666666666664,2.2,0.6,3.0,0.6,1.2,,,2.33,3.25,2.89
KUxqIXsT,2020,2020-10-19 18:00:00,,FC Voluntari,FC Viitorul,0,2,51.0,49.0,11.0,12.0,7.0,5.0,4.0,7.0,9.0,3.0,2,4,0,0,16.0,16.0,3.0,2.0,18.0,19.0,12.0,10.0,3.0,7.0,1208.80620135652,1183.1098293984,72.63184192112453,46.935469963004515,16.0,8.2,4.0,4.6,,1.4,1.4,1.4,1.8,3.0,14.0,7.6,3.8,3.0,47.5,1.4,2.0,1.0,2.4,3.6,,,3.45,3.42,2.01
YDvyKgDG,2020,2020-10-19 21:00:00,,LPS HD Clinceni,FCSB,0,2,39.0,61.0,1.0,11.0,1.0,4.0,0.0,7.0,1.0,7.0,3,2,0,0,16.0,20.0,2.0,0.0,20.0,18.0,22.0,19.0,2.0,1.0,1206.858053279279,1227.3061804643041,25.20812487267517,45.65625205770036,14.0,6.2,2.6,3.6,45.666666666666664,1.0,0.8,1.2,3.0,2.4,16.0,10.2,5.8,5.6,55.5,2.4,1.8,1.8,2.4,3.0,,,5.26,3.8,1.6
KrIHWWdM,2020,2020-10-23 18:00:00,,Gaz Metan Medias,FC Botosani,1,2,53.0,47.0,9.0,7.0,3.0,2.0,6.0,5.0,5.0,2.0,7,1,1,0,18.0,11.0,1.0,2.0,13.0,19.0,21.0,11.0,1.0,2.0,1183.5661250264482,1192.1466363227264,35.9382593399223,44.518770636200635,6.0,6.8,3.6,4.4,47.5,1.2,1.6,0.8,2.8,3.6,5.0,6.6,2.8,5.6,45.2,0.6,1.4,0.4,2.6,2.0,,,3.27,2.93,2.3
Sz0AYhS9,2020,2020-10-23 21:00:00,,Univ. Craiova,LPS HD Clinceni,0,1,60.0,40.0,13.0,6.0,3.0,3.0,10.0,3.0,11.0,1.0,1,2,0,0,8.0,12.0,2.0,2.0,14.0,10.0,29.0,21.0,2.0,3.0,1273.5144560154245,1191.6916343259493,125.5142888643179,43.69146717484267,4.0,10.2,5.0,4.8,53.5,2.0,0.6,3.0,1.2,1.6,4.0,5.0,2.6,3.4,45.333333333333336,0.8,0.8,1.2,3.0,2.4,,,1.54,3.74,6.12
4GglRAKq,2020,2020-10-24 14:00:00,,UTA Arad,Chindia Targoviste,1,0,48.0,52.0,8.0,4.0,5.0,3.0,3.0,1.0,5.0,3.0,5,2,0,0,22.0,23.0,0.0,1.0,24.0,22.0,30.0,17.0,3.0,4.0,1201.418151344714,1211.8973678048808,32.202508722025186,42.6817251821919,5.0,7.6,3.0,4.2,,1.0,1.0,1.2,2.2,3.8,7.0,6.6,2.6,4.0,46.8,1.0,0.6,2.0,2.8,1.6,,,2.49,2.87,3.02
YkbhQUZk,2020,2020-10-24 19:30:00,,Astra Giurgiu,Poli Iasi,4,0,49.0,51.0,12.0,9.0,6.0,6.0,6.0,3.0,2.0,8.0,3,5,1,1,15.0,18.0,1.0,1.0,19.0,16.0,19.0,21.0,6.0,2.0,1122.153868723786,1175.8717104448112,-10.355432862478892,43.36240885854642,7.0,6.8,3.2,4.6,45.0,1.0,2.4,0.2,2.6,3.6,7.0,9.2,5.0,5.2,50.25,2.0,2.6,1.2,2.6,2.6,,,2.15,3.43,3.08
lp16ZYC3,2020,2020-10-24 21:45:00,,Sepsi Sf. Gheorghe,Dinamo Bucuresti,2,0,54.0,46.0,15.0,5.0,8.0,2.0,7.0,3.0,5.0,1.0,2,2,0,0,15.0,15.0,2.0,1.0,16.0,17.0,30.0,32.0,2.0,6.0,1227.6987572344922,1177.9212274558608,94.6846334004947,44.907103621863406,7.0,10.0,5.4,6.2,56.25,2.0,1.0,2.2,3.0,1.8,6.0,10.4,5.0,5.8,60.333333333333336,1.2,1.4,0.8,3.0,1.6,,,2.54,3.07,2.76
277MVjCS,2020,2020-10-25 18:45:00,,FC Viitorul,FC Arges,2,2,66.0,34.0,11.0,8.0,8.0,4.0,3.0,4.0,10.0,1.0,1,4,0,1,15.0,10.0,2.0,1.0,11.0,17.0,21.0,20.0,2.0,6.0,1200.1660681357887,1154.9818650180914,90.86986087946025,45.68565776176305,6.0,9.2,4.4,3.4,50.25,1.8,1.4,1.6,3.0,3.6,8.0,7.4,3.6,4.6,43.5,0.6,1.4,0.8,1.4,3.4,,,1.47,4.1,6.46
McaEXCsG,2020,2020-10-25 21:30:00,,FC Voluntari,CFR Cluj,0,1,43.0,57.0,1.0,8.0,0.0,3.0,1.0,5.0,1.0,5.0,3,2,0,0,14.0,16.0,2.0,3.0,19.0,16.0,20.0,26.0,2.0,0.0,1191.7499626191313,1236.965346401043,0.27846930068244546,45.49385308259401,6.0,8.6,5.0,5.6,47.666666666666664,1.4,1.8,1.2,2.0,3.2,8.0,10.8,4.4,6.4,58.4,1.2,0.4,2.2,2.6,1.6,,,4.99,3.53,1.68
W861zFcc,2020,2020-10-26 21:00:00,,FCSB,FC Hermannstadt,5,0,65.0,35.0,15.0,5.0,13.0,1.0,2.0,4.0,6.0,5.0,1,3,0,0,13.0,20.0,2.0,1.0,21.0,15.0,24.0,19.0,1.0,8.0,1242.4725994176338,1215.7842237092184,71.43162766683122,44.74325195841591,7.0,9.4,4.6,5.0,55.25,2.2,1.8,1.8,2.8,2.8,8.0,6.4,3.0,4.6,46.0,1.4,1.0,1.6,2.6,2.6,,,1.45,4.13,6.56
KbI5GTP7,2020,2020-10-30 18:00:00,,FC Arges,FC Voluntari,2,1,48.0,52.0,10.0,4.0,5.0,1.0,5.0,3.0,4.0,9.0,2,3,0,1,9.0,15.0,2.0,1.0,16.0,11.0,15.0,25.0,0.0,3.0,1157.5392607403453,1181.74194763009,21.877597239167926,46.080284128912616,4.0,7.4,3.2,3.8,41.6,0.8,1.6,0.8,2.0,4.0,4.0,7.6,4.2,4.8,48.666666666666664,1.0,1.8,0.6,2.2,2.8,,,3.08,3.13,2.3
80WEQDmF,2020,2020-10-31 12:30:00,,LPS HD Clinceni,Sepsi Sf. Gheorghe,2,0,48.0,52.0,4.0,9.0,2.0,5.0,2.0,4.0,3.0,3.0,2,3,0,0,10.0,17.0,3.0,0.0,17.0,13.0,21.0,23.0,5.0,0.0,1205.1548608946262,1238.0794790998207,13.858501653816347,46.78311985901087,7.0,4.8,2.2,2.0,44.0,0.6,0.4,1.6,3.2,2.2,6.0,11.6,5.6,5.0,54.75,2.0,0.6,2.6,2.8,2.0,,,3.88,3.14,1.99
GQZMOiIR,2020,2020-10-31 19:15:00,,FC Botosani,UTA Arad,2,3,,,11.0,10.0,4.0,7.0,7.0,3.0,9.0,0.0,1,3,0,0,9.0,12.0,1.0,1.0,13.0,10.0,22.0,16.0,4.0,2.0,1203.1773491408326,1210.4939336961077,40.484910313566616,47.801494868841786,8.0,7.4,3.0,5.8,48.2,0.8,1.4,0.8,2.2,1.6,7.0,7.6,3.2,4.2,,1.0,0.8,1.6,2.8,3.4,,,1.75,3.34,4.77
8OE1H9A1,2020,2020-10-31 21:45:00,,FC Hermannstadt,Univ. Craiova,0,1,49.0,51.0,4.0,13.0,2.0,9.0,2.0,4.0,7.0,6.0,5,2,0,0,15.0,9.0,3.0,4.0,13.0,18.0,29.0,23.0,8.0,2.0,1197.9571281025956,1260.0512294467476,-15.129606770216924,46.96449457393503,5.0,6.8,3.2,5.6,47.25,1.4,1.8,1.6,2.6,3.4,8.0,10.2,4.2,6.6,55.25,1.2,0.6,2.4,1.2,1.8,,,3.59,3.27,2.03
IZLlKBQr,2020,2020-11-01 18:00:00,,Poli Iasi,FC Viitorul,0,3,50.0,50.0,2.0,3.0,2.0,2.0,0.0,1.0,2.0,5.0,0,1,0,0,7.0,8.0,0.0,0.0,8.0,7.0,20.0,17.0,2.0,2.0,1155.2757802672513,1197.6086724135348,3.914241680578243,46.24713382686183,7.0,8.0,4.4,4.6,49.25,1.8,2.6,1.2,3.0,2.4,6.0,10.2,5.6,4.6,55.0,2.0,1.0,1.8,2.4,3.4,,,,,
M3zJPX2L,2020,2020-11-01 21:00:00,,CFR Cluj,Gaz Metan Medias,1,2,55.0,45.0,9.0,6.0,2.0,3.0,7.0,3.0,8.0,0.0,4,6,0,0,14.0,17.0,5.0,2.0,19.0,19.0,28.0,15.0,1.0,1.0,1246.9733613900844,1172.535412208342,119.3714104377384,44.93346125599601,6.0,9.8,4.0,5.4,55.8,1.2,0.4,2.2,3.0,1.6,9.0,7.0,2.8,4.6,49.5,0.6,1.8,0.2,3.8,2.2,,,,,
zBGgJVuk,2020,2020-11-02 21:00:00,,Chindia Targoviste,FCSB,0,2,45.0,55.0,4.0,7.0,3.0,4.0,1.0,3.0,5.0,4.0,0,1,0,0,17.0,16.0,3.0,1.0,17.0,20.0,27.0,18.0,2.0,3.0,1202.8215854534872,1260.2996950242564,-13.542649623670968,43.93545994709828,9.0,6.2,2.8,3.6,48.2,0.8,0.8,1.4,2.4,2.4,7.0,10.6,6.2,4.8,56.5,3.0,1.4,2.4,3.0,2.6,,,,,
M3dluD28,2020,2020-11-06 17:00:00,,Astra Giurgiu,LPS HD Clinceni,0,2,57.0,43.0,5.0,8.0,2.0,5.0,3.0,3.0,4.0,7.0,1,3,0,0,18.0,18.0,1.0,0.0,18.0,19.0,19.0,15.0,3.0,2.0,1142.749798901346,1218.7331943590384,-33.067273263614425,42.916122194078085,12.0,8.0,3.8,4.0,47.25,1.4,2.0,0.6,2.2,3.8,6.0,4.6,2.0,2.2,44.5,1.0,0.4,2.0,2.6,2.6,,,,,
drGxJMo6,2020,2020-11-06 21:30:00,,Univ. Craiova,Chindia Targoviste,0,1,,,9.0,8.0,5.0,2.0,4.0,6.0,14.0,1.0,0,2,0,0,10.0,9.0,1.0,1.0,10.0,11.0,31.0,22.0,1.0,5.0,1269.6160394077235,1189.230415413218,122.34173091947059,41.956106924965184,5.0,10.4,4.6,6.4,54.4,1.0,0.4,2.4,1.6,1.8,4.0,5.2,3.0,3.2,47.6,0.6,0.6,1.4,1.8,2.4,,,,,
6gNPLO1m,2020,2020-11-07 14:30:00,,FC Voluntari,Poli Iasi,4,0,50.0,50.0,11.0,5.0,7.0,4.0,4.0,1.0,11.0,1.0,2,3,0,0,9.0,12.0,1.0,2.0,14.0,10.0,16.0,24.0,4.0,3.0,1172.3708045621133,1137.7601459890404,75.56306956734215,40.95241099426929,7.0,7.2,3.8,6.0,49.5,1.0,1.8,0.6,2.2,2.4,5.0,6.4,3.6,4.6,49.4,1.2,2.8,0.6,2.4,2.6,,,,,
zZEtIt1C,2020,2020-11-07 17:00:00,,Sepsi Sf. Gheorghe,FC Hermannstadt,1,1,53.0,47.0,8.0,6.0,3.0,1.0,5.0,5.0,4.0,6.0,5,4,0,0,12.0,16.0,1.0,7.0,23.0,13.0,27.0,24.0,0.0,2.0,1224.5011456354084,1188.3923181416196,78.24005470288012,42.131227209091215,7.0,11.2,5.8,4.8,55.25,1.8,0.8,2.4,2.6,1.4,6.0,6.4,2.6,6.4,46.5,0.8,1.8,1.0,3.2,4.8,,,,,
lICUKrHg,2020,2020-11-07 21:45:00,,FCSB,FC Botosani,4,1,50.0,50.0,11.0,8.0,8.0,4.0,3.0,4.0,9.0,1.0,2,2,0,0,22.0,15.0,2.0,5.0,20.0,24.0,21.0,16.0,3.0,4.0,1273.8908650645255,1192.0173452087424,123.83865057198409,41.965130716200875,5.0,9.4,5.6,5.0,57.0,2.8,1.4,2.4,3.0,2.4,7.0,7.6,3.2,6.0,46.75,1.2,2.0,0.6,2.2,1.8,,,,,
0fehvXHE,2020,2020-11-08 18:00:00,,FC Arges,CFR Cluj,0,2,49.0,51.0,2.0,11.0,1.0,5.0,1.0,6.0,3.0,2.0,1,0,0,0,9.0,13.0,1.0,2.0,15.0,10.0,27.0,28.0,3.0,1.0,1166.910403808322,1233.666677271448,-23.93646812153179,42.81980534159427,9.0,7.8,3.4,4.2,41.8,1.2,1.2,1.4,2.2,3.2,6.0,9.4,3.4,5.8,55.6,1.0,0.8,1.6,3.4,1.6,,,,,
2LGYJ2Wa,2020,2020-11-08 21:00:00,,FC Viitorul,Dinamo Bucuresti,2,1,48.0,52.0,9.0,16.0,3.0,6.0,6.0,10.0,3.0,9.0,4,4,0,0,14.0,16.0,5.0,1.0,17.0,19.0,11.0,21.0,5.0,1.0,1215.1243066917457,1167.5405055905323,89.41590473288488,41.832103631671615,7.0,8.4,5.2,4.6,55.0,2.4,0.8,2.2,2.2,3.2,14.0,9.4,4.4,4.8,53.0,1.0,1.6,0.6,3.0,2.8,,,,,
S2OLM4ns,2020,2020-11-09 20:30:00,,UTA Arad,Gaz Metan Medias,1,3,53.0,47.0,9.0,5.0,5.0,5.0,4.0,0.0,8.0,0.0,3,2,0,0,24.0,17.0,6.0,4.0,21.0,30.0,30.0,18.0,2.0,4.0,1221.6539376281978,1185.8420963269784,78.20507672180725,42.39323542058797,9.0,7.8,4.0,3.6,,1.2,0.6,2.2,2.8,3.2,7.0,7.0,2.4,3.8,48.6,0.8,1.4,0.8,4.2,2.0,,,,,
E1FcIkee,2020,2020-11-14 21:00:00,,Dinamo Bucuresti,Astra Giurgiu,1,1,55.0,45.0,12.0,4.0,4.0,2.0,8.0,2.0,4.0,2.0,2,1,0,0,12.0,14.0,4.0,0.0,14.0,16.0,22.0,23.0,1.0,3.0,1160.0587484049809,1129.9495953131739,71.20693397448781,41.09778088268089,6.0,10.6,4.6,6.4,52.75,0.6,1.8,0.0,3.4,2.2,8.0,8.4,4.0,4.0,50.5,1.4,2.0,0.6,1.8,3.8,,,1.73,3.53,4.52
fyVsGKVO,2020,2020-11-20 17:30:00,,Poli Iasi,FC Arges,1,1,,,14.0,4.0,6.0,3.0,8.0,1.0,5.0,6.0,5,4,1,0,18.0,21.0,1.0,6.0,27.0,19.0,32.0,26.0,2.0,5.0,1122.0425964580816,1153.74104767602,9.247733791820792,40.946185009759084,13.0,4.4,2.6,4.0,48.8,0.2,3.2,0.0,2.0,2.8,11.0,6.4,3.0,3.6,42.8,1.0,1.2,1.4,2.0,3.6,,,2.29,3.05,3.18
zk34XL0a,2020,2020-11-20 20:30:00,,Dinamo Bucuresti,FC Voluntari,3,0,55.0,45.0,17.0,7.0,10.0,1.0,7.0,6.0,4.0,8.0,2,1,0,0,14.0,14.0,5.0,2.0,16.0,19.0,22.0,21.0,1.0,7.0,1158.0374700993568,1188.0883540930722,10.875342890971979,40.92622688468733,5.0,9.8,4.0,6.2,52.25,0.8,1.8,0.2,3.0,2.0,13.0,8.0,4.2,7.6,49.6,1.6,1.4,1.2,2.6,2.6,,,2.18,3.25,3.19
p0AizOGt,2020,2020-11-21 13:00:00,,LPS HD Clinceni,FC Viitorul,1,0,44.0,56.0,6.0,15.0,2.0,8.0,4.0,7.0,5.0,9.0,5,2,1,0,12.0,14.0,3.0,4.0,18.0,15.0,25.0,19.0,8.0,1.0,1231.5333979472105,1222.6060638772972,51.11195016537863,42.18461609546535,14.0,4.6,2.4,2.6,42.5,1.0,0.4,2.0,2.4,2.8,12.0,8.0,4.2,4.6,53.6,2.0,0.8,2.2,2.6,3.8,,,4.17,3.46,1.81
6Fb0Y1og,2020,2020-11-21 19:30:00,,FC Botosani,Univ. Craiova,0,0,,,5.0,10.0,0.0,6.0,5.0,4.0,2.0,7.0,2,3,0,0,16.0,13.0,0.0,0.0,13.0,16.0,23.0,23.0,6.0,0.0,1180.6216835368305,1256.2334269984449,-32.78667226269022,42.82507119892421,13.0,7.8,3.0,4.8,46.0,1.2,2.4,0.6,1.6,2.6,14.0,10.8,5.0,8.4,54.0,0.6,0.4,1.8,1.4,1.6,,,5.04,3.47,1.68
GpWwH0GI,2020,2020-11-22 17:00:00,,FC Hermannstadt,Astra Giurgiu,0,1,,,7.0,7.0,4.0,4.0,3.0,3.0,4.0,6.0,4,4,0,0,20.0,14.0,1.0,0.0,14.0,21.0,29.0,15.0,3.0,4.0,1190.606938046824,1131.970873618798,101.53170200219188,42.895637574165676,15.0,6.2,2.4,6.4,46.5,0.6,1.8,0.6,2.8,4.4,7.0,7.4,3.8,3.8,49.4,1.4,1.4,0.8,2.0,3.6,,,2.68,3.14,2.57
8vJPv48P,2020,2020-11-22 20:00:00,,CFR Cluj,UTA Arad,0,1,56.0,44.0,9.0,4.0,4.0,2.0,5.0,2.0,11.0,1.0,1,4,0,0,16.0,17.0,1.0,1.0,18.0,17.0,21.0,13.0,1.0,4.0,1246.83603340375,1204.3812104561034,84.38731982157037,41.932496873923874,14.0,9.6,3.8,5.2,53.8,1.4,0.8,2.0,2.6,1.4,12.0,8.8,4.4,4.8,,1.2,1.2,1.6,2.6,2.2,,,1.39,4.16,8.3
SOadZsWn,2020,2020-11-23 18:00:00,,Chindia Targoviste,Sepsi Sf. Gheorghe,1,2,48.0,52.0,3.0,10.0,1.0,7.0,2.0,3.0,1.0,2.0,4,3,0,0,14.0,16.0,1.0,1.0,17.0,15.0,26.0,30.0,5.0,0.0,1202.6130278224966,1222.286525730204,21.330333924370507,41.0038318320778,16.0,5.4,3.0,3.2,49.5,0.8,0.6,1.8,1.4,2.8,16.0,11.0,5.4,4.4,54.8,1.6,0.8,2.0,2.8,0.6,,,4.02,3.0,2.0
Eu28WuG5,2020,2020-11-23 21:00:00,,Gaz Metan Medias,FCSB,2,3,,,7.0,13.0,5.0,8.0,2.0,5.0,1.0,6.0,4,1,0,0,14.0,10.0,2.0,5.0,15.0,16.0,23.0,34.0,5.0,3.0,1203.1148234990728,1285.2865267364375,-41.963858868595025,40.20784436876964,14.0,6.8,3.2,2.8,48.2,1.4,1.2,1.4,4.2,2.6,15.0,10.0,6.4,6.0,57.75,3.2,0.6,3.0,2.4,2.2,,,6.62,4.13,1.45
d4iDVaVB,2020,2020-12-04 17:15:00,,FC Voluntari,LPS HD Clinceni,3,3,42.0,58.0,10.0,18.0,6.0,7.0,4.0,11.0,5.0,7.0,3,3,0,0,20.0,10.0,2.0,2.0,12.0,22.0,16.0,19.0,4.0,3.0,1171.3098312826987,1240.0727993266619,-29.21497534613809,39.54799269782518,13.0,6.8,3.2,7.6,48.2,1.0,1.6,0.6,2.2,3.8,13.0,5.0,2.6,3.4,42.8,1.2,0.4,2.4,3.0,4.0,,,,,
S28OScFU,2020,2020-12-04 20:30:00,,FC Arges,Dinamo Bucuresti,0,1,,,8.0,7.0,4.0,3.0,4.0,4.0,5.0,5.0,4,5,0,1,15.0,14.0,2.0,2.0,16.0,17.0,27.0,19.0,2.0,4.0,1154.00715601031,1174.8159929097303,18.802073172090786,39.610910071511114,14.0,6.4,3.4,4.2,45.75,1.2,1.2,1.6,2.6,4.0,14.0,11.6,5.0,5.6,52.8,1.0,1.2,0.8,2.6,2.2,,,,,
6TwZn10n,2020,2020-12-05 14:30:00,,Sepsi Sf. Gheorghe,FC Botosani,2,2,51.0,49.0,13.0,3.0,6.0,2.0,7.0,1.0,8.0,2.0,5,3,0,0,19.0,12.0,0.0,1.0,13.0,19.0,20.0,12.0,0.0,4.0,1232.899691907646,1181.56256854005,90.15748547699309,38.82036210939713,11.0,10.8,6.0,3.4,51.4,1.8,1.0,2.0,3.0,0.4,13.0,7.8,2.8,3.4,45.333333333333336,1.2,2.0,0.8,1.8,3.8,,,,,
lC9KTw0O,2020,2020-12-05 21:30:00,,FCSB,UTA Arad,3,0,64.0,36.0,18.0,1.0,10.0,0.0,8.0,1.0,8.0,1.0,2,5,0,1,10.0,20.0,0.0,0.0,20.0,10.0,34.0,25.0,0.0,7.0,1294.0845490156971,1216.7634110140511,115.95113339439968,38.62999539275362,12.0,11.4,7.4,6.4,57.75,3.2,0.6,3.0,1.4,2.2,13.0,8.0,4.4,4.6,48.333333333333336,1.4,1.2,2.0,3.2,2.8,,,,,
fkAGUJpI,2020,2020-12-06 18:30:00,,Poli Iasi,CFR Cluj,0,2,,,7.0,13.0,2.0,7.0,5.0,6.0,1.0,4.0,2,4,0,0,15.0,14.0,2.0,0.0,14.0,17.0,23.0,29.0,5.0,2.0,1121.7764881237915,1234.4538328458023,-73.16643536003335,39.5109093619774,16.0,6.8,3.8,4.2,51.25,0.4,3.2,0.2,2.8,2.4,13.0,9.4,3.8,6.4,56.0,1.2,0.8,1.8,1.6,1.2,,,,,
0jwwnLFh,2020,2020-12-07 16:45:00,,Astra Giurgiu,Chindia Targoviste,0,0,,,4.0,3.0,2.0,1.0,2.0,2.0,1.0,1.0,4,2,0,0,14.0,9.0,1.0,3.0,12.0,15.0,15.0,27.0,1.0,2.0,1144.812749622022,1191.9998616450546,-8.51674287100741,38.67036915202521,14.0,7.2,4.0,3.8,49.75,1.2,0.8,1.4,2.2,3.8,13.0,5.0,2.8,2.6,48.5,0.6,1.0,1.2,2.0,3.6,,,,,
SxuVmsot,2020,2020-12-07 19:00:00,,Univ. Craiova,Gaz Metan Medias,3,1,53.0,47.0,11.0,7.0,6.0,3.0,5.0,4.0,5.0,4.0,0,2,0,0,17.0,16.0,2.0,3.0,19.0,19.0,18.0,20.0,2.0,3.0,1255.2925419952253,1194.3168012198132,99.66449111321708,38.68875033780496,15.0,10.0,5.2,8.2,51.666666666666664,0.4,0.4,1.4,1.8,1.6,13.0,6.8,3.6,2.6,49.0,1.6,1.6,1.2,4.2,3.0,,,,,
fDbC0KUo,2020,2020-12-11 18:00:00,,FC Botosani,Astra Giurgiu,1,1,,,11.0,4.0,7.0,3.0,4.0,1.0,7.0,4.0,2,5,0,0,11.0,12.0,2.0,1.0,13.0,13.0,20.0,17.0,2.0,6.0,1184.1007914286301,1145.0578320990853,78.49619123499087,39.453231905446096,6.0,6.8,2.4,3.2,48.666666666666664,1.4,2.0,1.0,1.8,4.0,4.0,6.4,3.2,3.0,50.333333333333336,1.2,0.6,1.6,2.6,3.4,,,,,
z9VkqJaB,2020,2020-12-11 20:30:00,,Dinamo Bucuresti,Poli Iasi,4,1,51.0,49.0,10.0,4.0,8.0,1.0,2.0,3.0,4.0,1.0,1,2,0,0,19.0,14.0,1.0,1.0,15.0,20.0,26.0,32.0,0.0,4.0,1185.3566324045835,1110.569285324429,114.0739567814378,39.28660970128339,7.0,11.4,5.0,4.6,52.0,1.2,1.0,1.4,3.0,2.6,5.0,7.4,4.0,3.4,50.333333333333336,0.2,2.8,0.2,3.0,2.8,,,,,
Y3cGavph,2020,2020-12-12 17:00:00,,Gaz Metan Medias,Sepsi Sf. Gheorghe,0,3,,,6.0,9.0,4.0,5.0,2.0,4.0,8.0,6.0,3,3,0,0,20.0,13.0,2.0,1.0,14.0,22.0,29.0,27.0,2.0,4.0,1184.1237136512648,1230.361469019066,-6.063929304587646,40.17382606321347,4.0,6.8,3.8,2.0,48.0,1.8,2.0,1.2,4.2,2.8,7.0,11.0,5.8,4.4,52.4,1.4,1.2,1.6,3.6,0.4,,,3.59,3.15,2.06
tAAUyyho,2020,2020-12-12 19:30:00,,Chindia Targoviste,FC Viitorul,1,1,52.0,48.0,18.0,4.0,11.0,3.0,7.0,1.0,2.0,4.0,0,3,0,1,11.0,11.0,2.0,0.0,11.0,13.0,26.0,9.0,2.0,10.0,1191.7547791679913,1214.0666624978458,16.585574946445377,38.89745827629982,5.0,4.4,2.0,2.2,48.333333333333336,0.4,1.0,0.8,2.0,3.6,21.0,10.0,5.2,6.0,53.8,1.8,0.8,2.0,2.4,3.4,,,4.51,3.29,1.8
MPTcscUN,2020,2020-12-13 11:30:00,,LPS HD Clinceni,FC Arges,1,0,55.0,45.0,14.0,5.0,3.0,2.0,11.0,3.0,9.0,1.0,2,4,0,1,13.0,17.0,4.0,1.0,18.0,17.0,25.0,24.0,2.0,2.0,1239.2339010108494,1143.4665165154568,134.62906710162656,38.861682606234,8.0,8.4,3.8,4.6,46.6,1.8,0.6,2.6,3.0,4.2,8.0,6.4,3.4,3.8,43.666666666666664,1.0,1.4,1.0,3.0,3.2,,,2.02,3.22,3.65
4lJ2tHqU,2020,2020-12-13 18:15:00,,FC Hermannstadt,FC Voluntari,3,2,47.0,53.0,10.0,8.0,7.0,4.0,3.0,4.0,5.0,3.0,5,1,0,0,9.0,9.0,2.0,1.0,10.0,11.0,14.0,17.0,2.0,4.0,1177.7650620436,1172.1487295985112,44.951116944132764,39.33478449904396,21.0,5.8,2.4,5.0,43.666666666666664,0.4,1.8,0.4,3.2,4.6,9.0,6.6,3.0,6.8,46.4,1.6,1.8,0.8,2.4,4.0,,,3.65,3.3,1.96
rZUgrwFH,2020,2020-12-13 21:00:00,,CFR Cluj,FCSB,2,0,,,7.0,15.0,3.0,6.0,4.0,9.0,2.0,5.0,9,3,0,0,17.0,11.0,0.0,2.0,13.0,17.0,25.0,31.0,6.0,1.0,1245.6610356451647,1305.8300686053474,-20.18074542264776,39.98828753753492,7.0,10.0,4.2,6.0,54.75,1.2,0.6,1.8,2.2,1.0,7.0,12.8,8.6,6.6,58.5,3.4,0.6,3.0,1.4,2.0,,,2.45,2.94,3.0
dIWopap5,2020,2020-12-14 19:00:00,,UTA Arad,Univ. Craiova,1,2,48.0,52.0,4.0,5.0,2.0,5.0,2.0,0.0,3.0,5.0,4,3,1,0,16.0,12.0,2.0,1.0,13.0,18.0,34.0,29.0,3.0,1.0,1205.017891424401,1265.4856295637737,-19.357251330680356,41.11048680869242,8.0,6.4,3.8,3.0,45.25,1.2,1.6,1.8,4.0,3.6,7.0,11.2,5.8,8.6,54.666666666666664,0.8,0.6,1.4,1.2,1.4,,,5.48,3.51,1.63
UVjPcIE4,2020,2020-12-15 18:45:00,,Astra Giurgiu,Gaz Metan Medias,3,0,,,5.0,12.0,5.0,5.0,0.0,7.0,2.0,4.0,3,3,0,0,18.0,18.0,1.0,1.0,19.0,19.0,15.0,26.0,5.0,2.0,1147.2794614879215,1167.105476492416,20.576214607506927,40.40222961200143,4.0,4.8,2.6,3.4,,0.6,0.8,1.2,3.0,3.4,3.0,6.2,4.0,2.6,46.333333333333336,1.6,2.2,1.2,3.4,3.0,,,2.27,3.13,3.1
OhjTdxUA,2020,2020-12-15 21:00:00,,FC Viitorul,FC Botosani,1,2,60.0,40.0,17.0,8.0,9.0,6.0,8.0,2.0,10.0,6.0,1,5,0,1,15.0,14.0,2.0,2.0,16.0,17.0,29.0,12.0,4.0,8.0,1214.5436714320567,1181.879162039794,74.28893385654692,41.62442446428409,3.0,8.4,4.8,6.2,53.6,1.6,1.0,1.6,2.2,4.0,4.0,7.6,3.4,4.2,,1.2,2.0,0.6,2.0,4.0,,,1.93,3.38,3.7
drrtfzET,2020,2020-12-16 15:00:00,,Poli Iasi,LPS HD Clinceni,0,0,,,12.0,4.0,5.0,3.0,7.0,1.0,5.0,2.0,4,5,1,0,12.0,27.0,4.0,1.0,28.0,16.0,19.0,25.0,3.0,5.0,1098.739733832028,1245.5419262483156,-106.08573345455147,40.716458961736286,4.0,6.4,3.0,2.0,49.666666666666664,0.4,2.8,0.2,2.4,3.2,3.0,10.0,3.8,6.2,49.6,1.8,0.6,2.6,3.0,4.0,,,2.86,3.06,2.47
IiqxeGbN,2020,2020-12-16 17:00:00,,FC Arges,FC Hermannstadt,2,2,65.0,35.0,8.0,6.0,6.0,3.0,2.0,3.0,7.0,5.0,3,3,0,0,15.0,13.0,0.0,2.0,15.0,15.0,28.0,22.0,1.0,4.0,1137.1584912779906,1186.478435890146,-8.381342283758386,40.93860232839717,3.0,5.8,3.0,3.8,47.333333333333336,0.6,1.2,0.8,3.0,2.4,2.0,6.4,3.0,5.4,44.5,0.8,2.0,0.8,4.2,4.6,,,2.57,2.95,2.84
zTgXedqH,2020,2020-12-16 19:30:00,,FC Voluntari,Chindia Targoviste,0,2,46.0,54.0,5.0,11.0,2.0,6.0,3.0,5.0,2.0,3.0,2,2,0,0,13.0,13.0,1.0,4.0,17.0,14.0,27.0,31.0,4.0,2.0,1163.435355751965,1191.2777702337803,13.114276919486201,40.95669140130136,3.0,8.0,3.8,7.2,48.4,2.0,2.2,0.8,2.0,4.4,4.0,7.2,3.6,2.0,48.333333333333336,0.6,1.0,1.0,1.6,3.2,,,2.74,3.07,2.57
juhLbbab,2020,2020-12-17 17:30:00,,Sepsi Sf. Gheorghe,UTA Arad,3,0,,,9.0,5.0,4.0,2.0,5.0,3.0,5.0,4.0,0,3,0,0,11.0,19.0,1.0,1.0,20.0,12.0,34.0,23.0,2.0,1.0,1247.3797061779146,1195.5744621351876,91.66125867769529,39.85601463496821,5.0,9.8,5.2,4.6,52.0,1.6,1.2,1.6,3.8,0.8,2.0,5.6,3.2,2.6,45.25,1.2,2.0,1.2,3.8,3.6,,,1.49,3.86,6.53
lzz8kfMp,2020,2020-12-17 20:30:00,,Dinamo Bucuresti,CFR Cluj,0,2,46.0,54.0,8.0,5.0,3.0,3.0,5.0,2.0,4.0,4.0,6,3,1,0,21.0,17.0,1.0,3.0,20.0,22.0,22.0,23.0,1.0,3.0,1197.1861838969846,1260.6236925939313,-22.617435248133233,40.82007344881333,6.0,12.4,6.2,5.2,53.25,2.0,0.8,2.0,2.8,1.4,3.0,9.8,4.2,5.4,54.0,1.4,0.6,1.8,3.6,2.2,,,4.34,3.21,1.85
SQYBlEyi,2020,2020-12-18 20:30:00,,Univ. Craiova,FCSB,0,2,52.0,48.0,12.0,11.0,6.0,7.0,6.0,4.0,4.0,7.0,2,1,0,0,16.0,16.0,0.0,6.0,22.0,16.0,27.0,20.0,5.0,6.0,1274.929058852987,1290.8674116565808,23.890010183361028,39.828362986954716,4.0,9.6,6.2,7.4,52.0,1.2,0.6,2.0,1.6,1.2,4.0,12.8,7.2,6.4,56.333333333333336,2.4,1.0,2.4,1.8,2.0,,,3.12,3.09,2.29
p23ddQfc,2020,2020-12-19 15:00:00,,Chindia Targoviste,FC Arges,2,2,51.0,49.0,9.0,9.0,6.0,6.0,3.0,3.0,3.0,2.0,2,2,0,0,14.0,12.0,4.0,0.0,12.0,18.0,20.0,23.0,4.0,4.0,1205.9534604515557,1137.3996789167134,107.24866704637111,38.69488551152875,2.0,8.6,4.2,1.6,51.333333333333336,1.0,0.6,1.6,2.0,3.2,2.0,5.4,3.2,4.4,53.0,0.6,1.4,0.4,3.2,2.6,,,2.03,3.02,3.91
URbxzzve,2020,2020-12-19 20:30:00,,Gaz Metan Medias,FC Viitorul,1,0,48.0,52.0,6.0,8.0,2.0,3.0,4.0,5.0,1.0,4.0,5,2,0,0,19.0,21.0,0.0,3.0,24.0,19.0,26.0,43.0,3.0,1.0,1150.8095451286472,1202.4374647314194,-13.157465340234467,38.4704542625378,4.0,7.4,4.4,3.4,,1.2,2.6,0.6,2.8,3.2,3.0,9.6,5.0,6.2,52.4,1.4,1.0,1.4,2.2,4.4,,,4.53,3.7,1.7
vP20epA3,2020,2020-12-20 14:00:00,,FC Hermannstadt,Poli Iasi,0,1,43.0,57.0,4.0,8.0,1.0,4.0,3.0,4.0,5.0,6.0,6,4,0,0,17.0,16.0,2.0,0.0,16.0,19.0,25.0,44.0,3.0,1.0,1186.2372482514234,1101.7016453875062,123.78444622838356,39.24884336446642,3.0,6.6,3.4,5.4,44.5,1.2,1.4,1.0,4.2,3.8,3.0,8.4,3.6,2.6,,0.4,2.2,0.4,3.2,3.4,,,2.35,3.05,3.05
CjlsZgg1,2020,2020-12-20 16:30:00,,FC Botosani,FC Voluntari,1,1,,,12.0,6.0,4.0,2.0,8.0,4.0,6.0,1.0,1,2,0,0,10.0,14.0,1.0,0.0,14.0,11.0,14.0,22.0,1.0,3.0,1193.9853687404313,1148.7596655341897,83.46809651914987,38.24239331290819,4.0,7.0,3.8,3.6,46.333333333333336,1.2,1.6,1.2,2.8,4.8,3.0,8.2,4.0,5.8,47.2,1.8,2.2,0.8,1.8,4.6,,,1.67,3.73,4.7
IF14f4P9,2020,2020-12-20 21:00:00,,LPS HD Clinceni,Dinamo Bucuresti,1,1,45.0,55.0,7.0,8.0,2.0,4.0,5.0,4.0,3.0,5.0,0,1,0,0,19.0,20.0,3.0,0.0,20.0,22.0,27.0,25.0,3.0,1.0,1242.5800146928373,1183.9633777388697,96.68223809727237,38.06560114330473,4.0,10.0,4.0,6.0,50.0,1.4,0.6,2.2,3.6,4.0,3.0,10.8,5.6,4.2,51.75,1.8,0.8,2.0,3.2,1.4,,,3.27,3.14,2.2
GOfYzGOl,2020,2020-12-21 17:30:00,,UTA Arad,Astra Giurgiu,0,6,49.0,51.0,8.0,7.0,2.0,6.0,6.0,1.0,1.0,2.0,6,2,1,0,17.0,13.0,0.0,2.0,15.0,17.0,20.0,17.0,0.0,2.0,1182.7203446172527,1163.5753928516904,57.00707285519297,37.862121089630485,4.0,4.6,2.2,3.4,45.25,0.6,2.2,0.6,3.8,3.4,5.0,4.8,3.2,3.0,,1.2,0.4,1.8,3.4,3.8,,,2.8,2.85,2.69
M1eUyd9r,2020,2020-12-21 20:30:00,,FCSB,Sepsi Sf. Gheorghe,1,1,62.0,38.0,5.0,11.0,3.0,5.0,2.0,6.0,2.0,1.0,3,2,0,0,16.0,30.0,1.0,1.0,31.0,17.0,42.0,16.0,4.0,2.0,1305.9804446622602,1260.2338236958494,81.47286763310763,35.72624666669687,3.0,13.6,7.8,7.0,54.0,2.4,1.0,2.4,1.8,2.6,4.0,9.8,5.0,5.0,52.0,2.2,0.8,2.2,3.2,1.2,,,1.69,3.59,4.79
pxY0gOvG,2020,2020-12-22 21:00:00,,CFR Cluj,Univ. Craiova,0,0,,,5.0,9.0,1.0,4.0,4.0,5.0,6.0,4.0,3,2,0,0,7.0,10.0,0.0,1.0,11.0,7.0,30.0,16.0,4.0,1.0,1273.8464987520463,1259.8160258473076,49.58400059635778,35.55352769161903,5.0,9.0,4.4,4.6,53.666666666666664,1.6,0.2,2.4,3.4,2.6,4.0,9.4,5.6,7.0,52.333333333333336,1.0,1.0,1.4,1.6,1.8,,,1.76,3.27,4.92
EgssouVb,2020,2021-01-10 19:00:00,,FC Viitorul,FC Hermannstadt,2,1,45.0,55.0,21.0,2.0,9.0,1.0,12.0,1.0,9.0,1.0,2,1,0,0,12.0,13.0,1.0,1.0,14.0,13.0,30.0,16.0,0.0,7.0,1192.0589433723712,1172.817914230647,54.688241969870205,35.44721282814589,21.0,10.6,5.2,6.0,52.8,0.8,1.2,0.8,2.4,4.2,21.0,6.6,3.2,5.0,43.0,1.2,1.4,1.0,4.4,2.8,,,,,
URK7kFwr,2020,2021-01-12 17:00:00,,Gaz Metan Medias,FC Voluntari,2,0,53.0,47.0,8.0,3.0,4.0,2.0,4.0,1.0,5.0,4.0,2,3,0,0,16.0,23.0,2.0,3.0,26.0,18.0,28.0,30.0,2.0,2.0,1161.1880664876953,1151.116894462236,46.15129621419351,36.08012418873405,23.0,7.6,3.8,3.6,,0.8,2.4,0.6,3.4,3.0,23.0,7.2,3.0,3.8,46.5,1.2,2.4,0.4,1.8,4.4,0.0,3.0,,,
ImuXeH0E,2020,2021-01-12 19:45:00,,Univ. Craiova,Sepsi Sf. Gheorghe,0,0,54.0,46.0,3.0,5.0,1.0,3.0,2.0,2.0,3.0,5.0,3,4,1,1,11.0,12.0,1.0,0.0,12.0,12.0,35.0,33.0,3.0,1.0,1261.233557360283,1262.536743363554,35.69752937598764,37.0007153792587,20.0,9.4,5.4,5.0,52.333333333333336,1.0,0.8,1.6,2.0,1.8,21.0,10.4,5.4,4.4,47.0,2.2,0.8,2.2,2.6,1.6,3.0,0.0,,,
QgEGmg8f,2020,2021-01-13 17:00:00,,Chindia Targoviste,Poli Iasi,1,1,50.0,50.0,7.0,8.0,1.0,4.0,6.0,4.0,1.0,6.0,2,3,0,0,17.0,12.0,4.0,1.0,13.0,21.0,32.0,27.0,3.0,0.0,1202.9610437983429,1115.1209794082827,124.76399048131975,36.92392609125957,25.0,8.8,5.0,2.0,51.25,1.2,1.0,1.2,2.0,3.0,24.0,9.0,3.6,3.6,,0.6,1.4,1.0,3.4,3.0,0.0,3.0,2.36,2.92,3.17
jsmoYD87,2020,2021-01-13 19:00:00,,FC Hermannstadt,Dinamo Bucuresti,0,2,44.0,56.0,7.0,4.0,2.0,3.0,5.0,1.0,5.0,3.0,0,2,0,0,19.0,22.0,2.0,1.0,23.0,21.0,25.0,34.0,1.0,2.0,1164.3790960894714,1186.676445121193,14.368261521030945,36.66561055275244,3.0,5.8,3.2,4.0,45.0,1.2,1.6,0.8,3.8,3.8,23.0,10.0,5.6,4.4,51.75,1.8,0.8,2.0,3.0,1.4,1.0,1.0,2.7,3.04,2.62
8IJBlZhl,2020,2021-01-14 17:00:00,,FC Botosani,FC Arges,0,1,,,9.0,5.0,5.0,2.0,4.0,3.0,9.0,0.0,5,4,0,0,22.0,13.0,4.0,1.0,14.0,26.0,21.0,26.0,1.0,5.0,1191.6281398123851,1140.3920955699261,86.79715581899791,35.561111576538956,25.0,7.8,3.8,4.6,,1.2,1.0,1.4,2.6,4.2,26.0,6.8,4.2,4.2,53.0,1.0,1.4,0.6,3.4,2.8,3.0,0.0,1.61,3.61,5.51
vctTdco8,2020,2021-01-14 20:00:00,,CFR Cluj,LPS HD Clinceni,3,1,58.0,42.0,7.0,10.0,4.0,7.0,3.0,3.0,9.0,1.0,3,3,0,0,22.0,17.0,1.0,1.0,18.0,23.0,27.0,25.0,6.0,1.0,1272.428967239071,1239.866947310514,67.1895677967766,34.62754786821968,22.0,7.8,3.6,5.4,,1.2,0.2,2.0,4.0,3.2,24.0,9.8,3.4,5.2,50.5,1.2,0.8,1.8,3.0,4.2,3.0,0.0,1.45,3.88,7.37
CnYufeVQ,2020,2021-01-15 17:00:00,,UTA Arad,FC Viitorul,0,0,49.0,51.0,7.0,3.0,2.0,2.0,5.0,1.0,2.0,2.0,1,2,0,1,23.0,20.0,0.0,0.0,20.0,23.0,31.0,41.0,2.0,2.0,1154.2420189781378,1200.4977615135467,-10.770133153641154,35.48560938176764,24.0,4.4,1.6,2.0,44.25,0.4,2.8,0.6,4.4,3.0,4.0,13.0,6.4,7.2,52.2,0.8,1.2,0.8,2.0,3.2,1.0,1.0,4.16,3.47,1.81
0CUyeyGK,2020,2021-01-15 20:00:00,,FCSB,Astra Giurgiu,3,0,55.0,45.0,12.0,4.0,8.0,2.0,4.0,2.0,4.0,0.0,2,1,0,0,15.0,11.0,1.0,0.0,11.0,16.0,21.0,17.0,2.0,5.0,1303.6775249945556,1192.0537184908053,147.13265764269295,35.50885113894254,24.0,12.4,6.8,5.6,58.0,1.8,1.0,2.0,2.0,2.8,25.0,5.4,4.0,3.0,,2.2,0.2,2.2,3.6,3.6,3.0,0.0,1.42,4.33,6.94
4pDKnDN0,2020,2021-01-16 20:00:00,,Dinamo Bucuresti,Chindia Targoviste,0,1,,,5.0,3.0,1.0,1.0,4.0,2.0,3.0,4.0,5,3,0,0,13.0,24.0,0.0,2.0,26.0,13.0,38.0,32.0,0.0,1.0,1201.4030981373728,1199.516836618248,38.174717871809435,36.28845635268463,3.0,7.4,4.2,4.2,52.0,1.6,0.8,2.0,3.0,1.6,3.0,9.6,5.0,2.0,51.75,1.2,0.8,1.4,1.6,2.6,0.0,3.0,2.15,3.11,3.41
2uuo3Y7s,2020,2021-01-17 14:30:00,,FC Arges,Gaz Metan Medias,1,1,,,6.0,2.0,3.0,2.0,3.0,0.0,2.0,3.0,2,1,0,0,7.0,16.0,4.0,3.0,19.0,11.0,31.0,34.0,1.0,2.0,1152.8396116808499,1173.4626156946906,14.833375615403611,35.45637962924438,2.0,7.0,4.0,3.0,53.0,1.0,1.2,1.0,3.4,2.8,4.0,7.8,3.6,4.4,49.333333333333336,0.8,1.8,1.2,3.0,2.4,0.0,3.0,2.5,2.91,2.95
EFfB9zVD,2020,2021-01-17 16:45:00,,Sepsi Sf. Gheorghe,CFR Cluj,0,1,56.0,44.0,10.0,5.0,4.0,2.0,6.0,3.0,4.0,4.0,4,2,1,0,17.0,19.0,1.0,2.0,21.0,18.0,20.0,25.0,1.0,4.0,1263.5606005368759,1283.8697874197103,15.115191772275466,35.4243786551098,4.0,9.4,4.6,5.0,45.0,1.8,0.6,1.8,2.8,1.8,2.0,7.4,3.6,5.0,,1.8,0.2,2.6,4.4,4.2,1.0,1.0,3.22,2.89,2.35
b7COoXx7,2020,2021-01-17 19:00:00,,LPS HD Clinceni,FC Hermannstadt,0,0,50.0,50.0,3.0,8.0,1.0,5.0,2.0,3.0,2.0,2.0,2,3,0,0,15.0,16.0,2.0,0.0,16.0,17.0,29.0,36.0,5.0,1.0,1228.4261271298747,1149.6524430732916,113.41545451716343,34.641770460580354,2.0,10.6,4.4,4.4,50.0,1.2,1.4,1.2,2.6,2.8,4.0,5.8,2.8,4.2,44.8,1.2,1.8,0.8,3.0,3.4,1.0,1.0,2.19,3.14,3.25
p4Uk2hNm,2020,2021-01-18 17:00:00,,Poli Iasi,FC Botosani,0,1,44.0,56.0,4.0,7.0,1.0,4.0,3.0,3.0,1.0,5.0,1,1,0,0,11.0,9.0,3.0,5.0,14.0,14.0,29.0,32.0,3.0,1.0,1118.5651865883776,1179.1806237014614,-26.210152651258113,34.40528446182562,5.0,7.8,3.2,3.8,52.0,0.6,1.4,1.0,3.0,2.6,4.0,8.6,4.8,6.0,,1.2,1.2,1.2,3.2,3.2,0.0,3.0,3.0,3.15,2.32
h6gF8fpK,2020,2021-01-18 20:00:00,,Astra Giurgiu,Univ. Craiova,1,1,45.0,55.0,3.0,12.0,2.0,5.0,1.0,7.0,2.0,6.0,2,3,0,0,11.0,19.0,4.0,3.0,22.0,15.0,17.0,17.0,4.0,1.0,1181.6589823075774,1260.209700186961,-44.83896134232941,33.71175653705435,3.0,4.8,3.6,1.8,,2.0,0.8,1.6,3.0,3.8,6.0,8.0,4.4,4.2,52.75,1.0,0.8,1.6,2.0,2.4,0.0,3.0,3.98,3.23,1.92
CAGSpihD,2020,2021-01-19 17:00:00,,FC Voluntari,UTA Arad,0,1,,,2.0,11.0,1.0,6.0,1.0,5.0,4.0,6.0,0,0,0,0,19.0,21.0,0.0,0.0,21.0,19.0,28.0,29.0,5.0,1.0,1138.8423452552406,1154.5519090738032,18.098451570652514,33.80801538921519,7.0,6.4,3.2,3.0,47.0,1.2,2.2,0.4,2.2,3.4,4.0,5.0,1.6,2.2,45.5,0.2,2.8,0.2,3.8,2.6,1.0,1.0,2.65,2.94,2.74
0WhJ7EaQ,2020,2021-01-19 20:00:00,,FC Viitorul,FCSB,2,2,36.0,64.0,7.0,12.0,6.0,6.0,1.0,6.0,5.0,7.0,4,1,0,0,15.0,14.0,4.0,0.0,14.0,19.0,19.0,20.0,5.0,4.0,1200.1878714178813,1314.0722611777835,-80.86540771929276,33.018982040609544,4.0,10.6,5.2,5.8,51.2,0.8,1.0,1.0,2.0,3.4,4.0,12.2,6.8,5.2,57.25,1.8,0.6,2.0,2.2,2.6,0.0,3.0,3.57,3.42,1.97
ldR6bAMC,2020,2021-01-22 17:00:00,,Chindia Targoviste,LPS HD Clinceni,2,1,51.0,49.0,7.0,6.0,4.0,3.0,3.0,3.0,4.0,6.0,3,5,0,0,17.0,10.0,2.0,0.0,10.0,19.0,23.0,23.0,2.0,2.0,1210.6111929307847,1225.2729804798116,18.52867120450287,33.190458753529924,5.0,9.6,5.0,2.6,51.75,1.4,0.8,1.8,1.8,2.4,4.0,7.6,3.2,3.4,48.0,0.6,0.8,1.2,2.4,3.2,,,2.58,2.77,3.0
pI9OGixs,2020,2021-01-22 20:00:00,,FCSB,FC Voluntari,2,1,63.0,37.0,12.0,4.0,4.0,3.0,8.0,1.0,9.0,2.0,3,2,0,0,17.0,18.0,1.0,3.0,21.0,18.0,24.0,23.0,2.0,2.0,1311.7859050055117,1128.3219006071654,217.36450367520638,33.9004992768601,3.0,11.0,6.0,5.0,57.25,1.6,1.0,1.6,2.0,3.4,3.0,4.8,2.2,2.8,48.666666666666664,0.6,1.8,0.2,1.6,3.6,0.0,3.0,1.18,6.49,13.28
tjEhMDEJ,2020,2021-01-23 12:30:00,,Sepsi Sf. Gheorghe,Astra Giurgiu,4,1,,,9.0,4.0,6.0,1.0,3.0,3.0,0.0,6.0,1,1,0,0,17.0,17.0,2.0,2.0,19.0,19.0,24.0,28.0,0.0,2.0,1253.1258246098166,1182.942433669722,104.41761579373178,34.23422485363726,5.0,8.8,4.2,4.2,46.666666666666664,1.4,0.4,1.6,2.6,2.0,4.0,4.6,3.6,2.0,47.0,2.2,1.0,1.6,2.6,4.4,1.0,1.0,1.92,3.17,4.13
b7Yg1Cxf,2020,2021-01-23 16:30:00,,UTA Arad,FC Arges,1,2,54.0,46.0,5.0,4.0,2.0,2.0,3.0,2.0,4.0,3.0,2,0,1,0,19.0,14.0,2.0,2.0,16.0,21.0,35.0,25.0,0.0,1.0,1165.0723537218785,1152.412932025722,47.81361893060739,35.154197234450876,3.0,7.0,2.8,3.2,48.666666666666664,0.4,2.2,0.8,2.8,1.4,6.0,6.6,3.8,2.4,53.0,1.2,1.2,1.2,3.0,2.6,1.0,1.0,2.06,2.92,3.96
vyXeLXTP,2020,2021-01-23 21:00:00,,Univ. Craiova,FC Viitorul,1,1,,,9.0,6.0,4.0,2.0,5.0,4.0,9.0,4.0,2,3,0,0,10.0,9.0,3.0,1.0,10.0,13.0,21.0,19.0,1.0,3.0,1258.9262488248164,1202.474227590153,90.75365116355624,34.30162992889287,5.0,8.2,4.2,4.4,53.25,0.6,0.8,1.2,2.6,2.2,4.0,11.2,5.8,6.0,48.8,1.0,1.2,1.0,2.2,2.4,3.0,0.0,1.99,3.23,3.71
hUXc0Wi0,2020,2021-01-24 18:00:00,,Gaz Metan Medias,Poli Iasi,2,1,,,9.0,6.0,5.0,4.0,4.0,2.0,5.0,4.0,4,2,0,0,16.0,15.0,1.0,1.0,16.0,17.0,30.0,28.0,3.0,3.0,1173.8892953498184,1109.3181475914273,98.68120748014735,34.110059721756215,7.0,6.8,3.4,4.2,,0.8,1.4,1.4,2.8,2.2,6.0,7.2,3.0,3.8,50.0,0.6,1.2,1.0,2.8,2.2,3.0,0.0,2.08,3.01,3.74
WKW1aj76,2020,2021-01-24 20:00:00,,FC Botosani,Dinamo Bucuresti,4,0,,,12.0,10.0,6.0,5.0,6.0,5.0,6.0,3.0,3,3,0,0,10.0,9.0,3.0,3.0,12.0,13.0,7.0,19.0,5.0,2.0,1188.4276626984117,1190.308741824836,32.7715093182635,34.65258844468777,6.0,9.4,5.2,6.6,,1.0,0.8,1.6,2.8,2.6,8.0,7.0,3.8,3.8,52.0,1.4,1.0,1.4,3.0,0.8,1.0,1.0,1.97,3.18,3.86
SnQAcUyJ,2020,2021-01-25 20:30:00,,FC Hermannstadt,CFR Cluj,1,3,43.0,57.0,4.0,11.0,1.0,10.0,3.0,1.0,2.0,3.0,4,2,0,0,13.0,12.0,2.0,6.0,18.0,15.0,20.0,18.0,7.0,0.0,1152.8055897233546,1294.3045633467696,-105.48745304477734,36.011520578637715,8.0,5.4,2.4,3.6,45.4,0.6,1.4,0.4,2.6,3.2,8.0,5.8,2.6,5.0,52.0,1.6,0.2,2.6,4.0,4.6,0.0,3.0,6.67,3.56,1.54
0E3iA7LO,2020,2021-01-26 15:30:00,,FC Viitorul,Sepsi Sf. Gheorghe,3,3,55.0,45.0,7.0,7.0,5.0,4.0,2.0,3.0,2.0,6.0,2,3,0,0,11.0,15.0,1.0,0.0,15.0,12.0,15.0,14.0,1.0,2.0,1205.0284970186417,1265.3921230206647,-25.10027449486188,35.263351507161225,2.0,9.0,4.4,4.8,46.0,1.0,1.0,1.2,2.6,2.2,3.0,8.8,4.4,3.0,46.666666666666664,1.6,0.6,1.6,2.2,1.2,1.0,1.0,2.28,3.07,3.15
069SYjbP,2020,2021-01-26 17:30:00,,FC Voluntari,Univ. Craiova,1,1,42.0,58.0,5.0,11.0,4.0,4.0,1.0,7.0,6.0,10.0,1,1,0,0,11.0,11.0,5.0,3.0,14.0,16.0,23.0,17.0,3.0,3.0,1123.8722262501367,1256.3719793963278,-97.18231241007834,35.317440736112765,3.0,4.0,2.0,2.6,43.333333333333336,0.4,1.6,0.2,1.8,3.2,2.0,9.0,4.0,5.2,53.666666666666664,0.4,0.8,0.8,2.4,2.2,0.0,3.0,5.9,3.78,1.55
O88SFBim,2020,2021-01-26 19:45:00,,FC Arges,FCSB,0,0,,,5.0,13.0,2.0,9.0,3.0,4.0,4.0,9.0,1,2,0,0,15.0,19.0,3.0,0.0,19.0,18.0,22.0,52.0,9.0,2.0,1163.7804960998287,1316.2355793625404,-116.93316282572027,35.521920436991465,3.0,6.4,3.8,2.8,53.333333333333336,1.6,1.2,1.8,2.2,2.4,3.0,10.4,5.6,5.8,58.4,2.0,0.8,2.2,2.0,3.6,0.0,3.0,7.68,4.2,1.4
Ec1uD9y6,2020,2021-01-27 14:30:00,,LPS HD Clinceni,FC Botosani,2,1,51.0,49.0,8.0,9.0,5.0,3.0,3.0,6.0,2.0,8.0,6,4,0,1,16.0,7.0,5.0,3.0,10.0,21.0,28.0,33.0,2.0,3.0,1215.805773502076,1206.5467578177443,45.024238729533636,35.76522304520197,4.0,6.0,3.2,2.8,46.5,0.6,1.2,0.6,3.0,3.2,2.0,9.6,5.0,6.4,,1.6,0.6,2.0,3.0,3.2,1.0,1.0,3.26,3.03,2.25
hrDWEV6g,2020,2021-01-27 17:30:00,,Poli Iasi,UTA Arad,1,2,,,2.0,19.0,2.0,9.0,0.0,10.0,0.0,13.0,3,5,0,0,14.0,15.0,0.0,2.0,17.0,14.0,27.0,33.0,7.0,1.0,1102.0844312856732,1153.7047896477718,-15.201787507267682,36.41857085483091,2.0,7.6,3.6,4.4,50.333333333333336,0.6,0.8,1.0,2.8,2.0,4.0,7.2,2.8,3.4,50.666666666666664,0.4,2.2,0.8,2.4,0.8,3.0,0.0,2.72,2.89,2.72
WYBzEkMa,2020,2021-01-27 20:00:00,,Dinamo Bucuresti,Gaz Metan Medias,2,1,55.0,45.0,12.0,9.0,5.0,5.0,7.0,4.0,5.0,3.0,5,3,0,0,21.0,17.0,5.0,5.0,22.0,26.0,27.0,30.0,4.0,3.0,1172.1896467055035,1181.1230116555726,26.76800067582849,35.70136562589753,3.0,7.0,3.2,3.6,52.333333333333336,0.6,1.6,0.8,3.4,1.2,3.0,7.4,3.6,3.6,,1.2,1.0,2.0,3.0,2.4,3.0,0.0,2.11,3.11,3.5
MN4mBm6I,2020,2021-01-28 17:00:00,,FC Hermannstadt,Chindia Targoviste,1,1,59.0,41.0,4.0,8.0,1.0,3.0,3.0,5.0,1.0,2.0,3,3,0,0,17.0,24.0,2.0,0.0,24.0,19.0,31.0,31.0,2.0,0.0,1142.8300021036682,1220.0783999085204,-40.85470149289199,36.39369631196014,2.0,5.0,2.0,3.0,47.0,0.4,1.6,0.2,2.8,3.8,6.0,7.4,3.6,3.0,51.5,1.6,0.8,2.2,2.4,2.4,3.0,0.0,2.67,2.8,2.87
S05qCTjC,2020,2021-01-28 20:00:00,,CFR Cluj,Astra Giurgiu,1,1,,,16.0,6.0,9.0,2.0,7.0,4.0,8.0,2.0,0,4,0,0,14.0,14.0,1.0,0.0,14.0,15.0,33.0,19.0,1.0,8.0,1304.280150966456,1170.676135258874,170.0854997339236,36.48148402634153,2.0,6.6,4.0,5.2,53.25,1.8,0.4,2.6,2.6,3.4,5.0,4.6,3.2,2.4,47.0,2.2,1.6,1.4,1.8,3.6,3.0,0.0,1.41,4.0,8.13
KI4m7v5p,2020,2021-01-29 20:00:00,,Univ. Craiova,FC Arges,1,1,63.0,37.0,12.0,5.0,3.0,3.0,9.0,2.0,5.0,3.0,1,4,0,1,18.0,13.0,2.0,2.0,15.0,20.0,20.0,18.0,2.0,2.0,1253.6455833846117,1167.0245308759688,122.76214486199729,36.141092353354374,3.0,8.8,3.6,6.4,55.666666666666664,0.6,0.6,1.0,2.2,1.8,3.0,5.8,3.0,2.2,,1.2,0.8,1.8,1.8,4.0,3.0,0.0,1.49,3.77,6.87
Aua2Slyg,2020,2021-01-30 12:15:00,,Gaz Metan Medias,LPS HD Clinceni,1,1,48.0,52.0,7.0,6.0,2.0,2.0,5.0,4.0,4.0,9.0,4,3,1,0,12.0,16.0,1.0,1.0,17.0,13.0,23.0,21.0,1.0,1.0,1171.8919358414043,1224.5170776304617,-16.738548732700337,35.88659305635706,2.0,6.8,3.6,3.4,48.666666666666664,1.4,0.8,2.0,3.0,2.6,2.0,6.8,3.6,2.8,47.4,1.0,1.4,1.0,3.2,2.6,0.0,3.0,2.35,3.08,3.03
vLjJO6zI,2020,2021-01-30 14:15:00,,Sepsi Sf. Gheorghe,FC Voluntari,2,2,51.0,49.0,3.0,4.0,2.0,2.0,1.0,2.0,5.0,2.0,2,3,0,0,16.0,17.0,1.0,3.0,20.0,17.0,39.0,39.0,0.0,0.0,1264.670933301311,1126.5986222618528,173.99500922802713,35.92269818856899,3.0,8.4,4.4,3.2,46.25,1.6,1.2,1.2,2.8,1.2,3.0,4.0,2.4,3.4,42.0,0.6,1.4,0.4,1.6,3.0,3.0,0.0,1.51,3.74,6.55
2FefUA6t,2020,2021-01-30 20:15:00,,FCSB,Poli Iasi,3,1,62.0,38.0,24.0,5.0,11.0,2.0,13.0,3.0,12.0,0.0,1,3,0,0,13.0,19.0,0.0,0.0,19.0,13.0,26.0,14.0,1.0,8.0,1312.9915445864003,1092.5216948998948,256.0454895547623,35.575639868256765,4.0,10.8,6.0,6.2,61.0,1.6,0.8,1.8,2.2,2.8,3.0,5.6,3.0,3.4,50.333333333333336,0.8,1.2,0.8,2.6,2.8,0.0,3.0,1.21,5.81,11.84
0UiFPnLB,2020,2021-01-31 12:00:00,,FC Botosani,FC Hermannstadt,1,0,,,11.0,6.0,9.0,3.0,2.0,3.0,7.0,2.0,0,4,0,0,14.0,21.0,1.0,0.0,21.0,15.0,19.0,21.0,3.0,8.0,1197.8354536893585,1144.0005049620868,89.8058925739931,35.97094384672143,3.0,9.8,4.4,6.8,,1.4,0.8,1.4,2.8,2.2,2.0,5.0,2.0,2.2,50.2,0.6,1.6,0.4,2.2,3.6,0.0,3.0,1.71,3.28,5.2
WfmBQS55,2020,2021-01-31 14:00:00,,Astra Giurgiu,FC Viitorul,1,1,49.0,51.0,20.0,3.0,14.0,1.0,6.0,2.0,11.0,6.0,4,3,0,0,15.0,18.0,1.0,5.0,23.0,16.0,15.0,14.0,0.0,13.0,1175.2146908987027,1205.7496867379955,5.996291549779244,36.53128738907216,2.0,4.8,2.6,2.4,47.0,1.8,1.8,1.0,2.0,4.2,4.0,8.8,4.8,4.4,46.75,1.6,1.4,1.4,2.6,2.2,0.0,3.0,3.54,3.34,2.01
dxebTULn,2020,2021-01-31 20:45:00,,UTA Arad,Dinamo Bucuresti,0,1,58.0,42.0,6.0,8.0,1.0,3.0,5.0,5.0,1.0,4.0,2,4,0,0,10.0,23.0,1.0,2.0,25.0,11.0,31.0,24.0,2.0,1.0,1163.2675260335502,1181.4207225196717,18.365148152166967,36.518344638288355,4.0,10.0,4.2,5.2,50.666666666666664,0.8,1.8,1.4,2.8,0.8,4.0,7.8,3.6,3.8,55.333333333333336,1.0,1.4,1.4,3.2,1.8,3.0,0.0,2.47,2.97,2.94
h4l7R8ja,2020,2021-02-01 20:00:00,,Chindia Targoviste,CFR Cluj,0,1,54.0,46.0,8.0,7.0,3.0,4.0,5.0,3.0,3.0,4.0,3,1,0,0,17.0,10.0,1.0,0.0,10.0,18.0,30.0,32.0,3.0,3.0,1218.9078970501018,1299.7415953266272,-45.10496111525754,35.72873716126787,4.0,6.8,3.0,2.8,48.25,1.4,1.0,1.8,2.6,2.0,4.0,8.8,5.2,6.0,53.0,1.6,0.6,2.2,2.0,3.0,1.0,1.0,,,
SvhfQJBM,2020,2021-02-02 20:00:00,,Poli Iasi,Univ. Craiova,0,3,,,4.0,17.0,3.0,10.0,1.0,7.0,3.0,5.0,0,0,0,0,9.0,18.0,1.0,2.0,20.0,10.0,20.0,18.0,7.0,3.0,1087.2509751870325,1250.2522594246475,-127.92572353172159,35.07556070589347,2.0,5.0,2.6,2.2,44.0,0.8,1.8,0.2,2.4,4.2,4.0,9.4,3.4,6.6,57.5,0.8,0.8,1.0,2.0,2.0,0.0,3.0,6.36,3.77,1.52
KElnSusA,2020,2021-02-03 15:00:00,,FC Hermannstadt,Gaz Metan Medias,1,1,45.0,55.0,5.0,8.0,3.0,3.0,2.0,5.0,3.0,7.0,5,4,0,0,18.0,14.0,0.0,1.0,15.0,18.0,25.0,29.0,2.0,2.0,1136.5292577307437,1172.37333760423,-1.6097553047281963,34.23432456875818,3.0,5.8,2.4,2.4,49.0,0.4,1.4,0.4,2.8,3.8,4.0,7.0,3.6,4.0,48.666666666666664,1.4,1.0,1.6,2.8,2.2,1.0,1.0,,,
tOkrTLR3,2020,2021-02-03 17:30:00,,FC Voluntari,Astra Giurgiu,1,3,45.0,55.0,12.0,7.0,5.0,5.0,7.0,2.0,8.0,1.0,1,3,0,0,19.0,20.0,1.0,1.0,21.0,20.0,21.0,19.0,2.0,4.0,1131.2260665326824,1175.042120888252,-9.578254875519178,34.237799480050455,4.0,3.6,2.4,3.6,43.75,0.8,1.6,0.4,1.8,2.4,3.0,7.4,4.2,4.2,46.333333333333336,0.8,2.0,0.6,2.4,3.8,3.0,0.0,,,
A3saPwRS,2020,2021-02-03 20:45:00,,Dinamo Bucuresti,FCSB,0,1,45.0,55.0,7.0,10.0,2.0,6.0,5.0,4.0,1.0,3.0,6,1,1,0,26.0,18.0,0.0,4.0,22.0,26.0,25.0,29.0,5.0,2.0,1191.9488222132782,1318.2622642992626,-93.1070694437617,33.2063726422228,3.0,7.8,3.4,3.6,51.0,1.0,1.2,1.8,3.8,1.8,4.0,14.6,7.6,8.2,61.0,2.0,0.8,2.2,1.8,2.2,0.0,3.0,,,
Wh8i6bKj,2020,2021-02-04 13:30:00,,LPS HD Clinceni,UTA Arad,0,3,,,8.0,8.0,6.0,7.0,2.0,1.0,11.0,5.0,2,1,0,0,12.0,11.0,1.0,4.0,15.0,13.0,36.0,24.0,4.0,6.0,1224.035675867636,1152.7394263399437,103.9489329131718,32.65268338547952,5.0,6.6,3.6,4.0,48.8,1.0,1.4,1.0,3.8,2.2,3.0,9.6,4.0,5.2,53.666666666666664,0.8,0.8,1.4,2.0,1.2,1.0,1.0,,,
OnewU1Cc,2020,2021-02-04 17:30:00,,Chindia Targoviste,FC Botosani,2,3,45.0,55.0,6.0,9.0,2.0,6.0,4.0,3.0,1.0,5.0,2,1,0,0,18.0,6.0,1.0,2.0,8.0,19.0,20.0,27.0,3.0,1.0,1210.1988776451099,1205.3067009207016,35.86836006840008,30.976183343991814,2.0,6.6,2.4,2.8,49.0,1.0,0.8,1.6,2.8,1.8,4.0,9.6,5.4,7.0,,1.4,0.6,1.8,2.6,2.6,3.0,0.0,,,
pddZUsci,2020,2021-02-04 20:00:00,,CFR Cluj,FC Viitorul,2,1,,,9.0,7.0,3.0,4.0,6.0,3.0,4.0,1.0,2,3,0,0,11.0,11.0,4.0,2.0,13.0,15.0,33.0,28.0,3.0,1.0,1308.4506147316192,1205.9222567484462,132.677387155602,30.149029172429078,3.0,9.2,5.8,5.6,51.25,1.8,0.6,2.6,1.6,2.8,4.0,5.2,3.2,3.8,48.25,1.4,1.4,1.0,2.8,4.8,1.0,1.0,,,
YaNSvJQF,2020,2021-02-05 20:30:00,,Sepsi Sf. Gheorghe,Poli Iasi,3,3,52.0,48.0,5.0,5.0,4.0,3.0,1.0,2.0,0.0,6.0,4,4,0,0,21.0,14.0,3.0,4.0,18.0,24.0,29.0,33.0,0.0,1.0,1260.0434890304814,1076.034493358562,214.63477303490322,30.625777362983797,6.0,6.8,3.8,4.0,49.5,1.8,1.4,1.2,2.8,0.8,3.0,4.2,2.4,1.6,,0.6,2.2,0.0,1.8,5.6,3.0,0.0,,,
0nPKtud3,2020,2021-02-06 14:00:00,,Astra Giurgiu,FC Arges,0,2,69.0,31.0,11.0,5.0,5.0,3.0,6.0,2.0,5.0,2.0,3,1,1,0,15.0,15.0,7.0,2.0,17.0,22.0,28.0,16.0,1.0,5.0,1188.794478725954,1170.417854835933,48.59022192028851,30.213598030267516,2.0,8.0,4.8,4.4,49.666666666666664,1.4,1.6,1.2,2.8,3.6,7.0,5.0,2.4,2.4,,1.0,0.6,1.8,2.2,3.6,0.0,3.0,,,
jyIXwwtM,2020,2021-02-06 21:00:00,,Univ. Craiova,Dinamo Bucuresti,1,0,47.0,53.0,11.0,6.0,5.0,1.0,6.0,5.0,7.0,7.0,2,3,0,0,21.0,16.0,3.0,1.0,17.0,24.0,13.0,22.0,1.0,4.0,1261.468741253118,1184.5662987900344,105.9080024685793,29.00556000549565,4.0,12.2,5.2,7.0,58.666666666666664,1.4,0.8,1.4,1.4,2.0,3.0,8.4,3.2,3.2,47.333333333333336,0.6,1.4,1.2,4.6,2.4,3.0,0.0,,,
f9OOuaB9,2020,2021-02-07 13:30:00,,UTA Arad,FC Hermannstadt,1,1,49.0,51.0,7.0,5.0,3.0,2.0,4.0,3.0,4.0,7.0,6,3,0,0,16.0,14.0,1.0,1.0,15.0,17.0,29.0,36.0,1.0,2.0,1175.0927602264464,1136.5755898813072,68.05093704169349,29.533766696554252,3.0,9.8,5.0,5.8,,1.4,0.8,1.8,2.0,2.0,3.0,5.4,2.6,2.0,49.25,0.6,1.2,0.6,3.8,4.0,1.0,1.0,,,
nqLGsLtc,2020,2021-02-07 18:00:00,,Gaz Metan Medias,Chindia Targoviste,1,0,51.0,49.0,6.0,5.0,5.0,2.0,1.0,3.0,5.0,3.0,3,5,0,0,15.0,12.0,0.0,6.0,18.0,15.0,24.0,23.0,2.0,4.0,1172.3270054536665,1199.1701553576067,2.545567185951768,29.388717089891962,4.0,7.0,3.4,4.4,49.333333333333336,1.2,1.2,1.2,3.2,2.2,3.0,6.4,2.6,2.8,47.75,1.2,1.2,1.4,2.8,1.8,0.0,3.0,,,
CCTQKcZq,2020,2021-02-07 20:30:00,,FCSB,LPS HD Clinceni,0,1,,,13.0,5.0,7.0,1.0,6.0,4.0,8.0,3.0,3,5,0,0,13.0,19.0,0.0,2.0,21.0,13.0,32.0,22.0,0.0,7.0,1325.6447877225064,1201.6823419811333,154.09566788109987,30.13322213972679,3.0,14.2,7.2,8.0,61.0,1.6,0.8,2.2,1.6,2.2,3.0,6.2,3.4,6.0,50.5,0.8,1.4,1.0,3.6,2.8,3.0,0.0,,,
pvsYIy4d,2020,2021-02-08 17:30:00,,FC Viitorul,FC Voluntari,0,1,67.0,33.0,8.0,6.0,5.0,4.0,3.0,2.0,3.0,3.0,1,7,0,0,7.0,22.0,1.0,2.0,24.0,8.0,19.0,13.0,3.0,5.0,1199.5656142077166,1117.4737086949804,111.16270736987804,29.07080185714181,3.0,6.0,3.6,3.6,47.333333333333336,1.6,1.8,0.8,3.0,4.6,5.0,5.4,3.0,4.4,43.25,1.0,1.8,0.4,1.4,2.4,3.0,0.0,,,
6mrUJHlj,2020,2021-02-08 20:30:00,,FC Botosani,CFR Cluj,2,1,,,3.0,10.0,2.0,6.0,1.0,4.0,3.0,4.0,0,3,0,0,8.0,6.0,3.0,3.0,9.0,11.0,18.0,31.0,5.0,0.0,1216.3354232082047,1314.8072572723488,-70.3831298400014,28.08870422414271,4.0,9.6,5.6,6.2,53.333333333333336,2.0,0.8,2.4,1.8,2.6,4.0,9.6,5.6,4.6,49.0,1.6,0.6,2.6,1.4,2.2,0.0,3.0,,,
bs77XzJk,2020,2021-02-12 20:00:00,,FC Arges,FC Viitorul,1,0,38.0,62.0,8.0,4.0,6.0,1.0,2.0,3.0,2.0,2.0,1,0,0,0,23.0,14.0,1.0,3.0,17.0,24.0,27.0,29.0,1.0,5.0,1186.525028499558,1186.470979101062,29.04264301133321,28.98859361283724,6.0,5.0,2.6,2.8,38.0,1.2,0.6,1.8,1.6,3.6,4.0,6.2,3.4,3.2,57.666666666666664,1.2,1.6,0.6,2.4,4.2,1.0,1.0,,,
t6dCWfYe,2020,2021-02-13 14:30:00,,Chindia Targoviste,UTA Arad,1,1,,,6.0,3.0,1.0,2.0,5.0,1.0,4.0,5.0,2,4,0,0,18.0,18.0,5.0,1.0,19.0,23.0,25.0,26.0,1.0,0.0,1189.243421359809,1173.1587654709492,45.760701534584086,29.676045645724233,5.0,6.8,2.8,2.6,48.0,1.0,1.4,0.8,3.2,2.4,6.0,9.0,4.4,5.4,53.666666666666664,1.4,1.0,1.4,3.2,2.0,0.0,3.0,2.32,2.82,3.4
n3m2gIu9,2020,2021-02-13 21:00:00,,Dinamo Bucuresti,Sepsi Sf. Gheorghe,0,0,51.0,49.0,4.0,8.0,1.0,2.0,3.0,6.0,3.0,5.0,2,0,0,0,13.0,22.0,4.0,0.0,22.0,17.0,42.0,24.0,2.0,1.0,1177.523542909253,1254.5477645942644,-47.44639118101986,29.577830503991635,7.0,8.6,3.2,4.0,48.75,0.6,1.4,1.2,4.2,3.2,8.0,6.8,4.0,3.0,51.0,2.4,2.0,1.2,2.8,0.6,0.0,3.0,2.93,3.11,2.39
KdeGVEm2,2020,2021-02-14 12:15:00,,Poli Iasi,Astra Giurgiu,2,3,,,10.0,8.0,4.0,7.0,6.0,1.0,8.0,4.0,7,2,0,0,14.0,15.0,4.0,1.0,16.0,18.0,31.0,23.0,4.0,2.0,1081.530217794779,1172.687305062329,-61.477467469200974,29.67961979834895,8.0,4.4,2.8,2.6,,1.2,2.6,0.2,2.4,5.2,7.0,9.6,5.4,5.0,57.666666666666664,1.2,1.8,1.0,3.0,3.0,0.0,3.0,3.1,3.19,2.25
URx7hxeF,2020,2021-02-14 14:30:00,,LPS HD Clinceni,Univ. Craiova,0,0,43.0,57.0,6.0,8.0,2.0,6.0,4.0,2.0,2.0,11.0,3,1,0,0,16.0,11.0,1.0,1.0,12.0,17.0,24.0,24.0,6.0,2.0,1215.847945748933,1268.5114971338994,-23.60258972456836,29.060961660398206,6.0,6.6,3.4,6.2,50.666666666666664,1.0,1.4,1.4,4.2,3.2,7.0,12.0,5.2,7.2,56.0,1.4,0.6,1.8,1.2,2.0,3.0,0.0,4.87,3.51,1.7
8ClbfbQ2,2020,2021-02-14 19:45:00,,FC Hermannstadt,FCSB,1,0,29.0,71.0,9.0,10.0,6.0,3.0,3.0,7.0,0.0,8.0,5,3,0,0,18.0,5.0,1.0,2.0,7.0,19.0,19.0,27.0,3.0,5.0,1138.5095846368044,1311.4791839547067,-143.85776560587988,29.111833712022484,7.0,4.8,2.0,3.0,49.5,0.8,1.4,0.6,3.8,4.2,6.0,14.4,7.4,8.2,60.0,1.2,0.6,2.0,2.0,1.4,0.0,3.0,8.31,4.62,1.34
n733YG3q,2020,2021-02-15 17:30:00,,FC Botosani,Gaz Metan Medias,2,1,,,9.0,6.0,6.0,4.0,3.0,2.0,5.0,2.0,5,4,0,0,19.0,19.0,2.0,1.0,20.0,21.0,23.0,17.0,3.0,4.0,1228.3339483907985,1182.2537394514643,76.23597597031312,30.155767030978893,6.0,8.8,5.2,5.8,,2.2,1.0,2.4,1.6,3.4,7.0,7.8,4.0,4.8,49.75,1.2,1.0,1.6,3.6,2.2,3.0,0.0,1.83,3.31,4.35
URGywceS,2020,2021-02-15 20:30:00,,CFR Cluj,FC Voluntari,0,0,62.0,38.0,15.0,2.0,8.0,0.0,7.0,2.0,7.0,2.0,4,4,0,0,15.0,26.0,0.0,3.0,29.0,15.0,22.0,25.0,0.0,8.0,1302.808732089755,1130.568343801635,202.9841780163356,30.74378972821546,7.0,10.6,6.4,4.6,,1.6,1.0,2.0,1.6,1.4,7.0,6.2,3.6,4.2,41.2,1.2,1.6,1.0,2.8,2.4,3.0,0.0,1.29,4.79,10.4
EyljRadG,2020,2021-02-16 19:00:00,,FC Arges,Sepsi Sf. Gheorghe,1,1,50.0,50.0,6.0,2.0,4.0,1.0,2.0,1.0,3.0,4.0,1,3,0,0,17.0,26.0,3.0,3.0,29.0,20.0,32.0,40.0,0.0,3.0,1195.6910556047178,1253.1905740028335,-27.150031426735268,30.34948697138048,3.0,5.4,3.2,2.8,38.0,1.2,0.4,2.2,1.4,3.6,2.0,6.4,3.6,3.2,49.25,2.4,1.8,1.4,2.0,0.6,0.0,3.0,3.59,2.75,2.28
QoEXFQM4,2020,2021-02-19 17:30:00,,FC Voluntari,FC Arges,0,1,45.0,55.0,9.0,10.0,1.0,4.0,8.0,6.0,3.0,10.0,4,2,0,0,13.0,14.0,2.0,2.0,16.0,15.0,25.0,28.0,3.0,1.0,1135.825713892768,1196.4709095793135,-30.23721966707035,30.407976019475157,3.0,5.8,3.0,4.2,41.4,1.0,1.2,1.2,3.2,3.6,2.0,5.8,3.6,2.8,39.0,1.0,0.4,1.8,1.6,3.4,0.0,3.0,2.92,2.86,2.57
zcLKISxn,2020,2021-02-19 20:30:00,,Univ. Craiova,FC Hermannstadt,1,0,65.0,35.0,12.0,5.0,7.0,4.0,5.0,1.0,2.0,3.0,0,3,0,0,5.0,18.0,1.0,1.0,19.0,6.0,23.0,18.0,4.0,6.0,1267.8332031122425,1152.4286955562231,145.12759156430957,29.723084008290172,5.0,11.8,5.6,7.6,56.25,1.2,0.4,1.8,1.0,2.2,5.0,5.8,3.0,2.6,46.0,0.8,0.8,1.2,4.0,3.4,3.0,0.0,1.43,4.03,7.47
UJKOHnhh,2020,2021-02-20 17:00:00,,Sepsi Sf. Gheorghe,LPS HD Clinceni,0,0,,,7.0,3.0,2.0,1.0,5.0,2.0,5.0,1.0,1,1,0,0,11.0,18.0,1.0,7.0,25.0,12.0,31.0,29.0,1.0,2.0,1252.4107200282378,1216.5262397705899,66.06131415957498,30.176833901926972,3.0,5.0,2.6,4.0,49.4,1.8,1.8,1.0,2.4,1.2,6.0,6.6,3.2,5.4,48.666666666666664,0.8,1.0,1.6,3.8,4.0,0.0,3.0,1.89,3.2,4.2
C2GqDO6N,2020,2021-02-20 20:00:00,,FCSB,Chindia Targoviste,1,0,68.0,32.0,11.0,3.0,6.0,0.0,5.0,3.0,4.0,0.0,2,4,0,0,14.0,19.0,0.0,2.0,21.0,14.0,24.0,23.0,0.0,5.0,1297.560073035288,1187.9338861367075,139.6621100332834,30.0359231347029,6.0,14.0,7.2,8.0,62.666666666666664,0.8,0.6,1.4,2.0,2.0,7.0,6.6,2.2,2.6,47.25,0.8,1.4,0.4,3.0,2.2,3.0,0.0,1.48,3.95,6.56
rNOSG67b,2020,2021-02-21 18:00:00,,Gaz Metan Medias,CFR Cluj,0,1,,,4.0,11.0,2.0,6.0,2.0,5.0,3.0,11.0,2,2,0,0,11.0,11.0,2.0,3.0,14.0,13.0,19.0,24.0,5.0,2.0,1174.4134368216435,1297.551361998622,-92.63823334472886,30.49969183224964,6.0,7.2,3.8,4.2,49.75,1.0,1.2,1.0,3.6,2.4,5.0,11.4,6.0,5.4,,1.0,0.8,1.6,2.0,1.4,3.0,0.0,6.51,3.66,1.53
fR5lCrMT,2020,2021-02-21 20:30:00,,Astra Giurgiu,Dinamo Bucuresti,2,0,56.0,44.0,10.0,3.0,7.0,0.0,3.0,3.0,3.0,6.0,2,4,0,0,14.0,12.0,2.0,3.0,15.0,16.0,14.0,31.0,0.0,5.0,1180.9360802350056,1178.8807335006838,32.000406251599316,29.945059517277603,7.0,10.4,6.6,4.6,57.666666666666664,1.6,1.4,1.6,3.2,3.0,7.0,7.4,2.4,4.0,49.2,0.6,0.6,1.4,4.0,3.2,1.0,1.0,2.86,3.04,2.48
4xDyFpxB,2020,2021-02-22 17:30:00,,UTA Arad,FC Botosani,0,0,45.0,55.0,5.0,11.0,3.0,2.0,2.0,9.0,4.0,2.0,4,3,0,0,21.0,13.0,5.0,1.0,14.0,26.0,22.0,36.0,2.0,3.0,1174.4683006940506,1236.1742510206193,-30.797646976274336,30.908303350294325,9.0,8.6,4.4,5.6,,1.4,0.8,1.6,3.6,2.0,7.0,8.2,5.2,5.6,,1.8,1.2,2.4,2.0,3.0,3.0,0.0,3.39,3.1,2.16
C2xFS36A,2020,2021-02-26 20:30:00,,Dinamo Bucuresti,FC Viitorul,0,5,50.0,50.0,4.0,11.0,1.0,8.0,3.0,3.0,2.0,7.0,1,0,0,0,16.0,14.0,2.0,3.0,17.0,18.0,25.0,29.0,3.0,1.0,1166.037482393794,1177.3049519959022,19.707142230444106,30.974611832552128,5.0,5.6,1.4,4.2,47.0,0.2,0.8,0.8,3.8,3.4,14.0,5.8,3.2,2.8,58.75,1.0,1.6,0.4,1.8,4.6,0.0,3.0,2.96,3.03,2.43
MDq2V5Mi,2020,2021-02-27 12:30:00,,Gaz Metan Medias,UTA Arad,1,2,55.0,45.0,9.0,6.0,4.0,5.0,5.0,1.0,5.0,5.0,3,1,0,0,11.0,17.0,1.0,1.0,18.0,12.0,26.0,20.0,3.0,3.0,1167.018339288683,1175.3524137908214,20.86846302554318,29.20253752768158,5.0,6.2,3.2,4.2,51.333333333333336,0.8,1.0,1.0,3.4,2.8,4.0,5.8,3.2,3.8,50.666666666666664,1.0,0.6,1.2,3.4,2.2,3.0,0.0,2.34,3.03,3.08
UJdG72Up,2020,2021-02-27 15:00:00,,LPS HD Clinceni,Astra Giurgiu,1,1,49.0,51.0,4.0,2.0,1.0,1.0,3.0,1.0,2.0,4.0,3,3,0,0,18.0,26.0,5.0,1.0,27.0,23.0,31.0,32.0,0.0,0.0,1218.4050500002443,1193.7793313418954,53.03326208303406,28.407543424685198,6.0,5.6,2.4,5.2,,0.4,0.8,1.2,2.8,4.0,5.0,11.2,7.6,4.8,57.25,1.8,1.2,2.0,2.8,1.4,3.0,0.0,2.67,2.9,2.77
Q5tJRNLG,2020,2021-02-27 20:00:00,,Chindia Targoviste,Univ. Craiova,1,0,41.0,59.0,7.0,9.0,4.0,4.0,3.0,5.0,1.0,5.0,2,1,0,0,17.0,10.0,2.0,3.0,13.0,19.0,21.0,25.0,4.0,3.0,1181.750303502751,1273.8832016940664,-63.83895535088118,28.2939428404342,7.0,5.6,1.6,2.2,45.0,0.6,1.4,0.2,3.2,3.2,7.0,12.0,6.2,6.0,58.0,1.2,0.2,2.2,0.8,2.4,3.0,0.0,4.15,3.1,1.94
8UVNQsyN,2020,2021-02-28 18:00:00,,FC Hermannstadt,Sepsi Sf. Gheorghe,1,2,43.0,57.0,4.0,10.0,1.0,3.0,3.0,7.0,3.0,3.0,5,3,0,0,22.0,15.0,3.0,1.0,16.0,25.0,28.0,33.0,1.0,0.0,1146.3786969743992,1250.5319097985835,-74.97299272599344,29.180220098190794,8.0,6.0,3.6,3.0,40.0,0.6,0.8,1.0,4.0,4.2,8.0,5.0,2.2,3.8,50.5,1.2,1.2,1.0,2.0,1.0,1.0,1.0,3.58,2.99,2.14
IuwBTqi4,2020,2021-02-28 20:30:00,,FC Botosani,FCSB,0,2,,,6.0,10.0,3.0,7.0,3.0,3.0,8.0,7.0,3,3,0,0,16.0,24.0,2.0,0.0,24.0,18.0,22.0,28.0,5.0,3.0,1235.2901379238485,1303.7436556692446,-39.86392157785531,28.58959616754081,6.0,8.6,5.0,4.4,,1.6,0.8,2.6,1.8,3.0,8.0,13.6,6.6,7.0,64.0,1.0,0.6,1.8,2.0,1.6,0.0,3.0,3.76,3.27,1.96
vkv7UPyb,2020,2021-03-01 17:30:00,,Poli Iasi,FC Voluntari,0,2,,,6.0,6.0,2.0,5.0,4.0,1.0,4.0,4.0,2,3,1,1,15.0,20.0,3.0,5.0,25.0,18.0,32.0,25.0,3.0,2.0,1073.2814426221023,1126.6938204103014,-25.76227544181961,27.65010234637963,15.0,5.2,2.8,3.4,,1.4,2.8,0.2,3.4,5.4,10.0,6.6,2.4,3.6,42.0,0.8,1.2,1.0,3.8,3.6,0.0,3.0,,,
rNpbWo7o,2020,2021-03-01 20:30:00,,CFR Cluj,FC Arges,5,0,60.0,40.0,11.0,4.0,5.0,1.0,6.0,3.0,3.0,1.0,4,1,0,0,13.0,11.0,0.0,6.0,17.0,13.0,20.0,20.0,1.0,1.0,1304.9464595315826,1205.60280306178,126.01160254881415,26.66794607901158,8.0,10.4,5.4,6.0,,1.0,0.6,2.0,2.4,1.6,10.0,6.8,4.0,4.0,42.2,1.2,0.4,2.2,1.8,1.8,3.0,0.0,,,
dfGcKuEj,2020,2021-03-05 17:30:00,,Sepsi Sf. Gheorghe,Chindia Targoviste,0,1,68.0,32.0,3.0,4.0,0.0,2.0,3.0,2.0,7.0,0.0,1,2,0,0,12.0,19.0,0.0,0.0,19.0,12.0,43.0,26.0,1.0,0.0,1258.4068955405833,1193.5673336061723,92.60164670379004,27.762084769379054,4.0,6.4,2.4,3.4,52.0,1.2,1.0,1.4,2.2,1.0,5.0,5.4,1.8,1.8,41.75,0.8,1.2,0.8,3.0,3.4,3.0,0.0,,,
nLURP1jT,2020,2021-03-05 20:30:00,,FC Viitorul,LPS HD Clinceni,1,1,54.0,46.0,10.0,4.0,5.0,2.0,5.0,2.0,7.0,1.0,0,0,0,0,16.0,17.0,1.0,0.0,17.0,17.0,25.0,21.0,1.0,4.0,1200.932609394176,1216.8903755435642,10.859024556488293,26.81679070587636,7.0,6.6,3.8,3.8,57.5,1.4,1.0,0.8,1.4,4.6,6.0,5.2,2.2,3.8,,0.4,0.8,1.2,2.8,3.8,0.0,3.0,,,
baftqPji,2020,2021-03-06 14:30:00,,Univ. Craiova,FC Botosani,1,0,53.0,47.0,9.0,6.0,3.0,2.0,6.0,4.0,6.0,5.0,3,6,0,0,16.0,14.0,1.0,1.0,15.0,17.0,23.0,23.0,2.0,2.0,1262.0661715906451,1222.7635536416994,66.09597519592648,26.793357246980833,6.0,11.4,6.4,6.0,57.0,1.0,0.2,2.0,0.8,2.6,5.0,7.6,3.8,4.6,,1.4,1.2,2.0,2.4,3.4,1.0,1.0,,,
2iicusjG,2020,2021-03-06 21:30:00,,UTA Arad,CFR Cluj,0,1,42.0,58.0,4.0,9.0,0.0,5.0,4.0,4.0,0.0,8.0,3,1,0,0,14.0,12.0,1.0,1.0,13.0,15.0,22.0,30.0,4.0,0.0,1185.9523351641064,1319.534975403149,-106.18026593863647,27.40237430040613,7.0,5.8,4.0,4.6,46.333333333333336,1.4,0.6,1.8,3.2,2.4,5.0,11.2,5.6,5.8,,1.8,0.6,2.0,3.0,1.2,3.0,0.0,,,
I3HgLLbp,2020,2021-03-07 15:00:00,,Astra Giurgiu,FC Hermannstadt,2,1,50.0,50.0,4.0,9.0,2.0,3.0,2.0,6.0,2.0,3.0,2,4,0,0,13.0,28.0,0.0,0.0,28.0,13.0,10.0,30.0,2.0,0.0,1195.2940057985754,1138.5037112323994,83.66499838056825,26.874703814392298,8.0,7.6,5.0,3.4,57.75,1.8,1.2,2.0,2.6,1.4,6.0,5.6,3.2,3.2,40.6,0.8,1.0,1.0,4.2,2.8,3.0,0.0,,,
6Pcls3L3,2020,2021-03-07 20:30:00,,FCSB,Gaz Metan Medias,1,0,,,7.0,5.0,1.0,2.0,6.0,3.0,8.0,2.0,2,3,0,0,20.0,9.0,1.0,1.0,10.0,21.0,32.0,22.0,2.0,0.0,1316.2702399513937,1156.4184179153979,187.29933230545998,27.447510269464086,7.0,10.8,5.8,6.0,64.66666666666667,0.8,0.4,1.8,2.4,2.0,8.0,6.6,3.6,4.4,53.666666666666664,0.8,1.2,0.8,3.2,3.2,3.0,0.0,,,
pGdhtNzA,2020,2021-03-08 17:30:00,,FC Arges,Poli Iasi,2,1,48.0,52.0,8.0,3.0,5.0,1.0,3.0,2.0,4.0,3.0,2,6,0,0,13.0,23.0,3.0,1.0,24.0,16.0,26.0,25.0,0.0,3.0,1191.0142871902135,1060.1860257238616,158.65654715765595,27.82828569130391,6.0,6.6,3.6,3.6,42.8,1.0,1.2,2.0,1.2,1.6,7.0,6.0,2.8,4.2,,1.2,2.8,0.2,3.2,4.6,1.0,1.0,,,
C2bprq6c,2020,2021-03-08 20:30:00,,FC Voluntari,Dinamo Bucuresti,1,1,41.0,59.0,4.0,15.0,4.0,7.0,0.0,8.0,2.0,5.0,1,4,1,0,11.0,7.0,3.0,1.0,8.0,14.0,25.0,28.0,6.0,3.0,1139.7892373085422,1142.4098249955202,25.637185395935603,28.25777308291376,7.0,7.0,3.0,4.0,40.25,0.8,0.8,1.4,3.8,4.0,10.0,4.8,1.0,3.8,48.6,0.0,1.8,0.2,3.2,3.8,0.0,3.0,,,
6wwNe2zc,2020,2021-03-12 20:30:00,,Gaz Metan Medias,Univ. Craiova,0,2,47.0,53.0,2.0,5.0,0.0,3.0,2.0,2.0,2.0,0.0,3,3,1,0,26.0,23.0,3.0,2.0,25.0,29.0,21.0,26.0,1.0,0.0,1151.3414122908669,1270.1863989696492,-90.64245568255637,28.202530996226066,5.0,6.0,3.4,3.4,,0.6,1.2,0.6,3.0,2.8,6.0,9.8,5.0,6.2,56.2,0.6,0.2,2.0,1.4,2.4,0.0,3.0,,,
d8eWYvTq,2020,2021-03-13 12:00:00,,LPS HD Clinceni,FC Voluntari,0,1,55.0,45.0,15.0,7.0,5.0,3.0,10.0,4.0,4.0,8.0,2,0,0,0,9.0,6.0,1.0,2.0,8.0,10.0,24.0,11.0,2.0,5.0,1217.2028216621713,1139.0526761527062,105.56262018006146,27.412474670596247,7.0,4.4,1.4,1.8,46.0,0.6,0.4,1.4,2.4,3.8,4.0,5.4,2.8,2.8,39.25,0.8,0.4,1.6,3.8,4.8,1.0,1.0,2.14,3.0,3.62
tdVZh0KF,2020,2021-03-13 14:30:00,,FC Hermannstadt,FC Viitorul,0,0,48.0,52.0,4.0,8.0,2.0,1.0,2.0,7.0,3.0,2.0,3,1,0,0,19.0,14.0,0.0,0.0,14.0,19.0,28.0,27.0,1.0,2.0,1130.8662918314421,1200.620163275569,-43.312509517093304,26.441361927033483,5.0,6.4,3.2,3.2,41.6,0.8,1.2,0.8,4.0,2.4,7.0,8.0,4.6,4.0,58.25,1.4,1.0,0.8,0.8,2.2,0.0,3.0,3.49,3.04,2.15
vXpyYbrj,2020,2021-03-13 20:00:00,,UTA Arad,FCSB,0,1,42.0,58.0,6.0,14.0,2.0,5.0,4.0,9.0,1.0,4.0,6,1,1,0,18.0,15.0,5.0,1.0,16.0,23.0,32.0,27.0,4.0,2.0,1178.916728683922,1321.3472455759247,-115.89613875292025,26.534378139082577,6.0,5.0,2.6,3.6,45.25,0.8,0.8,1.2,3.6,2.0,5.0,10.2,4.8,7.0,,0.8,0.4,1.8,2.6,2.0,0.0,3.0,5.76,3.71,1.57
ShRVgt59,2020,2021-03-14 18:00:00,,Chindia Targoviste,Astra Giurgiu,0,1,,,8.0,5.0,1.0,2.0,7.0,3.0,2.0,3.0,2,1,0,0,14.0,7.0,1.0,1.0,8.0,15.0,22.0,33.0,1.0,1.0,1206.1712544528748,1202.9314251995327,29.26550505338264,26.025675800040545,9.0,5.0,1.8,1.6,38.5,0.6,0.6,1.4,3.0,2.8,7.0,7.0,4.4,3.6,56.5,1.6,1.2,2.0,2.4,1.0,1.0,1.0,2.38,2.82,3.28
zJUwhKZL,2020,2021-03-14 20:30:00,,CFR Cluj,Poli Iasi,4,0,65.0,35.0,14.0,2.0,10.0,0.0,4.0,2.0,4.0,1.0,1,2,0,0,12.0,13.0,2.0,1.0,14.0,14.0,30.0,30.0,0.0,6.0,1326.5705818833335,1054.4595271690637,297.3237048324361,25.212650118166362,7.0,11.2,6.0,6.6,60.0,1.6,0.4,2.0,2.8,0.6,6.0,5.6,2.6,4.8,,1.2,2.6,0.2,3.8,3.6,3.0,0.0,1.19,5.88,16.34
pUyRfMk3,2020,2021-03-15 17:30:00,,FC Botosani,Sepsi Sf. Gheorghe,1,2,48.0,52.0,7.0,6.0,4.0,3.0,3.0,3.0,3.0,4.0,6,3,0,0,14.0,26.0,5.0,4.0,30.0,19.0,23.0,28.0,1.0,3.0,1214.6433262626954,1245.8029746938807,-5.488103292531832,25.671545138653457,9.0,7.0,3.0,4.6,,0.8,1.0,1.4,3.4,3.6,10.0,6.0,1.6,4.8,56.0,0.6,0.6,1.2,1.6,1.2,1.0,1.0,2.46,2.78,3.21
INquXIcd,2020,2021-03-15 20:30:00,,Dinamo Bucuresti,FC Arges,1,2,55.0,45.0,11.0,8.0,7.0,4.0,4.0,4.0,11.0,2.0,2,0,0,0,11.0,18.0,4.0,4.0,22.0,15.0,29.0,25.0,2.0,6.0,1143.1463861513562,1196.7407857450114,-28.661008416960158,24.933391176695018,7.0,6.4,2.0,4.6,51.4,0.2,1.8,0.4,2.8,3.4,7.0,7.2,4.0,4.0,46.2,1.0,1.4,2.0,1.4,0.6,3.0,0.0,2.56,2.78,3.04
IwY2nbcq,2020,2021-03-16 19:00:00,,Univ. Craiova,UTA Arad,2,0,54.0,46.0,8.0,1.0,3.0,0.0,5.0,1.0,11.0,9.0,1,3,0,0,14.0,14.0,3.0,0.0,14.0,17.0,22.0,18.0,0.0,1.0,1280.7204833113801,1172.1340308300282,132.83157345583277,24.24512097448088,3.0,8.6,4.6,4.8,57.4,0.8,0.2,2.0,1.6,2.2,2.0,4.8,2.4,3.0,43.5,0.6,0.8,1.0,3.6,2.6,3.0,0.0,1.48,3.77,7.23
4fzFqds2,2020,2021-03-17 17:30:00,,FC Viitorul,Chindia Targoviste,0,0,58.0,42.0,6.0,6.0,2.0,2.0,4.0,4.0,3.0,5.0,4,3,0,0,24.0,19.0,1.0,1.0,20.0,25.0,29.0,18.0,2.0,2.0,1199.3799471149143,1195.3309120278857,28.967971662080345,24.918936575051628,4.0,8.2,4.0,4.2,57.0,1.2,0.6,1.0,0.4,2.4,2.0,5.6,1.6,1.4,35.0,0.6,0.6,1.4,2.4,2.2,1.0,1.0,1.88,3.06,4.5
jiWApxSe,2020,2021-03-18 17:00:00,,Astra Giurgiu,FC Botosani,1,1,50.0,50.0,12.0,6.0,6.0,2.0,6.0,4.0,9.0,0.0,1,3,0,0,15.0,11.0,0.0,2.0,13.0,15.0,26.0,27.0,1.0,5.0,1213.7717676245218,1204.801273436583,33.82704286870762,24.85654868076872,3.0,5.8,3.8,3.2,52.333333333333336,1.8,0.8,2.6,2.0,1.0,2.0,7.8,3.4,4.6,50.0,0.6,1.2,0.8,4.6,2.8,1.0,1.0,2.91,2.86,2.59
6aEc8uK2,2020,2021-03-19 17:30:00,,FC Voluntari,FC Hermannstadt,1,0,47.0,53.0,3.0,9.0,1.0,6.0,2.0,3.0,2.0,4.0,5,2,0,0,15.0,21.0,0.0,3.0,24.0,15.0,27.0,27.0,6.0,0.0,1152.0008460668764,1132.1065079920968,44.67809507488869,24.78375700010896,6.0,5.6,2.6,3.8,42.25,0.8,0.4,1.6,2.4,4.8,6.0,6.2,3.2,2.4,41.0,0.6,1.0,0.8,4.0,2.2,0.0,3.0,2.97,2.81,2.6
EPH56JlF,2020,2021-03-19 20:30:00,,FCSB,CFR Cluj,3,0,63.0,37.0,15.0,2.0,11.0,0.0,4.0,2.0,4.0,3.0,2,3,0,1,11.0,19.0,1.0,1.0,20.0,12.0,20.0,26.0,0.0,8.0,1328.1299434298185,1332.6891821564948,20.878600979102657,25.43783970577907,6.0,10.4,4.4,6.2,65.66666666666667,1.0,0.2,2.4,2.2,2.4,5.0,12.0,6.8,6.6,61.25,2.2,0.0,2.6,2.4,0.6,0.0,3.0,2.71,2.83,2.81
pjD17aZ8,2020,2021-03-20 19:15:00,,FC Arges,LPS HD Clinceni,1,1,54.0,46.0,6.0,4.0,2.0,2.0,4.0,2.0,3.0,7.0,3,5,0,0,12.0,20.0,0.0,5.0,25.0,12.0,29.0,30.0,1.0,1.0,1205.9177217745332,1204.2546517480012,28.321977996924716,26.65890797039258,4.0,7.2,3.6,4.0,47.6,1.2,1.6,2.0,1.2,1.6,7.0,6.4,2.2,2.0,48.25,0.4,0.6,0.8,1.8,2.8,0.0,3.0,2.52,2.91,2.96
E9TsivkS,2020,2021-03-20 21:30:00,,Poli Iasi,Dinamo Bucuresti,1,0,50.0,50.0,11.0,6.0,7.0,1.0,4.0,5.0,4.0,7.0,1,5,0,0,11.0,19.0,0.0,3.0,22.0,11.0,27.0,25.0,1.0,6.0,1048.3409268959024,1133.9694501218344,-59.03061809702194,26.597905128909932,6.0,5.2,2.0,4.4,45.0,1.2,2.8,0.2,4.2,3.4,5.0,7.4,3.2,5.4,51.8,0.4,2.0,0.4,2.6,3.0,0.0,3.0,3.73,3.18,2.02
dUW6oICk,2020,2021-03-21 16:00:00,,Sepsi Sf. Gheorghe,Gaz Metan Medias,1,1,56.0,44.0,10.0,8.0,4.0,5.0,6.0,3.0,9.0,3.0,2,2,0,1,13.0,15.0,4.0,1.0,16.0,17.0,30.0,29.0,4.0,3.0,1255.6450275199932,1140.807327949136,142.3118203615736,27.474120790716412,5.0,5.6,1.8,4.6,56.75,1.0,0.8,1.6,2.2,1.6,8.0,5.2,2.4,2.8,,0.4,1.6,0.0,3.0,2.6,3.0,0.0,1.76,3.32,4.78
ETPbqmmJ,2020,2021-04-02 17:30:00,,LPS HD Clinceni,Poli Iasi,2,1,51.0,49.0,12.0,3.0,6.0,1.0,6.0,2.0,5.0,0.0,1,5,0,0,12.0,18.0,2.0,0.0,18.0,14.0,28.0,30.0,0.0,4.0,1205.0680229677698,1060.0238023866555,172.22723758599182,27.183017004877428,12.0,6.0,2.2,3.0,49.0,0.6,0.8,0.8,2.2,1.8,12.0,6.4,2.8,4.0,45.666666666666664,0.8,2.2,0.6,3.6,3.4,1.0,1.0,,,
plYsmVmf,2020,2021-04-02 20:30:00,,Gaz Metan Medias,Astra Giurgiu,0,0,50.0,50.0,7.0,3.0,1.0,0.0,6.0,3.0,9.0,4.0,6,5,0,0,14.0,11.0,3.0,0.0,11.0,17.0,30.0,21.0,0.0,1.0,1144.6887117603223,1212.8012118823917,-40.52353548238921,27.588964639680125,12.0,5.6,2.6,3.0,48.666666666666664,0.4,1.4,0.2,2.6,2.4,15.0,6.6,3.6,4.2,51.75,1.4,0.6,2.2,1.8,0.8,0.0,3.0,,,
zwRfpTXC,2020,2021-04-03 15:00:00,,FC Hermannstadt,FC Arges,4,1,45.0,55.0,7.0,12.0,5.0,4.0,2.0,8.0,3.0,6.0,6,2,0,0,20.0,15.0,1.0,0.0,15.0,21.0,25.0,41.0,3.0,1.0,1123.3854052498286,1205.1043505547646,-54.042898114237914,27.676047190697922,14.0,6.2,3.2,3.2,45.8,0.4,1.2,0.2,3.4,1.6,13.0,7.2,3.2,4.0,48.4,1.2,1.6,2.0,1.6,1.8,1.0,1.0,,,
vBXonk30,2020,2021-04-04 15:00:00,,FC Botosani,FC Viitorul,1,0,53.0,47.0,12.0,6.0,8.0,2.0,4.0,4.0,9.0,2.0,3,4,0,0,14.0,14.0,0.0,1.0,15.0,14.0,23.0,22.0,2.0,7.0,1205.771829178713,1198.5481085244755,36.399254655261984,29.175534001024623,16.0,7.2,2.6,3.6,50.0,0.4,1.2,0.4,4.2,3.2,17.0,7.8,3.4,4.2,55.2,1.2,0.4,1.2,1.0,2.2,3.0,0.0,2.03,3.15,3.75
YDUwlBYm,2020,2021-04-04 17:30:00,,UTA Arad,Sepsi Sf. Gheorghe,2,0,44.0,56.0,13.0,7.0,7.0,3.0,6.0,4.0,6.0,6.0,1,2,0,1,9.0,14.0,3.0,0.0,14.0,12.0,23.0,23.0,3.0,5.0,1163.1498228224182,1251.7636437088067,-58.76657477785466,29.84724610853401,18.0,4.4,2.0,3.8,44.0,0.4,1.0,0.8,3.4,2.8,14.0,7.2,2.4,5.6,58.25,1.0,0.8,1.6,2.0,1.8,0.0,3.0,3.59,2.9,2.19
jkuZliJs,2020,2021-04-04 20:30:00,,FCSB,Univ. Craiova,0,0,50.0,50.0,4.0,7.0,1.0,4.0,3.0,3.0,5.0,1.0,1,4,0,0,15.0,17.0,3.0,3.0,20.0,18.0,19.0,17.0,4.0,1.0,1344.4108536246654,1289.7046913189902,85.79178113721582,31.085618831540653,16.0,11.4,6.0,5.4,63.0,1.6,0.0,3.0,2.0,1.4,19.0,8.6,4.0,4.8,56.8,1.2,0.2,2.4,1.6,1.8,3.0,0.0,2.15,3.03,3.54
I1Wko9I6,2020,2021-04-05 17:30:00,,Chindia Targoviste,FC Voluntari,1,0,47.0,53.0,7.0,7.0,1.0,2.0,6.0,5.0,0.0,4.0,0,3,0,0,16.0,13.0,3.0,0.0,13.0,19.0,18.0,48.0,2.0,0.0,1196.1627506183245,1160.7219488091446,66.34489864163879,30.90409683245879,19.0,5.6,1.8,1.6,36.75,0.4,0.4,1.4,2.6,2.4,17.0,5.8,2.8,3.8,44.5,1.0,0.4,2.0,2.6,4.4,3.0,0.0,,,
SWDt8WPJ,2020,2021-04-05 20:30:00,,CFR Cluj,Dinamo Bucuresti,1,0,61.0,39.0,14.0,3.0,6.0,1.0,8.0,2.0,4.0,3.0,4,6,0,2,14.0,11.0,3.0,3.0,14.0,17.0,24.0,16.0,1.0,5.0,1316.4082719616479,1122.2865746310813,225.63429292919795,31.512595598631343,17.0,9.4,5.2,5.8,55.0,2.2,0.6,2.4,2.2,2.2,15.0,7.8,3.2,6.2,51.6,0.4,2.2,0.2,3.2,3.8,3.0,0.0,,,
YBHuE4iH,2020,2021-04-08 19:00:00,,FC Viitorul,Poli Iasi,1,2,60.0,40.0,11.0,5.0,4.0,5.0,7.0,0.0,8.0,3.0,2,3,0,0,16.0,14.0,4.0,2.0,16.0,20.0,39.0,22.0,3.0,3.0,1189.5919470910171,1054.6111672559528,166.81491200552477,31.834132170460446,4.0,8.2,3.6,4.2,52.2,1.2,0.4,1.2,1.8,2.6,6.0,5.0,2.2,2.4,46.5,0.6,2.0,0.6,3.2,3.4,3.0,0.0,,,
nHfD2Ams,2020,2021-04-09 17:30:00,,Astra Giurgiu,UTA Arad,0,0,59.0,41.0,7.0,5.0,3.0,2.0,4.0,3.0,10.0,3.0,2,2,0,1,15.0,18.0,1.0,2.0,20.0,16.0,29.0,18.0,2.0,3.0,1211.6401112021545,1179.6614591291734,62.728022307424226,30.749370234443063,6.0,5.2,2.2,4.4,50.25,1.0,0.6,1.8,2.4,1.0,5.0,6.0,2.8,4.2,43.8,0.8,1.0,1.2,2.8,3.0,3.0,0.0,,,
f10Xcn2C,2020,2021-04-09 20:30:00,,Dinamo Bucuresti,LPS HD Clinceni,1,3,42.0,58.0,5.0,5.0,1.0,3.0,4.0,2.0,5.0,4.0,2,3,1,0,14.0,14.0,3.0,2.0,16.0,17.0,30.0,24.0,0.0,0.0,1117.9994203400265,1210.4806580984725,-61.86582447683236,30.61541328161369,4.0,7.8,3.4,5.6,50.6,0.4,2.0,0.2,3.6,3.8,7.0,7.8,3.2,3.8,49.4,1.0,1.0,1.2,2.2,1.4,1.0,1.0,,,
bZ6Oa8Xa,2020,2021-04-09 20:30:00,,FC Arges,Chindia Targoviste,3,1,50.0,50.0,9.0,5.0,5.0,2.0,4.0,3.0,4.0,5.0,2,2,0,0,9.0,16.0,0.0,5.0,21.0,9.0,34.0,33.0,1.0,2.0,1185.111193083742,1204.2760675006252,10.57677313688373,29.74164755376709,6.0,7.6,3.2,3.2,48.4,1.2,2.4,1.4,1.6,1.8,4.0,6.4,2.0,1.6,40.5,0.6,0.2,2.0,1.8,1.8,1.0,1.0,,,
Kr8K0lIg,2020,2021-04-09 20:30:00,,FC Voluntari,FC Botosani,1,1,42.0,58.0,7.0,5.0,4.0,2.0,3.0,3.0,5.0,5.0,0,1,0,0,9.0,4.0,0.0,2.0,6.0,9.0,28.0,23.0,1.0,3.0,1152.6086319268438,1214.7279906121714,-31.349330030385772,30.770028654941793,4.0,5.4,3.0,4.0,46.5,1.0,0.4,2.0,2.4,3.8,5.0,7.4,3.8,5.0,49.5,0.6,1.2,0.8,4.2,3.0,1.0,1.0,,,
tzIp7juQ,2020,2021-04-10 19:00:00,,Sepsi Sf. Gheorghe,FCSB,1,1,54.0,46.0,6.0,4.0,3.0,2.0,3.0,2.0,4.0,3.0,4,2,0,0,19.0,14.0,1.0,6.0,20.0,20.0,28.0,27.0,1.0,2.0,1235.2520074020515,1341.9905603035738,-75.90103433633749,30.8375185651848,6.0,7.2,2.6,5.8,57.8,1.0,1.2,1.4,2.2,2.6,5.0,10.0,5.0,5.6,57.0,1.4,0.0,2.6,1.8,2.2,1.0,1.0,,,
lOayc6HI,2020,2021-04-11 21:30:00,,Univ. Craiova,CFR Cluj,0,0,,,6.0,7.0,3.0,3.0,3.0,4.0,4.0,5.0,6,2,0,0,16.0,13.0,2.0,1.0,14.0,18.0,27.0,12.0,3.0,3.0,1292.1249846400817,1320.6954262527026,2.42836480657661,30.99880641919752,7.0,7.6,3.4,4.6,53.8,1.0,0.2,2.0,2.4,1.2,6.0,10.0,5.2,4.4,56.2,2.2,0.6,2.4,2.6,2.0,1.0,1.0,,,
tbdTbSn6,2020,2021-04-12 17:30:00,,Poli Iasi,FC Hermannstadt,1,0,,,9.0,6.0,5.0,3.0,4.0,3.0,9.0,10.0,4,2,0,0,13.0,13.0,2.0,1.0,14.0,15.0,26.0,28.0,3.0,4.0,1069.0746597361845,1143.3785627208513,-43.310338526926216,30.99356445774051,3.0,4.8,2.8,2.2,45.2,1.0,1.8,1.2,3.4,3.4,9.0,6.6,3.4,3.2,47.8,1.2,1.2,0.8,4.0,1.0,3.0,0.0,,,
Q7gH1U2m,2020,2021-04-12 20:30:00,,FC Viitorul,Gaz Metan Medias,0,2,64.0,36.0,12.0,7.0,6.0,3.0,6.0,4.0,9.0,3.0,2,3,0,0,7.0,14.0,1.0,2.0,15.0,11.0,31.0,17.0,1.0,6.0,1175.1284546107854,1145.8498124405596,61.11521822563691,31.836576055411154,4.0,8.2,2.8,4.4,54.2,0.4,0.8,0.6,2.2,3.0,10.0,6.2,2.4,4.2,49.0,0.4,1.2,0.4,3.4,1.4,0.0,3.0,,,
SCoYCcVb,2020,2021-04-16 17:30:00,,UTA Arad,FC Viitorul,1,0,44.0,56.0,11.0,8.0,3.0,1.0,8.0,7.0,4.0,3.0,3,2,0,0,18.0,14.0,0.0,0.0,14.0,18.0,22.0,27.0,1.0,2.0,1181.447551833565,1158.5240086047897,53.51478583373682,30.591242604961476,7.0,5.8,2.2,3.8,43.0,0.4,0.8,0.8,3.0,3.0,3.0,8.6,3.0,4.8,56.2,0.2,1.0,0.4,2.6,3.0,1.0,1.0,2.52,3.09,2.8
AyywCHp5,2020,2021-04-16 20:30:00,,Astra Giurgiu,Dinamo Bucuresti,0,0,52.0,48.0,6.0,6.0,4.0,2.0,2.0,4.0,4.0,1.0,2,3,1,0,11.0,14.0,3.0,0.0,14.0,14.0,21.0,22.0,2.0,4.0,1209.8540184977628,1106.3492106354051,134.73143449182476,31.226626629467038,7.0,6.2,2.6,5.6,52.25,0.8,0.4,1.8,2.2,1.4,7.0,8.0,3.4,6.2,49.0,0.6,1.6,0.2,3.8,3.2,2.0,0.5,2.54,2.82,3.03
lSZtBy0B,2020,2021-04-17 15:00:00,,Chindia Targoviste,FC Hermannstadt,2,0,40.0,60.0,5.0,5.0,3.0,2.0,2.0,3.0,1.0,3.0,1,2,0,1,11.0,8.0,1.0,1.0,4.0,5.0,11.0,10.0,2.0,1.0,1190.5643194849627,1132.1384080852426,89.37544908575478,30.94953768603472,7.0,6.0,1.6,2.4,42.75,0.6,0.8,1.4,1.8,1.4,4.0,7.0,3.8,4.6,49.0,1.0,1.0,0.8,3.4,1.6,0.5,2.0,2.36,2.86,3.29
dhZpAeFH,2020,2021-04-17 17:30:00,,Gaz Metan Medias,FC Voluntari,1,1,45.0,55.0,7.0,9.0,4.0,2.0,3.0,7.0,5.0,9.0,2,2,0,0,19.0,12.0,1.0,1.0,13.0,20.0,24.0,31.0,1.0,3.0,1162.4542584465553,1153.5084973967507,40.688974597355354,31.743213547550717,4.0,5.8,2.2,3.8,44.25,0.6,0.8,1.0,3.4,2.0,7.0,5.6,2.8,4.2,45.6,0.8,0.6,1.6,1.8,3.6,1.5,1.5,2.49,2.89,3.03
UwkrzRai,2020,2021-04-17 20:30:00,,Univ. Craiova,Sepsi Sf. Gheorghe,0,0,46.0,54.0,4.0,3.0,3.0,1.0,1.0,2.0,6.0,1.0,3,2,0,0,14.0,14.0,4.0,0.0,14.0,18.0,26.0,17.0,1.0,3.0,1292.055091820655,1237.4025121222212,86.30835840008604,31.655778701652153,5.0,7.0,3.2,4.4,52.5,1.0,0.0,2.2,3.4,1.2,7.0,6.4,2.6,6.0,57.2,0.8,1.2,1.0,2.4,2.8,2.0,0.5,1.8,3.09,5.11
YHdEhTqp,2020,2021-04-18 13:30:00,,FC Arges,Poli Iasi,0,0,50.0,50.0,5.0,2.0,1.0,0.0,4.0,2.0,3.0,1.0,1,3,0,0,14.0,16.0,2.0,2.0,18.0,16.0,33.0,35.0,0.0,1.0,1198.8229410994045,1080.314814371793,149.9813340087519,31.47320728114059,8.0,8.6,4.0,3.8,50.4,1.8,1.6,2.0,1.8,1.8,5.0,6.0,3.6,3.4,43.5,1.0,1.4,1.8,3.0,3.4,2.0,0.5,1.86,3.31,4.23
252kY4U3,2020,2021-04-18 18:30:00,,CFR Cluj,LPS HD Clinceni,3,0,62.0,38.0,15.0,6.0,5.0,4.0,10.0,2.0,3.0,0.0,3,3,0,0,11.0,12.0,2.0,2.0,14.0,13.0,41.0,17.0,4.0,2.0,1320.7653190721294,1222.130867803094,129.8026146724012,31.16816340336571,6.0,9.2,4.8,4.8,55.25,1.2,0.6,2.0,2.2,2.4,8.0,8.0,3.6,4.2,51.2,1.4,1.0,1.6,2.2,1.4,3.0,0.0,1.36,4.23,9.11
8UmnZpFc,2020,2021-04-18 21:00:00,,FCSB,FC Botosani,2,1,55.0,45.0,12.0,2.0,7.0,1.0,5.0,1.0,6.0,3.0,2,2,0,0,19.0,16.0,0.0,0.0,16.0,19.0,24.0,24.0,0.0,5.0,1339.8400555834041,1213.8281251422645,158.01519571279005,32.00326527165043,8.0,8.8,4.0,4.8,54.25,1.2,0.2,2.2,1.6,2.0,9.0,7.2,3.6,4.4,51.2,0.8,1.0,1.0,3.8,2.6,3.0,0.0,1.7,3.58,4.83
6mxkSlh0,2020,2021-04-20 16:45:00,,FC Hermannstadt,Astra Giurgiu,1,3,50.0,50.0,9.0,7.0,1.0,4.0,8.0,3.0,8.0,8.0,1,2,0,0,17.0,16.0,5.0,1.0,17.0,22.0,26.0,27.0,1.0,0.0,1121.5560632650293,1206.1594992519986,-52.16955080609591,32.43388518087332,3.0,6.2,3.6,4.6,51.5,0.8,1.0,0.8,3.0,1.8,3.0,6.6,3.0,6.0,52.75,0.4,0.2,1.4,2.2,1.4,0.0,3.0,2.5,2.81,3.11
bNYtUANm,2020,2021-04-20 19:00:00,,FC Viitorul,Gaz Metan Medias,1,0,60.0,40.0,9.0,6.0,4.0,2.0,5.0,4.0,4.0,3.0,5,5,0,0,17.0,14.0,3.0,0.0,14.0,20.0,20.0,15.0,2.0,3.0,1150.0522216113823,1161.2884605012412,20.29506437490727,31.531303264766255,4.0,8.6,3.0,5.0,57.0,0.2,1.2,0.2,2.8,3.0,3.0,6.2,2.6,4.4,44.4,0.8,0.8,1.2,3.2,2.2,0.0,3.0,1.9,3.2,4.16
CQxoTUxf,2020,2021-04-20 21:30:00,,Dinamo Bucuresti,UTA Arad,0,1,54.0,46.0,11.0,6.0,8.0,4.0,3.0,2.0,9.0,5.0,1,1,0,0,10.0,16.0,0.0,0.0,16.0,10.0,36.0,32.0,3.0,8.0,1110.0437298811694,1189.9193388269725,-47.63806633738591,32.237542608417165,4.0,6.2,2.4,5.4,46.8,0.4,1.4,0.2,3.6,3.4,4.0,7.2,2.8,4.6,43.4,0.6,0.6,1.4,3.0,2.4,1.5,1.5,2.34,2.93,3.21
GbqxVj8s,2020,2021-04-21 16:45:00,,FC Arges,Chindia Targoviste,0,1,52.0,48.0,10.0,4.0,4.0,1.0,6.0,3.0,5.0,4.0,1,1,0,0,14.0,27.0,1.0,3.0,30.0,15.0,22.0,29.0,0.0,4.0,1194.7556893957394,1201.146664305176,25.1987631055797,31.589738015016305,3.0,8.0,3.2,3.6,50.8,1.4,1.4,1.6,1.6,1.8,4.0,6.2,1.8,2.6,44.75,0.8,0.8,1.4,1.6,1.8,2.0,0.5,2.55,2.64,3.23
xOf2V2EM,2020,2021-04-21 19:00:00,,FC Botosani,Univ. Craiova,1,1,49.0,51.0,10.0,5.0,4.0,1.0,6.0,4.0,5.0,6.0,6,3,1,1,18.0,13.0,2.0,0.0,13.0,20.0,21.0,26.0,0.0,3.0,1208.086526352626,1289.6208062138342,-50.74884256978203,30.785437291426142,2.0,6.4,3.4,4.0,50.8,1.0,1.2,1.0,3.0,3.2,3.0,6.0,3.2,4.4,50.75,0.8,0.0,1.8,3.4,1.0,0.5,2.0,3.66,2.92,2.17
OKjbWraG,2020,2021-04-21 21:30:00,,Sepsi Sf. Gheorghe,CFR Cluj,0,1,58.0,42.0,6.0,7.0,2.0,5.0,4.0,2.0,3.0,3.0,3,4,0,0,16.0,16.0,2.0,5.0,21.0,18.0,45.0,35.0,4.0,2.0,1239.836797729042,1331.900010649259,-61.168997957998954,30.89421496221798,4.0,6.4,2.8,4.8,54.4,0.8,1.0,1.2,2.6,3.2,3.0,10.4,4.8,3.8,56.25,1.6,0.6,2.0,2.6,3.2,0.5,2.0,4.45,3.22,1.85
pvygR876,2020,2021-04-22 17:30:00,,Poli Iasi,FC Voluntari,0,1,62.0,38.0,8.0,6.0,3.0,4.0,5.0,2.0,7.0,2.0,2,5,0,0,15.0,25.0,1.0,4.0,29.0,16.0,30.0,13.0,3.0,3.0,1084.3820660754582,1154.6742953420649,-40.01731800622747,30.274911260379255,4.0,6.0,3.6,3.4,47.25,1.0,0.6,2.0,3.2,2.4,5.0,6.6,2.4,5.6,48.4,0.8,0.6,1.6,2.0,3.0,0.0,3.0,3.09,3.0,2.37
td1gXOqA,2020,2021-04-22 20:15:00,,LPS HD Clinceni,FCSB,0,2,44.0,56.0,8.0,13.0,5.0,7.0,3.0,6.0,5.0,8.0,3,1,0,0,11.0,14.0,0.0,3.0,17.0,11.0,19.0,23.0,5.0,5.0,1210.9961762259643,1345.5816543730427,-104.97456254351346,29.610915603565015,4.0,8.4,4.0,4.0,49.6,1.2,1.4,1.4,2.8,1.0,3.0,9.8,5.2,4.4,54.4,1.4,0.4,2.2,1.6,1.6,1.5,1.5,6.39,3.79,1.52
SYb2ygVD,2020,2021-04-23 17:30:00,,UTA Arad,FC Hermannstadt,0,1,61.0,39.0,9.0,11.0,2.0,4.0,7.0,7.0,2.0,6.0,1,5,0,0,13.0,26.0,0.0,0.0,26.0,13.0,28.0,22.0,3.0,2.0,1198.5567334056507,1109.5216377169352,117.89641174393091,28.861316055215333,2.0,7.2,3.2,5.4,44.2,0.8,0.4,2.0,2.0,3.2,3.0,7.2,3.4,5.6,52.0,1.0,1.6,0.6,2.6,1.8,1.0,1.0,2.39,2.97,3.12
QTKJC9hD,2020,2021-04-23 20:30:00,,Gaz Metan Medias,Dinamo Bucuresti,4,1,49.0,51.0,11.0,9.0,5.0,5.0,6.0,4.0,1.0,5.0,2,7,0,1,11.0,19.0,2.0,2.0,21.0,13.0,19.0,27.0,4.0,1.0,1151.8719359192291,1101.4063353024912,78.33175522517377,27.86615460843581,3.0,7.0,3.0,4.6,43.0,0.8,0.6,1.2,3.6,2.6,2.0,6.2,2.6,5.0,46.6,0.2,1.2,0.2,3.4,3.6,0.0,3.0,2.83,2.82,2.69
CQGFDkw7,2020,2021-04-24 17:30:00,,Astra Giurgiu,FC Arges,0,1,47.0,53.0,6.0,7.0,3.0,1.0,3.0,6.0,7.0,5.0,4,2,0,0,14.0,10.0,2.0,2.0,12.0,16.0,25.0,23.0,0.0,3.0,1218.1939248000926,1184.0316797478706,63.03942417452663,28.877179122304565,4.0,7.0,3.4,7.0,52.2,0.8,0.4,1.4,2.4,1.2,3.0,8.4,3.2,4.2,52.2,1.0,1.4,1.0,1.8,0.6,0.0,3.0,2.71,2.82,2.85
YgtYPtxp,2020,2021-04-24 20:30:00,,CFR Cluj,Univ. Craiova,1,2,63.0,37.0,13.0,9.0,3.0,7.0,10.0,2.0,6.0,2.0,2,3,0,0,10.0,15.0,2.0,0.0,15.0,12.0,32.0,25.0,5.0,2.0,1340.157393340442,1288.170437269943,79.97952757385633,27.992571503357453,2.0,9.0,3.8,3.6,50.5,1.0,0.6,2.0,3.2,3.6,3.0,6.0,2.8,5.6,50.25,0.6,0.2,1.4,3.4,1.6,1.0,1.0,1.94,2.99,4.39
EkcAZWaQ,2020,2021-04-25 15:00:00,,Chindia Targoviste,Poli Iasi,2,0,48.0,52.0,6.0,8.0,4.0,2.0,2.0,6.0,2.0,8.0,2,4,0,0,24.0,14.0,3.0,0.0,14.0,27.0,13.0,17.0,2.0,2.0,1211.8706739530448,1075.5287906512683,163.4147915060621,27.0729082042855,3.0,5.4,1.8,3.0,45.4,1.0,0.6,2.0,1.4,2.4,2.0,5.4,2.8,4.0,50.25,0.8,0.8,1.4,3.4,2.8,0.5,2.0,1.71,3.23,5.47
jVzwP0ij,2020,2021-04-25 19:15:00,,FC Botosani,LPS HD Clinceni,2,1,,,11.0,6.0,6.0,6.0,5.0,0.0,4.0,4.0,1,4,0,0,7.0,17.0,2.0,2.0,19.0,9.0,26.0,35.0,5.0,4.0,1209.536895296517,1201.0015155813019,36.20387141690617,27.668491701690925,4.0,7.0,3.4,4.4,51.0,1.0,1.0,1.2,3.0,3.0,2.0,7.0,4.0,4.2,47.4,1.2,1.6,1.4,3.0,1.6,0.5,2.0,1.89,3.15,4.35
Wpf6UMTS,2020,2021-04-25 21:30:00,,FCSB,Sepsi Sf. Gheorghe,1,2,59.0,41.0,6.0,7.0,3.0,6.0,3.0,1.0,3.0,3.0,2,2,1,0,17.0,19.0,4.0,0.0,19.0,21.0,39.0,29.0,4.0,2.0,1355.5763150177052,1231.579415037859,152.33752098652963,28.340621006683584,3.0,9.6,5.6,5.2,54.0,1.6,0.4,2.2,1.6,2.2,4.0,6.4,2.6,4.6,55.6,0.4,1.0,0.6,2.6,3.4,1.0,1.0,1.97,3.04,4.16
6Pc6zDpK,2020,2021-04-26 20:30:00,,FC Voluntari,FC Viitorul,1,0,36.0,64.0,5.0,7.0,4.0,3.0,1.0,4.0,4.0,4.0,2,1,0,0,25.0,9.0,0.0,0.0,9.0,25.0,15.0,31.0,3.0,3.0,1163.5275707662547,1159.4687461933943,31.34016859710141,27.281344024241005,4.0,6.4,2.6,4.4,47.0,0.8,0.6,1.6,3.0,2.6,6.0,9.2,3.4,5.2,57.4,0.4,1.2,0.6,3.0,3.0,1.5,1.5,2.95,2.83,2.59
roPbHXwr,2020,2021-04-27 16:30:00,,FC Hermannstadt,Gaz Metan Medias,1,2,42.0,58.0,6.0,2.0,2.0,2.0,4.0,0.0,3.0,2.0,4,2,0,0,14.0,9.0,2.0,2.0,11.0,16.0,33.0,36.0,0.0,1.0,1122.7904570073288,1165.3522627708126,-14.597932033037978,27.9638737304459,3.0,7.6,3.0,6.0,48.5,1.2,1.4,1.2,3.2,2.2,3.0,7.6,3.0,4.2,44.0,1.4,0.6,1.6,3.6,2.8,1.0,1.0,2.58,2.69,3.13
Q5xXLDVQ,2020,2021-04-27 19:00:00,,FC Arges,UTA Arad,4,1,52.0,48.0,8.0,6.0,6.0,4.0,2.0,2.0,3.0,5.0,2,0,0,0,19.0,16.0,1.0,0.0,16.0,20.0,28.0,24.0,3.0,2.0,1195.8264480004987,1185.287914115257,37.78390125469218,27.24536736945066,3.0,8.6,3.0,4.6,52.0,1.0,1.2,1.4,1.6,1.0,4.0,8.8,3.6,4.0,47.2,0.8,0.2,2.0,1.6,3.6,2.0,0.5,2.2,2.96,3.48
vDI7FB8f,2020,2021-04-28 14:00:00,,Chindia Targoviste,Astra Giurgiu,0,0,49.0,51.0,5.0,5.0,2.0,2.0,3.0,3.0,6.0,6.0,2,2,0,0,11.0,16.0,2.0,0.0,16.0,13.0,19.0,20.0,2.0,2.0,1219.811787251784,1206.3991565474646,41.81631903830612,28.403688333986704,2.0,5.4,2.2,2.4,46.6,1.4,0.6,2.4,1.2,2.4,3.0,5.8,2.8,6.6,51.6,0.6,0.4,1.2,3.0,1.0,0.5,2.0,2.52,2.59,3.38
GU3aasT2,2020,2021-04-28 16:30:00,,Sepsi Sf. Gheorghe,LPS HD Clinceni,1,0,57.0,43.0,16.0,1.0,7.0,1.0,9.0,0.0,3.0,3.0,3,2,0,0,22.0,18.0,3.0,2.0,20.0,25.0,17.0,24.0,1.0,6.0,1245.7031081370935,1192.039791514733,81.9771705322305,28.31385390986987,2.0,5.8,3.0,3.4,52.6,0.6,1.0,1.0,2.6,3.0,2.0,7.4,4.8,3.6,47.75,1.2,1.8,1.2,2.8,2.2,0.5,2.0,1.68,3.37,5.38
fL23b1r9,2020,2021-04-28 19:00:00,,CFR Cluj,FC Botosani,2,0,50.0,50.0,7.0,7.0,6.0,0.0,1.0,7.0,2.0,2.0,3,3,1,1,12.0,6.0,0.0,3.0,9.0,12.0,31.0,30.0,0.0,4.0,1327.8952160194826,1218.498619363086,138.28670104565458,28.89010438925789,3.0,11.2,4.4,4.2,57.0,1.2,0.4,2.0,3.0,3.0,2.0,8.0,4.2,5.2,51.25,1.2,1.0,1.6,2.6,3.0,1.5,1.5,1.47,3.91,7.07
I3HBEVN0,2020,2021-04-29 14:30:00,,Poli Iasi,FC Viitorul,0,3,52.0,48.0,8.0,8.0,5.0,4.0,3.0,4.0,7.0,3.0,2,6,0,0,16.0,25.0,0.0,6.0,31.0,16.0,22.0,22.0,1.0,5.0,1067.5876773525292,1150.3683501106623,-53.23110766346099,29.549565094672005,3.0,6.4,3.0,5.6,51.0,0.6,0.8,1.4,3.2,2.4,2.0,9.4,3.6,5.6,60.8,0.4,1.2,0.6,2.4,2.2,1.5,1.5,4.06,3.33,1.88
MyO2Gigl,2020,2021-04-29 17:00:00,,Dinamo Bucuresti,FC Voluntari,2,0,60.0,40.0,12.0,8.0,8.0,2.0,4.0,6.0,15.0,4.0,2,4,0,0,12.0,14.0,1.0,1.0,15.0,13.0,18.0,24.0,2.0,6.0,1087.9260084509078,1172.6279668489867,-56.25394672778816,28.44801167029072,5.0,6.8,3.4,4.6,46.8,0.4,1.8,0.2,3.8,2.6,2.0,6.8,3.2,4.8,44.8,0.8,0.6,1.6,2.4,2.0,2.0,0.5,2.33,2.99,3.18
GxbOzbj2,2020,2021-04-29 19:45:00,,Univ. Craiova,FCSB,2,0,,,6.0,8.0,3.0,3.0,3.0,5.0,1.0,2.0,4,3,1,0,14.0,12.0,3.0,2.0,14.0,17.0,13.0,33.0,3.0,1.0,1300.4326145909024,1341.4526219184706,-11.341087128576646,29.67892019899162,4.0,6.2,3.6,3.8,46.0,0.6,0.4,1.4,3.8,2.0,3.0,7.8,4.0,5.0,53.2,1.2,0.8,1.6,1.6,3.0,0.5,2.0,2.45,3.08,2.9
Q9hY0Cg1,2020,2021-04-30 17:30:00,,Gaz Metan Medias,FC Arges,1,1,47.0,53.0,4.0,10.0,2.0,5.0,2.0,5.0,3.0,7.0,1,0,0,0,12.0,11.0,3.0,1.0,12.0,15.0,25.0,32.0,4.0,1.0,1174.9323475840824,1211.270727527646,-5.5641895058981845,30.774190437665247,3.0,6.6,3.2,2.8,45.6,1.8,0.8,2.0,2.8,3.0,2.0,7.8,3.4,4.0,51.4,1.6,0.6,2.0,1.6,1.4,2.0,0.5,2.9,2.8,2.66
hGpKOFo8,2020,2021-05-01 15:00:00,,UTA Arad,Chindia Targoviste,0,1,62.0,38.0,3.0,5.0,1.0,2.0,2.0,3.0,7.0,3.0,1,2,0,0,13.0,13.0,0.0,1.0,14.0,13.0,42.0,18.0,1.0,1.0,1169.8436345881098,1218.6139949302262,-17.98415966266066,30.786200679455817,3.0,7.4,3.0,3.8,48.0,0.6,1.0,1.4,1.4,3.4,3.0,5.0,2.4,3.6,47.0,1.2,0.6,2.0,1.6,2.4,2.0,0.5,,,
rqKuuDsl,2020,2021-05-01 17:30:00,,FC Botosani,Sepsi Sf. Gheorghe,2,1,40.0,60.0,6.0,6.0,5.0,3.0,1.0,3.0,6.0,8.0,5,2,0,0,18.0,15.0,2.0,0.0,15.0,20.0,14.0,35.0,2.0,3.0,1209.7058099575645,1253.386447862267,-13.60564993149137,30.074987973211243,2.0,7.0,2.6,3.8,50.5,1.0,1.4,1.0,2.6,3.4,3.0,7.6,3.8,2.8,52.8,0.8,0.6,1.6,2.8,2.2,0.5,2.0,,,
EVYSMgGK,2020,2021-05-02 13:30:00,,Astra Giurgiu,Poli Iasi,1,2,64.0,36.0,13.0,2.0,4.0,2.0,9.0,0.0,7.0,4.0,1,6,0,1,8.0,15.0,1.0,0.0,15.0,9.0,25.0,25.0,0.0,3.0,1207.5969488690223,1052.9002983607788,185.55099363369186,30.854343125448494,3.0,6.2,3.2,7.0,51.8,0.6,0.4,1.2,2.4,1.2,2.0,7.0,3.0,6.4,54.0,0.2,1.2,0.8,3.0,2.0,3.0,0.0,,,
40ix0W87,2020,2021-05-02 16:00:00,,FC Voluntari,FC Hermannstadt,0,1,50.0,50.0,9.0,2.0,2.0,1.0,7.0,1.0,8.0,4.0,1,4,0,0,14.0,12.0,0.0,1.0,13.0,14.0,18.0,23.0,0.0,2.0,1156.2158531329746,1113.210372194059,72.74346597132285,29.737985032407206,2.0,7.0,3.2,4.8,42.2,0.8,0.8,1.6,2.6,3.2,4.0,7.4,2.4,6.0,47.75,0.6,1.6,0.6,2.8,1.6,1.5,1.5,,,
W6qONZ0E,2020,2021-05-02 18:30:00,,FC Viitorul,Dinamo Bucuresti,1,2,58.0,42.0,8.0,8.0,4.0,4.0,4.0,4.0,3.0,6.0,2,2,0,0,18.0,11.0,0.0,2.0,13.0,18.0,24.0,15.0,2.0,3.0,1165.0557291024127,1104.3381221669197,89.55081759899713,28.833210663504136,3.0,8.8,3.6,4.6,58.4,0.8,0.8,1.2,3.2,2.6,3.0,8.6,4.8,7.0,51.0,0.8,1.6,0.8,3.0,2.0,3.0,0.0,,,
0KUztgSs,2020,2021-05-02 21:00:00,,LPS HD Clinceni,Univ. Craiova,1,0,43.0,57.0,4.0,11.0,1.0,6.0,3.0,5.0,2.0,3.0,2,1,0,0,12.0,12.0,2.0,2.0,14.0,14.0,12.0,20.0,6.0,1.0,1184.3564517895595,1315.0362177732175,-102.78569626871945,27.894069714938457,4.0,5.2,3.8,3.2,45.75,0.8,1.8,0.6,3.0,3.4,3.0,6.0,3.4,3.8,44.666666666666664,1.0,0.4,1.8,3.8,2.4,2.0,0.5,,,
lr27cLcF,2020,2021-05-03 20:30:00,,FCSB,CFR Cluj,1,1,43.0,57.0,6.0,8.0,4.0,3.0,2.0,5.0,8.0,4.0,3,4,0,0,17.0,19.0,4.0,1.0,20.0,21.0,22.0,23.0,2.0,3.0,1326.8490187361556,1336.688025425004,19.020689508611213,28.859696197459638,4.0,8.6,4.4,4.4,54.0,1.2,1.2,1.4,2.0,2.4,5.0,9.8,4.4,3.8,54.25,1.4,0.4,2.0,2.8,2.8,1.5,1.5,,,
YBDg8f1R,2020,2021-05-04 19:00:00,,Chindia Targoviste,Gaz Metan Medias,1,1,49.0,51.0,7.0,3.0,2.0,1.0,5.0,2.0,5.0,0.0,1,2,0,0,19.0,8.0,1.0,1.0,9.0,20.0,27.0,27.0,0.0,1.0,1228.0968310134872,1175.09248414129,81.82302458169761,28.818677709500438,3.0,5.0,2.4,3.2,44.6,1.2,0.0,2.6,1.6,2.2,4.0,6.0,3.0,2.8,47.8,1.6,1.0,1.6,2.4,2.6,1.5,1.5,,,
UsaP2YOl,2020,2021-05-05 12:00:00,,Astra Giurgiu,UTA Arad,1,2,52.0,48.0,7.0,8.0,2.0,5.0,5.0,3.0,5.0,4.0,0,4,0,0,11.0,17.0,1.0,3.0,20.0,12.0,26.0,28.0,3.0,1.0,1192.7121742951385,1160.3607985048488,60.99661890385755,28.645243113567883,2.0,7.4,3.4,6.4,52.8,0.8,0.8,1.0,2.2,0.8,3.0,7.0,2.8,4.6,52.2,0.6,1.2,1.2,1.2,3.0,2.0,0.5,2.5,2.99,2.9
zLaL3E9r,2020,2021-05-05 14:15:00,,FC Hermannstadt,FC Viitorul,0,0,38.0,62.0,6.0,5.0,2.0,2.0,4.0,3.0,6.0,6.0,5,3,0,1,21.0,14.0,1.0,1.0,15.0,22.0,18.0,19.0,2.0,2.0,1125.2740304461,1152.5338497882035,0.5050883146484466,27.76490765675196,2.0,6.6,2.0,4.8,48.2,0.8,1.4,1.2,3.2,1.2,2.0,8.0,3.2,3.4,57.2,1.0,0.8,1.2,3.2,2.8,0.5,2.0,2.78,2.88,2.7
ro3T1hve,2020,2021-05-05 16:30:00,,Poli Iasi,Dinamo Bucuresti,1,2,61.0,39.0,8.0,9.0,6.0,4.0,2.0,5.0,10.0,4.0,1,3,0,0,10.0,16.0,1.0,5.0,21.0,11.0,36.0,23.0,2.0,5.0,1067.7850729346626,1116.8600014811286,-21.31111120971832,27.763817336747604,3.0,5.6,2.4,5.4,50.4,0.4,1.4,0.8,3.4,2.0,2.0,9.2,5.4,7.2,51.0,1.0,1.2,1.4,3.0,2.6,1.5,1.5,4.92,3.55,1.68
UaMixBR6,2020,2021-05-05 19:00:00,,Sepsi Sf. Gheorghe,Univ. Craiova,2,0,46.0,54.0,12.0,5.0,5.0,2.0,7.0,3.0,7.0,4.0,2,1,0,0,14.0,12.0,1.0,3.0,15.0,15.0,29.0,35.0,2.0,3.0,1242.995045832437,1302.1611980062683,-32.10638871346896,27.059763460362394,4.0,7.6,3.8,3.6,54.0,0.8,0.8,1.4,2.4,2.6,2.0,7.0,4.0,3.6,47.75,1.0,0.6,1.6,2.8,2.0,0.6666666666666666,1.6666666666666667,2.9,2.86,2.6
6ksc9znL,2020,2021-05-06 14:30:00,,FC Arges,FC Voluntari,3,0,54.0,46.0,10.0,9.0,6.0,3.0,4.0,6.0,4.0,2.0,2,0,0,0,8.0,9.0,3.0,5.0,14.0,11.0,42.0,26.0,3.0,3.0,1211.1105909704384,1144.1521948809336,95.17655686808757,28.21816077858291,5.0,8.0,3.4,4.6,52.0,1.2,0.6,1.6,1.2,1.4,3.0,7.4,2.8,5.4,43.8,0.6,0.8,1.4,2.8,3.0,3.0,0.0,,,
j9NmwiC0,2020,2021-05-06 17:00:00,,LPS HD Clinceni,CFR Cluj,0,1,45.0,55.0,6.0,11.0,4.0,7.0,2.0,4.0,6.0,6.0,0,4,0,0,8.0,20.0,0.0,1.0,21.0,8.0,25.0,23.0,6.0,4.0,1197.2314715565087,1337.2349385977934,-110.83348458472551,29.169982456559264,3.0,5.0,3.4,2.8,42.0,0.4,1.6,0.6,2.8,4.6,2.0,10.0,4.4,3.6,54.8,1.6,0.6,2.0,3.2,2.8,0.0,3.0,,,
MZIqvXdf,2020,2021-05-06 19:45:00,,FC Botosani,FCSB,1,3,50.0,50.0,7.0,7.0,5.0,6.0,2.0,1.0,7.0,4.0,5,4,0,0,16.0,17.0,0.0,4.0,21.0,16.0,25.0,18.0,3.0,4.0,1220.0972119873945,1326.3021055633662,-77.55345629863427,28.651437277337354,5.0,7.2,3.2,4.0,46.0,1.2,1.4,1.4,3.4,3.2,2.0,9.0,4.8,5.4,53.25,1.2,1.2,1.4,2.2,2.4,0.0,3.0,,,
KYvoCx22,2020,2021-05-08 13:30:00,,Gaz Metan Medias,Astra Giurgiu,2,1,52.0,48.0,8.0,6.0,3.0,4.0,5.0,2.0,1.0,5.0,2,5,0,1,11.0,14.0,2.0,1.0,15.0,13.0,16.0,21.0,3.0,1.0,1177.4049454203907,1180.9743682042595,24.25425610180355,27.823678885672315,3.0,5.2,2.4,1.8,49.0,1.6,1.0,1.6,2.4,2.6,3.0,7.6,3.0,6.6,52.8,1.0,1.2,0.8,1.8,1.0,0.5,2.0,,,
YyqkBdH8,2020,2021-05-08 21:15:00,,Dinamo Bucuresti,FC Hermannstadt,2,0,52.0,48.0,7.0,4.0,5.0,0.0,2.0,4.0,7.0,0.0,3,5,0,1,16.0,15.0,0.0,3.0,18.0,16.0,28.0,28.0,0.0,3.0,1126.2473864995982,1125.259492846042,29.509300404560236,28.521406751003862,3.0,9.8,5.8,7.8,49.2,1.4,1.4,1.8,3.0,2.8,3.0,6.8,2.0,5.4,43.8,0.8,1.0,1.4,3.8,1.4,2.0,0.5,,,
SbrgAGWE,2020,2021-05-09 14:00:00,,UTA Arad,Poli Iasi,1,2,53.0,47.0,13.0,9.0,2.0,6.0,11.0,3.0,6.0,1.0,1,1,0,0,13.0,15.0,3.0,2.0,17.0,16.0,22.0,21.0,4.0,1.0,1172.098604595728,1058.397687916193,143.19311286310926,29.49219618357431,4.0,6.4,3.2,4.6,53.0,0.8,1.4,1.2,1.4,3.0,3.0,6.8,3.6,7.2,52.6,0.6,1.8,0.6,3.0,2.2,1.5,1.5,,,
xAF04Qrd,2020,2021-05-09 16:30:00,,FC Viitorul,FC Arges,1,0,53.0,47.0,3.0,10.0,2.0,2.0,1.0,8.0,6.0,3.0,3,3,0,0,16.0,16.0,4.0,0.0,16.0,20.0,23.0,17.0,2.0,1.0,1152.5483873882615,1223.8015466767897,-42.80368111819121,28.449478170336914,4.0,7.4,3.4,4.0,58.4,1.0,0.6,1.4,3.4,2.8,3.0,9.0,4.4,4.8,52.8,1.8,0.6,2.0,1.4,2.0,0.5,2.0,,,
OCIsaYYJ,2020,2021-05-09 19:00:00,,Univ. Craiova,FC Botosani,2,3,,,9.0,10.0,7.0,4.0,2.0,6.0,4.0,3.0,3,7,2,1,11.0,7.0,0.0,0.0,7.0,11.0,28.0,14.0,1.0,5.0,1286.7159004299947,1209.0604334318607,106.94687968522953,29.29141268709559,4.0,7.2,3.8,3.2,49.75,1.0,1.0,1.4,2.4,2.4,2.0,8.2,4.0,4.8,47.25,1.2,1.6,1.4,4.0,2.8,1.6666666666666667,0.6666666666666666,,,
G0E43pb2,2020,2021-05-10 16:45:00,,FC Voluntari,Chindia Targoviste,0,0,54.0,46.0,5.0,7.0,2.0,1.0,3.0,6.0,2.0,3.0,0,3,0,0,10.0,14.0,2.0,0.0,14.0,12.0,21.0,26.0,1.0,2.0,1131.4612391745823,1225.7843697343865,-66.00555584264839,28.317574717155907,4.0,7.4,3.0,4.0,42.0,0.4,1.2,1.2,2.4,3.0,5.0,5.4,2.2,4.0,46.4,1.0,0.2,2.2,1.6,1.8,0.0,3.0,,,
A9UazkdJ,2020,2021-05-10 19:00:00,,CFR Cluj,Sepsi Sf. Gheorghe,0,1,49.0,51.0,5.0,6.0,1.0,2.0,4.0,4.0,6.0,5.0,1,2,0,0,9.0,18.0,4.0,2.0,20.0,13.0,29.0,29.0,1.0,1.0,1344.1488743207522,1258.4403434087105,114.1669002776814,28.458369365639697,4.0,9.2,4.8,4.2,53.4,1.2,0.6,2.0,3.4,2.8,5.0,9.4,4.6,4.8,52.4,1.2,0.8,1.8,2.4,2.4,2.3333333333333335,0.3333333333333333,,,
COBdyVtD,2020,2021-05-10 21:30:00,,FCSB,LPS HD Clinceni,2,2,58.0,42.0,9.0,6.0,5.0,5.0,4.0,1.0,6.0,5.0,1,3,0,0,10.0,10.0,2.0,0.0,10.0,12.0,28.0,21.0,3.0,3.0,1337.3388841189,1190.31753583355,174.49177180121092,27.47042351586089,4.0,8.0,4.6,5.0,52.0,1.4,1.2,1.4,2.6,3.2,4.0,5.0,3.4,4.0,43.75,0.4,1.2,0.6,2.2,5.4,2.0,1.0,,,
MmbIhWBm,2020,2021-05-14 17:30:00,,LPS HD Clinceni,FC Botosani,4,3,47.0,53.0,8.0,4.0,4.0,2.0,4.0,2.0,5.0,3.0,2,1,0,0,10.0,15.0,0.0,3.0,18.0,10.0,24.0,14.0,0.0,0.0,1194.956208983525,1222.044939697723,0.033792315414530094,27.122523029612772,3.0,4.6,3.4,4.0,43.25,0.8,1.2,0.8,2.2,5.0,4.0,8.2,4.0,4.4,46.666666666666664,1.6,1.8,1.8,4.2,3.8,1.3333333333333333,1.3333333333333333,3.86,3.21,1.98
8zBd56Tk,2020,2021-05-14 20:30:00,,Chindia Targoviste,FC Viitorul,0,2,50.0,50.0,5.0,8.0,3.0,5.0,2.0,3.0,1.0,8.0,0,0,0,0,15.0,8.0,0.0,3.0,11.0,15.0,24.0,25.0,3.0,3.0,1223.9071077546025,1163.7741809450438,88.00537689259522,27.87245008303638,4.0,6.0,2.2,3.8,46.0,0.8,0.2,1.8,2.0,1.4,5.0,6.2,3.0,4.4,57.0,1.0,0.6,1.4,3.0,2.8,1.0,1.0,4.2,2.97,1.99
O2ZPAS5S,2020,2021-05-15 14:00:00,,Poli Iasi,FC Hermannstadt,0,1,57.0,43.0,11.0,10.0,6.0,1.0,5.0,9.0,7.0,5.0,5,5,0,0,14.0,19.0,0.0,1.0,20.0,14.0,26.0,21.0,0.0,6.0,1072.3005947593583,1112.3156337451026,-13.46631193273629,26.548727053007916,6.0,7.0,4.2,6.0,49.6,1.0,1.8,1.2,2.8,1.8,6.0,5.8,1.8,3.8,43.4,0.6,0.8,1.4,4.6,1.8,3.0,0.0,3.6,3.24,2.04
I5WHClyG,2020,2021-05-15 16:30:00,,Astra Giurgiu,FC Voluntari,0,3,52.0,48.0,8.0,3.0,3.0,3.0,5.0,0.0,5.0,3.0,0,2,0,0,4.0,20.0,1.0,1.0,21.0,5.0,23.0,23.0,0.0,3.0,1171.671329999839,1133.3385011543662,64.16061072156049,25.827781876087702,7.0,7.4,3.0,6.0,52.4,0.6,1.4,0.2,2.4,1.2,4.0,7.2,2.6,4.0,45.2,0.2,1.2,0.8,1.4,2.6,1.5,1.5,2.28,3.08,3.19
rcaEgCds,2020,2021-05-15 21:30:00,,Univ. Craiova,CFR Cluj,1,3,48.0,52.0,4.0,7.0,1.0,3.0,3.0,4.0,0.0,4.0,0,3,0,0,12.0,11.0,4.0,1.0,12.0,16.0,24.0,28.0,0.0,0.0,1273.7313941641323,1330.976262990368,-32.95332693528053,24.29154189095524,6.0,8.0,5.0,2.8,49.333333333333336,1.2,1.4,1.2,2.4,2.0,5.0,8.8,4.0,4.8,54.8,1.0,0.8,1.4,2.8,2.6,1.6666666666666667,0.6666666666666666,3.38,2.88,2.31
CSVLB8jM,2020,2021-05-16 14:00:00,,UTA Arad,Gaz Metan Medias,1,0,61.0,39.0,13.0,2.0,7.0,0.0,6.0,2.0,10.0,1.0,5,3,0,0,15.0,12.0,5.0,3.0,15.0,20.0,20.0,27.0,0.0,6.0,1158.1956977525626,1186.7079836248113,-5.181103987281176,23.33118188496747,7.0,7.8,2.8,4.8,54.4,0.8,1.8,0.6,1.4,2.2,8.0,5.6,2.6,1.4,51.4,2.0,1.0,2.2,1.8,2.6,1.5,1.5,2.04,3.17,3.69
UqCh6nEq,2020,2021-05-16 16:30:00,,FC Arges,Dinamo Bucuresti,1,2,55.0,45.0,7.0,8.0,3.0,4.0,4.0,4.0,6.0,8.0,2,3,0,0,17.0,18.0,3.0,0.0,18.0,20.0,23.0,14.0,2.0,2.0,1212.5757531200074,1139.1912456005375,97.47687288746079,24.092365367990848,7.0,9.0,4.0,4.4,51.8,1.8,0.6,2.0,1.8,2.2,7.0,9.0,5.2,7.4,48.8,1.8,1.2,2.4,3.4,2.2,1.5,1.5,3.06,2.78,2.57
23HobhlQ,2020,2021-05-16 22:00:00,,Sepsi Sf. Gheorghe,FCSB,2,2,56.0,44.0,10.0,5.0,5.0,3.0,5.0,2.0,4.0,5.0,4,2,0,0,15.0,11.0,1.0,1.0,12.0,16.0,44.0,26.0,1.0,3.0,1271.6129547390947,1332.7002109689251,-37.949959021498216,23.137297208332228,6.0,9.4,4.6,5.2,51.0,1.4,0.6,2.4,2.2,1.8,6.0,7.2,4.2,4.6,52.5,1.4,1.6,1.0,2.6,2.8,1.6666666666666667,0.6666666666666666,3.01,3.05,2.4
CxiVkUe6,2020,2021-05-18 20:30:00,,FC Botosani,CFR Cluj,0,1,,,5.0,8.0,3.0,3.0,2.0,5.0,7.0,7.0,0,1,0,0,13.0,17.0,4.0,1.0,18.0,17.0,27.0,35.0,2.0,3.0,1212.0459123187416,1343.781063070205,-108.51625622393908,23.218894527524203,4.0,6.8,3.2,4.2,48.25,1.8,2.4,1.2,4.2,2.8,2.0,7.6,4.0,4.4,52.6,1.4,0.6,2.0,3.0,1.6,1.0,2.0,6.16,3.99,1.51
vFXDDUL9,2020,2021-05-19 18:30:00,,Gaz Metan Medias,Poli Iasi,4,2,55.0,45.0,7.0,12.0,5.0,6.0,2.0,6.0,4.0,3.0,1,2,0,0,12.0,5.0,3.0,2.0,7.0,15.0,14.0,23.0,4.0,1.0,1176.558870517833,1062.6879924004222,136.56669245262106,22.695814335210443,3.0,3.8,1.6,1.4,49.4,1.2,1.0,1.6,2.0,3.0,4.0,7.6,5.0,5.8,50.6,1.0,1.6,1.2,3.0,1.4,3.0,0.0,1.23,5.47,12.65
Mww9EA63,2020,2021-05-19 18:30:00,,FC Voluntari,UTA Arad,0,0,49.0,51.0,13.0,9.0,5.0,3.0,8.0,6.0,10.0,4.0,2,2,0,0,10.0,13.0,3.0,1.0,14.0,13.0,30.0,25.0,3.0,5.0,1153.8217009561324,1168.344810859541,8.836673149744456,23.359783053153098,4.0,6.8,2.4,3.8,47.6,0.6,1.2,0.8,1.4,2.6,3.0,8.6,3.8,6.4,54.4,1.0,1.6,1.2,2.2,1.6,0.5,2.0,2.07,3.41,3.34
rmv5Fjic,2020,2021-05-19 18:30:00,,FC Viitorul,Astra Giurgiu,1,0,57.0,43.0,7.0,6.0,3.0,4.0,4.0,2.0,4.0,5.0,4,2,0,0,18.0,17.0,4.0,0.0,17.0,22.0,18.0,19.0,4.0,2.0,1181.4238213454232,1151.1881301980727,53.57640282029956,23.340711672949112,4.0,6.4,3.4,5.2,54.2,1.4,0.4,2.0,2.8,2.8,4.0,7.8,3.0,5.6,53.4,0.6,1.8,0.2,1.6,1.2,2.0,0.5,2.01,3.29,3.64
GtnJimaj,2020,2021-05-19 18:30:00,,FC Hermannstadt,FC Arges,1,0,53.0,47.0,8.0,4.0,3.0,1.0,5.0,3.0,6.0,2.0,3,3,0,0,15.0,12.0,1.0,0.0,12.0,16.0,32.0,24.0,1.0,2.0,1121.9282361040387,1199.8415109912257,-53.9373090907834,23.975965796403568,4.0,5.6,1.2,3.6,44.2,0.6,0.8,1.4,4.6,2.6,3.0,9.0,4.4,4.6,52.2,1.8,1.0,1.4,1.8,2.0,2.0,0.5,2.25,3.05,3.28
UqjNj7Ed,2020,2021-05-19 18:30:00,,Dinamo Bucuresti,Chindia Targoviste,0,0,55.0,45.0,6.0,1.0,2.0,0.0,4.0,1.0,5.0,2.0,1,2,0,0,13.0,6.0,1.0,4.0,10.0,14.0,26.0,34.0,0.0,2.0,1151.9254877293192,1206.257467354223,-29.49050723046139,24.841472394442565,3.0,8.8,5.0,8.0,47.6,2.0,0.6,3.0,2.6,2.4,4.0,5.8,2.0,3.6,46.4,0.4,0.6,1.2,1.6,1.6,0.0,3.0,1.75,3.39,4.78
GAcMijRg,2020,2021-05-19 21:30:00,,FCSB,Univ. Craiova,0,1,40.0,60.0,2.0,13.0,1.0,6.0,1.0,7.0,1.0,8.0,0,0,0,0,7.0,4.0,0.0,3.0,7.0,7.0,16.0,19.0,5.0,1.0,1331.6122467130322,1260.9265940842954,95.5906329550462,24.904980326309367,2.0,7.0,4.2,5.0,48.75,1.6,1.6,1.2,2.6,2.6,4.0,7.0,3.8,2.4,53.0,1.0,1.8,0.6,1.8,1.6,1.3333333333333333,1.3333333333333333,4.99,3.6,1.7
UD1QjAt0,2020,2021-05-20 20:30:00,,LPS HD Clinceni,Sepsi Sf. Gheorghe,2,1,45.0,55.0,5.0,11.0,3.0,4.0,2.0,7.0,0.0,6.0,1,2,0,0,12.0,12.0,4.0,0.0,12.0,16.0,20.0,25.0,3.0,1.0,1204.9552363625064,1272.7009189949877,-43.791997535292694,23.953685097188448,6.0,5.0,3.0,4.2,44.0,1.4,1.4,1.4,1.8,4.2,3.0,10.0,4.4,5.4,54.0,1.4,0.8,2.0,2.6,1.6,1.3333333333333333,1.3333333333333333,6.32,4.11,1.48
jTkZllBC,2020,2021-05-25 20:30:00,,CFR Cluj,FCSB,2,0,61.0,39.0,17.0,8.0,6.0,6.0,11.0,2.0,6.0,7.0,2,3,0,0,15.0,16.0,1.0,3.0,19.0,16.0,28.0,16.0,6.0,4.0,1350.7554656343884,1318.9283103247533,56.62487558130874,24.797720271673484,7.0,7.8,3.4,5.4,53.25,1.2,0.6,2.0,2.6,2.2,5.0,5.8,3.8,4.8,47.0,1.6,1.4,1.2,2.0,3.4,1.3333333333333333,1.3333333333333333,1.28,5.34,9.26
bgkwl8QI,2020,2021-05-26 18:30:00,,Univ. Craiova,LPS HD Clinceni,0,0,49.0,51.0,10.0,8.0,5.0,5.0,5.0,3.0,8.0,5.0,1,3,0,1,13.0,16.0,2.0,0.0,16.0,15.0,13.0,17.0,5.0,5.0,1273.6105304725743,1216.2090386889736,83.08852085322201,25.687029069621264,6.0,8.4,4.4,3.8,54.75,0.8,1.8,0.6,1.0,1.2,5.0,5.8,3.4,3.6,44.4,1.8,1.4,2.0,1.6,3.6,0.3333333333333333,2.3333333333333335,1.65,3.78,4.89
xplsmSuP,2020,2021-05-27 17:30:00,,Sepsi Sf. Gheorghe,FC Botosani,1,0,44.0,56.0,10.0,5.0,3.0,3.0,7.0,2.0,3.0,3.0,4,4,0,0,21.0,12.0,3.0,3.0,15.0,24.0,19.0,27.0,3.0,2.0,1261.4471166685205,1205.071509754558,81.88661786387547,25.511010949913018,6.0,9.0,3.8,6.0,53.6,1.4,1.2,1.4,2.4,1.6,8.0,6.4,3.8,5.2,47.666666666666664,1.8,2.2,1.2,3.6,2.4,1.3333333333333333,1.3333333333333333,2.0,3.51,3.4
xvXkwSfL,2020,2021-05-27 20:30:00,,Chindia Targoviste,FC Viitorul,2,3,37.0,63.0,6.0,13.0,4.0,9.0,2.0,4.0,3.0,7.0,3,2,0,0,9.0,10.0,0.0,1.0,11.0,9.0,32.0,20.0,6.0,2.0,1205.4106949293323,1189.893876324816,41.60426502772657,26.08744642321026,8.0,5.0,1.6,2.8,45.6,0.4,0.6,1.2,1.6,1.6,8.0,6.2,3.2,5.4,56.0,1.0,0.4,2.0,2.4,2.6,0.6666666666666666,1.6666666666666667,3.12,2.74,2.57
hhO3Nawn,2020,2021-05-29 15:30:00,,CS Mioveni,FC Hermannstadt,0,0,55.0,45.0,9.0,5.0,2.0,0.0,7.0,5.0,4.0,7.0,1,4,0,0,12.0,17.0,0.0,0.0,17.0,12.0,30.0,23.0,0.0,2.0,1200.0,1133.468324077892,91.77973914206495,25.248063219956926,7.0,,,,,,,,,,9.0,6.0,1.4,4.2,46.4,0.6,0.4,2.0,4.4,2.8,,,2.9,2.92,2.54
lvbg3dhU,2020,2021-05-29 18:00:00,,Dunarea Calarasi,FC Voluntari,1,2,47.0,53.0,2.0,21.0,1.0,14.0,1.0,7.0,1.0,8.0,4,1,1,0,15.0,14.0,0.0,0.0,14.0,15.0,26.0,28.0,12.0,0.0,1200.0,1153.567415886746,71.48700821618718,25.054424102933105,7.0,,,,,,,,,,9.0,7.8,3.0,5.0,49.4,0.6,0.8,1.0,1.0,2.0,,,,,
pp4RDAi4,2020,2021-05-30 20:30:00,,Sepsi Sf. Gheorghe,FC Viitorul,1,0,52.0,48.0,8.0,2.0,4.0,0.0,4.0,2.0,7.0,4.0,3,1,0,0,17.0,17.0,1.0,4.0,21.0,18.0,37.0,36.0,0.0,3.0,1269.1329229791504,1201.0856523681937,92.19951904759046,24.15224843663378,3.0,9.8,3.8,5.0,50.4,1.4,0.8,2.0,2.8,1.6,3.0,7.2,4.2,6.2,57.0,1.4,0.4,2.6,2.4,2.6,1.0,1.0,1.74,3.34,4.96
MRS7MJhh,2020,2021-06-02 19:00:00,,FC Hermannstadt,CS Mioveni,1,2,47.0,53.0,6.0,9.0,2.0,4.0,4.0,5.0,1.0,4.0,3,1,2,0,17.0,18.0,1.0,0.0,18.0,18.0,29.0,21.0,2.0,1.0,1136.050178971543,1197.4181451063491,-36.66020231388916,24.707763820917013,4.0,6.6,1.2,4.8,45.4,0.4,0.4,1.6,4.4,2.8,4.0,,,,,,,,,,1.0,1.0,,,
E1PaOuOu,2020,2021-06-03 20:30:00,,FC Voluntari,Dunarea Calarasi,4,0,58.0,42.0,21.0,9.0,9.0,6.0,12.0,3.0,8.0,5.0,1,4,0,1,8.0,5.0,1.0,0.0,5.0,9.0,12.0,19.0,6.0,5.0,1165.596424770737,1187.970991116009,1.6620424874356559,24.036608832707447,5.0,10.2,5.4,5.0,50.0,1.0,0.8,1.6,1.0,2.0,5.0,,,,,,,,,,3.0,0.0,,,
ncpZ19PB,2021,2021-07-15 20:30:00,,FC Botosani,FCSB,0,0,46.0,54.0,6.0,8.0,2.0,3.0,4.0,5.0,1.0,6.0,3,1,0,0,10.0,13.0,1.0,1.0,14.0,11.0,23.0,35.0,3.0,2.0,1197.3857034439282,1307.0708596854495,-84.15572296830737,25.52943327321395,49.0,6.2,3.4,4.6,53.0,1.4,2.2,0.6,3.4,2.4,51.0,6.2,4.2,4.6,46.2,1.4,1.6,1.0,2.0,3.8,0.0,3.0,3.79,3.46,1.91
40ZE6XAt,2021,2021-07-16 18:30:00,,Sepsi Sf. Gheorghe,LPS HD Clinceni,2,0,58.0,42.0,14.0,1.0,5.0,0.0,9.0,1.0,7.0,3.0,1,4,0,0,4.0,20.0,1.0,0.0,20.0,5.0,29.0,21.0,0.0,3.0,1276.5397947695935,1218.5559469517502,83.69147448718854,25.707626669345196,46.0,9.0,3.6,5.0,51.6,1.2,0.8,2.0,3.0,1.2,51.0,6.6,4.2,4.2,46.0,1.6,1.4,1.6,1.8,3.4,1.3333333333333333,1.3333333333333333,1.55,3.72,6.17
2immBD2P,2021,2021-07-16 21:30:00,,CFR Cluj,U Craiova 1948,3,2,59.0,41.0,13.0,5.0,7.0,2.0,6.0,3.0,3.0,4.0,2,3,0,0,20.0,7.0,2.0,0.0,7.0,22.0,21.0,13.0,0.0,4.0,1362.6129162736922,1200.0,189.13053728644581,26.51762101275369,52.0,9.6,4.0,5.8,54.25,1.4,0.4,2.4,2.2,2.8,7.0,,,,,,,,,,,,1.45,4.03,7.43
CQxN4Bug,2021,2021-07-17 18:30:00,,Gaz Metan Medias,CS Mioveni,1,0,45.0,55.0,5.0,9.0,2.0,1.0,3.0,8.0,0.0,9.0,4,1,1,0,18.0,17.0,1.0,5.0,22.0,19.0,21.0,17.0,1.0,1.0,1185.4117867570683,1206.3668782824766,5.940317751711973,26.89540927712024,59.0,4.8,2.2,1.8,48.8,1.6,1.2,1.6,1.8,3.6,44.0,,,,,,,,1.0,0.5,,,2.15,3.13,3.44
hzoV2kA5,2021,2021-07-17 21:30:00,,Univ. Craiova,FC Arges,1,0,59.0,41.0,7.0,5.0,4.0,2.0,3.0,3.0,3.0,2.0,0,2,0,0,11.0,11.0,6.0,4.0,15.0,17.0,23.0,25.0,2.0,3.0,1271.2636222097976,1188.3014230173724,110.59478651226891,27.63258731984376,52.0,8.2,4.2,4.8,52.75,0.8,1.6,0.8,1.0,2.0,59.0,8.2,3.4,4.4,51.2,1.0,1.0,0.8,2.0,1.8,2.0,0.5,1.56,3.62,6.34
fkSR3Vfa,2021,2021-07-18 18:30:00,,UTA Arad,Farul Constanta,0,0,61.0,39.0,9.0,4.0,2.0,2.0,7.0,2.0,8.0,3.0,1,4,0,1,13.0,17.0,0.0,2.0,19.0,13.0,25.0,24.0,2.0,2.0,1168.5990959289275,1200.0,-3.2493052753679876,28.151598795704608,60.0,9.2,3.6,6.2,55.0,0.8,0.8,1.4,2.6,2.2,7.0,,,,,,,,,,,,2.18,3.11,3.38
YZwJ5iQn,2021,2021-07-18 21:30:00,,Rapid Bucuresti,Chindia Targoviste,1,0,63.0,37.0,6.0,7.0,2.0,6.0,4.0,1.0,5.0,3.0,2,4,0,0,10.0,12.0,1.0,0.0,12.0,11.0,34.0,28.0,6.0,1.0,1200.0,1194.2189188859545,33.93969389453105,28.158612780485498,7.0,,,,,,,,,,52.0,5.2,2.0,2.8,45.4,0.6,1.2,0.6,1.8,2.6,,,2.41,2.89,3.19
0n94nUPO,2021,2021-07-19 20:30:00,,Dinamo Bucuresti,FC Voluntari,3,2,50.0,50.0,9.0,12.0,5.0,7.0,4.0,5.0,4.0,6.0,3,4,0,0,10.0,14.0,0.0,2.0,16.0,10.0,28.0,23.0,5.0,2.0,1152.77226015421,1185.500750644157,-3.8929102686468013,28.835580221300308,61.0,7.6,3.8,6.0,46.6,1.6,0.6,2.6,2.4,2.0,46.0,12.6,6.6,6.2,52.4,1.8,0.2,2.2,1.2,2.6,2.3333333333333335,0.3333333333333333,3.39,3.03,2.22
f370IU9h,2021,2021-07-23 18:30:00,,FC Arges,UTA Arad,0,1,63.0,37.0,10.0,8.0,4.0,3.0,6.0,5.0,5.0,3.0,1,2,0,0,9.0,16.0,1.0,2.0,18.0,10.0,32.0,36.0,2.0,4.0,1181.3812700058943,1168.692615726006,42.28263767186331,29.59398339197483,5.0,7.2,2.8,3.4,48.8,0.8,1.0,0.6,2.4,2.2,5.0,10.4,3.8,6.4,54.8,0.8,0.6,1.6,2.6,2.4,2.3333333333333335,0.3333333333333333,2.53,2.92,2.96
byEiKjut,2021,2021-07-23 21:30:00,,CS Mioveni,Rapid Bucuresti,0,2,42.0,58.0,8.0,7.0,3.0,4.0,5.0,3.0,5.0,4.0,0,1,0,0,12.0,7.0,2.0,3.0,10.0,14.0,26.0,28.0,2.0,3.0,1196.5378377128297,1209.0262325441975,16.264762109061394,28.75315694042912,6.0,9.0,2.3333333333333335,5.666666666666667,54.333333333333336,0.6666666666666666,0.6666666666666666,1.3333333333333333,1.0,0.6666666666666666,5.0,,,,,,,,,,,,3.05,2.96,2.43
Yg64HlPb,2021,2021-07-24 18:30:00,,FC Voluntari,FC Botosani,0,1,44.0,56.0,4.0,11.0,2.0,4.0,2.0,7.0,3.0,3.0,3,4,0,0,21.0,18.0,0.0,3.0,21.0,21.0,20.0,17.0,3.0,2.0,1175.3887083684967,1199.7616153923448,3.269972506855993,27.642879530704022,4.0,14.0,7.6,7.0,51.6,2.2,0.8,2.0,2.0,2.8,8.0,6.0,2.8,3.4,51.666666666666664,1.2,1.6,0.8,3.0,2.4,1.0,1.0,2.83,2.85,2.68
rPwr0mfO,2021,2021-07-24 21:30:00,,LPS HD Clinceni,CFR Cluj,1,2,40.0,60.0,3.0,9.0,1.0,3.0,2.0,6.0,3.0,11.0,3,4,0,0,13.0,11.0,1.0,0.0,11.0,14.0,25.0,20.0,1.0,0.0,1207.7560223729704,1367.6500931319129,-133.00824982289805,26.88582093604446,8.0,5.6,3.4,3.6,45.4,1.6,1.6,1.6,2.6,2.8,8.0,10.0,4.0,5.2,55.25,1.8,0.8,2.4,1.8,2.0,0.0,3.0,6.35,3.63,1.56
CvIeJAfn,2021,2021-07-25 18:30:00,,Farul Constanta,Gaz Metan Medias,2,0,49.0,51.0,14.0,7.0,6.0,2.0,8.0,5.0,6.0,5.0,4,3,0,0,22.0,15.0,2.0,3.0,18.0,24.0,19.0,30.0,2.0,4.0,1199.9064802029216,1195.2408273267151,31.07534482461233,26.409691948406017,7.0,,,,,,,,,,8.0,5.0,2.2,1.2,48.4,1.6,1.0,2.0,2.4,3.0,,,1.88,3.13,4.46
Mkirfq37,2021,2021-07-25 21:30:00,,FCSB,Univ. Craiova,4,1,54.0,46.0,8.0,10.0,6.0,4.0,2.0,6.0,2.0,4.0,1,2,0,0,14.0,10.0,2.0,3.0,13.0,16.0,30.0,27.0,3.0,2.0,1304.6949477370329,1278.1837752212757,53.88690920420004,27.375736688442807,10.0,6.4,3.6,5.0,47.0,0.8,1.4,0.6,1.4,3.4,8.0,8.6,4.6,4.6,54.0,1.0,1.2,1.4,0.8,1.8,0.3333333333333333,2.3333333333333335,2.25,3.11,3.22
MFxna79U,2021,2021-07-26 18:30:00,,Chindia Targoviste,Sepsi Sf. Gheorghe,1,1,,,6.0,8.0,4.0,2.0,2.0,6.0,6.0,2.0,2,5,0,0,14.0,16.0,4.0,0.0,16.0,18.0,18.0,23.0,1.0,3.0,1185.192686341757,1287.3397193483734,-73.6721375326365,28.474895473979917,7.0,5.2,2.8,2.4,43.0,0.4,1.2,0.4,2.4,2.8,10.0,10.6,4.2,5.4,53.0,1.4,0.8,2.0,2.8,1.0,1.5,1.5,4.13,2.88,2.05
Qmqw1TvI,2021,2021-07-26 21:30:00,,U Craiova 1948,Dinamo Bucuresti,1,0,60.0,40.0,12.0,4.0,6.0,2.0,6.0,2.0,10.0,3.0,2,4,0,0,13.0,21.0,0.0,0.0,21.0,13.0,15.0,20.0,2.0,5.0,1194.9628231417794,1162.8843024298703,60.710108817008404,28.631588105099357,10.0,,,,,,,,,,7.0,7.8,4.0,5.6,48.2,1.8,0.8,2.6,2.6,2.4,,,1.94,3.36,3.81
AacPCQwU,2021,2021-07-30 19:00:00,,Gaz Metan Medias,FC Arges,2,2,50.0,50.0,5.0,5.0,3.0,3.0,2.0,2.0,5.0,2.0,0,1,0,0,12.0,12.0,1.0,0.0,12.0,13.0,19.0,28.0,1.0,1.0,1182.3602307928913,1170.1702506519514,41.44183267883159,29.251852537891743,5.0,5.8,2.4,2.2,48.4,1.4,1.2,1.8,2.6,3.6,7.0,7.2,2.4,3.6,50.6,0.2,1.2,0.0,2.2,2.0,1.6666666666666667,0.6666666666666666,2.9,2.76,2.71
GxbLD6ON,2021,2021-07-30 21:30:00,,Rapid Bucuresti,Farul Constanta,0,0,49.0,51.0,8.0,11.0,5.0,1.0,3.0,10.0,5.0,3.0,1,2,0,0,9.0,18.0,2.0,1.0,19.0,11.0,21.0,28.0,1.0,5.0,1223.829931340532,1212.7870767367453,40.205669615848365,29.162815012061646,7.0,,,,,,,,1.5,4.5,5.0,,,,,,,,4.0,2.0,,,2.2,3.01,3.45
lQSZWTOo,2021,2021-07-31 19:15:00,,FC Voluntari,U Craiova 1948,2,1,,,4.0,8.0,3.0,2.0,1.0,6.0,2.0,6.0,0,0,0,0,15.0,12.0,2.0,0.0,12.0,17.0,25.0,26.0,1.0,1.0,1165.294593773036,1203.2330155790112,-8.862012355189563,29.07640945078555,7.0,14.2,7.4,7.0,50.8,1.6,1.0,1.4,2.2,2.8,4.0,,,,,,,,2.5,3.0,,,2.49,3.16,2.79
KA4CFSgB,2021,2021-07-31 22:00:00,,CFR Cluj,Chindia Targoviste,1,0,61.0,39.0,9.0,3.0,4.0,1.0,5.0,2.0,5.0,1.0,0,1,0,0,11.0,13.0,0.0,1.0,14.0,11.0,38.0,24.0,1.0,3.0,1373.9984796337587,1187.2819214233496,216.56209370500028,29.845535494591083,7.0,10.8,4.4,6.2,58.0,2.2,0.8,3.0,2.4,1.8,5.0,5.0,3.4,3.0,42.25,0.6,1.4,0.4,2.2,2.6,2.0,0.5,1.45,3.79,8.11
C8qi8pno,2021,2021-08-01 19:15:00,,Univ. Craiova,FC Botosani,1,2,49.0,51.0,12.0,4.0,4.0,2.0,8.0,2.0,5.0,0.0,6,4,0,0,17.0,12.0,1.0,5.0,17.0,18.0,35.0,20.0,0.0,3.0,1263.5283247474476,1209.8557299878055,83.85305590296639,30.180461143324177,6.0,8.8,4.0,4.6,52.4,0.8,1.4,1.4,0.6,2.0,8.0,6.2,2.8,3.4,52.75,0.8,1.2,0.8,2.4,1.8,1.3333333333333333,1.3333333333333333,,,
YPfng3ID,2021,2021-08-01 22:00:00,,UTA Arad,FCSB,1,1,42.0,58.0,11.0,8.0,4.0,4.0,7.0,4.0,5.0,6.0,1,2,0,0,13.0,18.0,0.0,2.0,20.0,13.0,22.0,31.0,3.0,3.0,1179.9036350799488,1319.350398210861,-110.19387877873169,29.25288435218056,9.0,10.4,3.4,6.2,52.6,0.6,0.4,1.6,2.2,3.0,7.0,6.2,3.8,4.2,46.2,1.2,1.2,1.0,1.4,3.4,0.0,3.0,,,
2ZgHEn9H,2021,2021-08-02 18:30:00,,Sepsi Sf. Gheorghe,CS Mioveni,1,2,62.0,38.0,9.0,4.0,2.0,3.0,7.0,1.0,10.0,2.0,0,1,0,0,3.0,19.0,3.0,3.0,22.0,6.0,30.0,22.0,1.0,1.0,1285.2504842667809,1181.734138916495,132.99943460944837,29.483089259162615,7.0,10.2,3.6,5.0,52.25,1.2,0.6,2.0,3.0,1.4,9.0,8.75,2.5,5.5,51.25,0.5,1.0,1.0,0.75,1.0,,,,,
tK58G8v5,2021,2021-08-02 21:30:00,,Dinamo Bucuresti,LPS HD Clinceni,3,1,54.0,46.0,13.0,6.0,6.0,4.0,7.0,2.0,2.0,6.0,2,2,0,0,10.0,9.0,2.0,1.0,10.0,12.0,23.0,21.0,3.0,3.0,1154.6141099926385,1201.4076358711245,-18.334291139766947,28.459234738718994,7.0,6.8,3.6,5.4,48.4,1.4,0.8,2.0,2.8,2.4,9.0,5.0,2.6,3.2,45.0,1.4,1.6,1.4,2.6,2.4,0.5,2.0,,,
O2NbRPhN,2021,2021-08-06 18:30:00,,FC Botosani,UTA Arad,2,1,53.0,47.0,12.0,8.0,4.0,4.0,8.0,4.0,4.0,3.0,2,4,0,0,16.0,15.0,1.0,3.0,18.0,17.0,33.0,32.0,3.0,2.0,1222.223420536387,1182.9730338397096,68.82620109955587,29.575814402878446,4.0,6.2,2.8,2.8,52.25,0.6,0.6,1.4,3.0,2.4,4.0,10.0,3.8,6.0,50.4,0.6,0.2,1.8,2.2,2.8,0.5,2.0,,,
MwRsV7gb,2021,2021-08-06 21:30:00,,CS Mioveni,CFR Cluj,0,1,47.0,53.0,6.0,13.0,3.0,6.0,3.0,7.0,1.0,7.0,3,5,0,0,12.0,13.0,5.0,1.0,14.0,17.0,21.0,30.0,5.0,3.0,1195.3855325224101,1378.4641549502,-152.89946787990675,30.179154547883225,4.0,7.8,2.6,4.8,48.6,0.8,1.0,1.4,0.8,1.0,5.0,11.2,4.6,6.4,60.25,1.8,0.6,3.0,1.8,2.0,,,,,
2gM2Qq8T,2021,2021-08-07 18:30:00,,LPS HD Clinceni,U Craiova 1948,1,2,49.0,51.0,7.0,9.0,2.0,2.0,5.0,7.0,3.0,1.0,5,3,0,0,14.0,15.0,2.0,2.0,17.0,16.0,27.0,18.0,0.0,1.0,1186.5199070156652,1192.9780016616041,23.281342993394674,29.739437639333577,4.0,4.6,2.6,3.4,44.8,0.8,1.6,0.8,2.6,3.0,6.0,8.333333333333334,3.3333333333333335,6.666666666666667,,1.3333333333333333,1.6666666666666667,1.0,1.6666666666666667,2.3333333333333335,,,,,
GxKjToOA,2021,2021-08-07 21:30:00,,FC Arges,Rapid Bucuresti,0,1,61.0,39.0,8.0,11.0,0.0,6.0,8.0,5.0,1.0,0.0,3,5,0,0,13.0,21.0,3.0,2.0,23.0,16.0,33.0,15.0,5.0,0.0,1171.3574176630193,1222.677857190184,-22.381183620065713,28.93925590709913,8.0,6.2,2.6,3.4,51.2,0.6,1.4,0.2,1.8,2.0,8.0,7.0,3.6666666666666665,4.666666666666667,56.666666666666664,1.0,0.0,2.3333333333333335,1.3333333333333333,3.3333333333333335,,,,,
SGRwWmvh,2021,2021-08-08 19:00:00,,Chindia Targoviste,Dinamo Bucuresti,1,0,46.0,54.0,10.0,4.0,4.0,0.0,6.0,4.0,2.0,5.0,5,3,0,0,14.0,18.0,1.0,0.0,18.0,15.0,26.0,28.0,0.0,3.0,1182.8162461069082,1169.5018388480978,41.551910115983446,28.237502857173098,7.0,4.6,3.0,3.0,39.5,0.6,1.2,0.4,2.4,2.6,5.0,8.0,3.8,4.4,48.8,1.6,1.0,2.0,2.6,3.0,2.3333333333333335,0.3333333333333333,2.02,3.14,3.82
fTIfS5wH,2021,2021-08-08 22:00:00,,FCSB,Gaz Metan Medias,2,1,54.0,46.0,16.0,7.0,6.0,2.0,10.0,5.0,7.0,5.0,1,3,0,0,13.0,9.0,0.0,1.0,10.0,13.0,16.0,21.0,1.0,4.0,1316.2809994511001,1181.1730637818234,164.00616673714148,28.898231067864838,7.0,6.8,4.0,4.4,49.0,1.0,1.0,1.0,1.4,3.4,9.0,5.2,2.4,3.0,48.0,1.4,1.4,1.4,2.2,3.2,3.0,0.0,1.33,4.69,9.39
YDUoUR84,2021,2021-08-09 18:30:00,,Farul Constanta,Sepsi Sf. Gheorghe,1,0,51.0,49.0,5.0,15.0,2.0,5.0,3.0,10.0,0.0,11.0,1,2,1,0,13.0,18.0,7.0,3.0,21.0,20.0,35.0,23.0,5.0,1.0,1213.9391508870933,1271.5990906608658,-28.341597951416134,29.31834182235628,9.0,9.666666666666666,3.0,4.0,46.333333333333336,0.6666666666666666,0.0,1.6666666666666667,3.3333333333333335,3.0,7.0,9.8,3.2,5.8,54.0,1.2,0.6,2.0,2.6,1.4,,,,,
8zaVL3Gp,2021,2021-08-09 21:30:00,,Univ. Craiova,FC Voluntari,3,0,61.0,39.0,12.0,2.0,7.0,0.0,5.0,2.0,10.0,2.0,3,3,0,0,16.0,8.0,1.0,2.0,10.0,17.0,25.0,22.0,0.0,4.0,1251.160634198866,1175.549607690443,105.74041324494851,30.129386736525543,8.0,10.4,4.6,5.6,52.6,0.8,1.2,1.4,1.8,2.0,9.0,12.4,7.0,5.4,51.25,2.0,1.2,1.8,1.8,2.4,2.0,0.5,,,
88xbNGik,2021,2021-08-13 18:30:00,,FC Voluntari,LPS HD Clinceni,1,0,47.0,53.0,10.0,9.0,6.0,1.0,4.0,8.0,5.0,6.0,3,0,0,0,17.0,10.0,1.0,1.0,11.0,18.0,19.0,24.0,1.0,5.0,1163.343571508139,1175.8508172525394,18.537593705797917,31.04483945019836,3.0,8.6,4.2,4.2,47.75,1.6,1.6,1.2,2.2,3.2,6.0,5.0,2.4,4.0,45.6,0.6,1.8,0.2,3.4,2.4,2.0,0.5,2.35,2.94,3.2
zsiHq78i,2021,2021-08-13 21:30:00,,CFR Cluj,Farul Constanta,1,0,49.0,51.0,10.0,3.0,7.0,1.0,3.0,2.0,5.0,5.0,0,1,0,0,10.0,14.0,1.0,0.0,14.0,11.0,26.0,18.0,1.0,6.0,1384.3270470641953,1224.7530830760168,191.32882475564134,31.754860767462734,7.0,12.2,5.2,6.4,58.8,1.8,0.6,3.0,2.6,2.0,4.0,8.5,2.75,3.0,47.5,0.75,0.0,2.0,2.75,3.5,,,1.59,3.54,5.98
E7KPuP7G,2021,2021-08-14 19:00:00,,U Craiova 1948,Chindia Targoviste,0,0,60.0,40.0,4.0,8.0,1.0,3.0,3.0,5.0,9.0,2.0,4,2,0,0,10.0,11.0,1.0,0.0,11.0,11.0,30.0,31.0,3.0,1.0,1203.64709142473,1191.625955582798,44.150219501864285,32.129083659932284,7.0,8.5,3.0,5.25,50.666666666666664,1.5,1.5,1.5,2.0,2.0,6.0,6.4,3.8,3.0,39.75,0.8,1.2,0.8,3.0,2.2,,,2.21,2.91,3.54
QqmgOdxq,2021,2021-08-14 21:30:00,,UTA Arad,Univ. Craiova,1,0,49.0,51.0,10.0,10.0,4.0,4.0,6.0,6.0,8.0,4.0,4,3,0,0,10.0,7.0,2.0,1.0,8.0,12.0,20.0,20.0,4.0,3.0,1174.9284985729792,1263.3666703811703,-56.40388435218347,32.034287456007675,8.0,9.0,3.2,4.6,47.6,0.6,0.6,1.2,2.0,3.2,5.0,10.2,4.8,6.0,52.8,1.2,1.2,1.4,2.4,1.8,0.0,3.0,3.17,2.97,2.34
EXkLrRNc,2021,2021-08-15 18:30:00,,Sepsi Sf. Gheorghe,FC Arges,0,2,62.0,38.0,4.0,5.0,0.0,3.0,4.0,2.0,8.0,3.0,1,5,0,0,16.0,13.0,5.0,4.0,17.0,21.0,36.0,27.0,1.0,0.0,1260.7851584719424,1162.0007103306723,131.68943467052054,32.9049865292504,6.0,10.8,3.6,7.4,55.25,1.0,0.8,1.4,2.2,1.0,7.0,6.4,2.0,2.4,52.4,0.4,1.2,0.2,2.0,2.6,2.0,0.5,1.68,3.36,5.41
tfMHsow4,2021,2021-08-15 21:30:00,,Rapid Bucuresti,FCSB,1,0,44.0,56.0,6.0,10.0,2.0,5.0,4.0,5.0,3.0,6.0,5,6,1,1,24.0,17.0,2.0,2.0,19.0,26.0,12.0,28.0,5.0,1.0,1232.0345645225311,1321.8824761776527,-58.38740331208328,31.46050834303822,8.0,8.0,4.25,3.5,52.25,1.0,0.0,2.5,2.25,2.5,6.0,9.6,5.0,5.6,51.8,1.4,1.0,1.6,1.6,2.6,,,4.19,3.59,1.77
KpLLt5hA,2021,2021-08-16 18:30:00,,Gaz Metan Medias,FC Botosani,0,1,50.0,50.0,9.0,12.0,5.0,5.0,4.0,7.0,6.0,4.0,2,0,0,0,13.0,12.0,1.0,0.0,12.0,14.0,20.0,19.0,4.0,5.0,1175.5715870552708,1230.2679558031175,-22.360994329628284,32.33537441821833,7.0,6.2,2.8,3.8,49.4,1.6,1.6,1.4,2.2,2.8,10.0,7.6,3.0,2.2,52.4,1.0,0.6,2.0,3.4,2.6,0.0,3.0,3.3,3.02,2.25
Mw3ZKNVj,2021,2021-08-16 21:30:00,,Dinamo Bucuresti,CS Mioveni,0,1,49.0,51.0,8.0,4.0,3.0,3.0,5.0,1.0,0.0,6.0,4,3,0,0,12.0,15.0,0.0,4.0,19.0,12.0,30.0,33.0,2.0,3.0,1160.692129372208,1189.5226404084149,2.803066930190198,31.63357796639712,8.0,7.2,3.0,3.8,50.6,1.2,1.0,1.4,2.6,3.2,10.0,7.2,2.8,4.2,47.0,0.8,1.2,1.2,1.2,2.0,,,2.42,3.09,2.9
ro72Q4PQ,2021,2021-08-20 18:30:00,,Chindia Targoviste,LPS HD Clinceni,2,2,52.0,48.0,6.0,10.0,3.0,5.0,3.0,5.0,1.0,2.0,4,2,0,0,14.0,10.0,0.0,2.0,12.0,14.0,27.0,28.0,3.0,1.0,1192.8899049684596,1166.383866355681,57.38356580408799,30.877527191309316,5.0,6.8,3.6,2.8,40.5,0.4,0.6,1.0,2.8,1.2,7.0,5.2,1.6,4.2,46.0,0.6,2.0,0.0,2.8,2.4,3.0,0.0,2.03,2.92,4.21
nay2Mz7e,2021,2021-08-20 21:30:00,,Farul Constanta,Dinamo Bucuresti,3,0,54.0,46.0,13.0,4.0,6.0,1.0,7.0,3.0,8.0,3.0,1,2,0,0,12.0,8.0,1.0,6.0,14.0,13.0,16.0,13.0,1.0,3.0,1219.763444509756,1150.6114523710373,99.90676115604833,30.754769017329657,7.0,7.4,2.4,3.4,48.2,0.6,0.2,1.6,2.4,4.0,4.0,7.6,3.2,2.8,49.4,1.2,1.2,1.2,3.2,3.6,,,1.52,3.82,6.39
4f8bRpAK,2021,2021-08-21 18:30:00,,Univ. Craiova,Gaz Metan Medias,1,0,59.0,41.0,9.0,1.0,3.0,1.0,6.0,0.0,7.0,3.0,4,4,0,1,17.0,11.0,2.0,4.0,15.0,19.0,26.0,20.0,1.0,2.0,1251.7573494046005,1166.214301030988,117.23327723375041,31.690228860137903,6.0,10.2,4.6,5.2,53.2,1.2,1.4,1.2,2.8,1.4,5.0,6.6,2.8,4.2,48.4,0.8,1.4,0.8,2.4,2.8,3.0,0.0,1.43,4.12,7.72
GYu6LfM1,2021,2021-08-21 21:30:00,,FC Arges,CFR Cluj,0,1,44.0,56.0,10.0,8.0,4.0,4.0,6.0,4.0,3.0,7.0,4,2,0,0,9.0,14.0,0.0,6.0,20.0,9.0,34.0,38.0,3.0,4.0,1181.2604194801681,1389.316685630456,-175.8599194067665,32.1963467435213,6.0,6.6,2.4,2.6,50.6,0.8,1.0,0.8,2.4,2.2,8.0,10.8,5.4,6.2,56.4,1.6,0.6,3.0,2.2,1.0,0.0,3.0,4.86,3.37,1.75
OvkVLOXs,2021,2021-08-22 18:30:00,,UTA Arad,FC Voluntari,2,0,55.0,45.0,11.0,9.0,8.0,2.0,3.0,7.0,0.0,0.0,2,1,0,0,3.0,12.0,1.0,1.0,13.0,4.0,23.0,36.0,2.0,6.0,1186.5378195495489,1172.8105224049973,45.52385803199991,31.79656088744841,7.0,9.2,3.4,5.4,47.2,0.8,0.6,1.6,2.4,3.0,9.0,6.4,3.6,3.6,45.0,1.0,1.6,1.2,2.6,2.2,1.6666666666666667,0.6666666666666666,1.93,3.22,4.05
bc5jT6u8,2021,2021-08-22 21:30:00,,FC Botosani,Rapid Bucuresti,0,2,52.0,48.0,7.0,5.0,4.0,3.0,3.0,2.0,5.0,4.0,2,6,0,0,10.0,15.0,0.0,0.0,15.0,10.0,17.0,11.0,1.0,4.0,1239.6252418274003,1243.6994455249326,28.644830882098177,32.71903457963048,6.0,9.0,3.4,2.4,51.2,1.2,0.4,2.6,2.6,3.2,7.0,7.6,3.8,3.4,50.6,1.0,0.0,2.6,2.8,3.0,,,2.16,3.09,3.44
AX8fSQfE,2021,2021-08-23 18:30:00,,CS Mioveni,U Craiova 1948,1,0,36.0,64.0,7.0,9.0,2.0,1.0,5.0,8.0,4.0,4.0,5,4,1,0,21.0,12.0,0.0,6.0,18.0,21.0,22.0,25.0,1.0,1.0,1199.6033174095855,1202.3831420390684,28.791299713947637,31.571124343430483,6.0,6.2,2.6,4.6,46.6,0.6,1.0,1.2,1.6,2.4,8.0,7.6,2.6,6.0,53.0,1.2,1.2,1.4,2.4,2.2,,,2.82,2.89,2.67
fPvAKEy8,2021,2021-08-23 21:30:00,,FCSB,Sepsi Sf. Gheorghe,1,1,61.0,39.0,9.0,6.0,5.0,4.0,4.0,2.0,6.0,2.0,3,3,0,0,18.0,24.0,3.0,1.0,25.0,21.0,28.0,30.0,3.0,4.0,1310.2175951752513,1241.5254493224465,100.95126105603845,32.25911520323363,8.0,10.0,4.8,5.4,55.2,1.4,0.8,1.6,2.2,2.0,8.0,10.0,2.8,7.6,57.75,0.8,1.2,0.8,1.8,1.2,0.6666666666666666,1.6666666666666667,1.83,3.32,4.38
KWHtvOgQ,2021,2021-08-27 18:00:00,,FC Voluntari,Chindia Targoviste,2,1,49.0,51.0,13.0,8.0,8.0,5.0,5.0,3.0,4.0,3.0,7,2,1,0,15.0,14.0,4.0,2.0,16.0,19.0,15.0,21.0,4.0,6.0,1160.510873175903,1191.2531293153975,1.304870697914339,32.04712683740881,4.0,5.8,2.6,2.4,43.75,0.6,1.4,1.2,2.0,3.0,6.0,6.6,3.0,2.4,44.25,0.8,0.8,1.2,2.8,1.6,0.3333333333333333,2.3333333333333335,2.86,2.7,2.82
hKtnItX6,2021,2021-08-27 21:00:00,,U Craiova 1948,Farul Constanta,1,1,30.0,70.0,3.0,9.0,1.0,1.0,2.0,8.0,0.0,12.0,2,2,0,0,13.0,15.0,1.0,1.0,16.0,14.0,9.0,16.0,0.0,0.0,1193.2099305750264,1232.236242413866,-6.232001778015501,32.794310060824024,4.0,8.4,2.4,6.0,58.75,0.8,0.8,1.4,2.6,1.6,6.0,9.2,3.2,4.4,51.2,1.2,0.2,2.0,1.8,3.8,,,2.81,2.81,2.74
2VmZKrml,2021,2021-08-28 18:00:00,,Dinamo Bucuresti,FC Arges,0,2,55.0,45.0,9.0,10.0,3.0,5.0,6.0,5.0,8.0,4.0,4,5,0,0,12.0,13.0,2.0,3.0,16.0,14.0,36.0,26.0,3.0,3.0,1138.1386544669274,1175.9299413991962,-4.983525456794268,32.80776147547463,7.0,6.6,2.4,2.6,48.6,0.6,1.4,0.6,3.0,3.2,6.0,7.6,2.8,2.8,51.2,0.8,1.0,0.8,2.8,2.2,2.0,1.0,3.43,2.96,2.26
WAujH0nD,2021,2021-08-28 21:00:00,,Rapid Bucuresti,Univ. Craiova,1,2,32.0,68.0,4.0,22.0,3.0,11.0,1.0,11.0,2.0,5.0,5,5,1,0,14.0,10.0,1.0,2.0,12.0,15.0,23.0,26.0,9.0,2.0,1259.0049153409325,1258.5055878497126,32.2616415845946,31.762314093374673,5.0,7.4,4.0,3.2,47.6,1.2,0.0,2.6,3.6,2.6,7.0,10.6,4.4,6.0,53.2,1.2,1.4,1.2,3.6,1.2,,,3.07,3.0,2.39
AeisJMH0,2021,2021-08-29 18:15:00,,Sepsi Sf. Gheorghe,FC Botosani,1,1,63.0,37.0,16.0,7.0,8.0,4.0,8.0,3.0,9.0,2.0,2,2,0,0,17.0,12.0,0.0,3.0,15.0,17.0,28.0,13.0,3.0,7.0,1244.3519608667773,1224.3197720114003,50.97506006889944,30.9428712135224,5.0,8.4,2.6,6.6,53.0,0.6,1.4,0.4,2.2,2.0,6.0,9.2,3.8,3.2,52.4,1.2,0.8,2.4,2.4,2.8,2.0,1.0,1.84,3.29,4.37
dhmwK22f,2021,2021-08-29 21:00:00,,CFR Cluj,FCSB,4,1,53.0,47.0,12.0,4.0,7.0,2.0,5.0,2.0,1.0,3.0,3,1,0,0,18.0,10.0,1.0,2.0,12.0,19.0,28.0,28.0,1.0,3.0,1394.647163711428,1307.3910836309205,118.08969561107824,30.833615530570736,7.0,9.8,4.8,7.0,55.8,1.2,0.2,3.0,2.2,1.8,5.0,10.2,5.2,5.4,56.6,1.6,1.0,1.6,2.6,2.2,1.3333333333333333,1.3333333333333333,1.9,3.09,4.44
bHTXupPD,2021,2021-08-30 18:00:00,,LPS HD Clinceni,CS Mioveni,1,1,44.0,56.0,10.0,7.0,3.0,2.0,7.0,5.0,6.0,4.0,5,5,0,0,14.0,17.0,1.0,1.0,18.0,15.0,21.0,24.0,1.0,2.0,1168.0206420087432,1208.7765288736275,-9.048510649222862,31.707376215661604,9.0,7.0,2.6,4.0,47.2,1.0,2.0,0.2,2.4,2.0,6.0,5.8,2.8,3.6,42.8,0.8,0.8,1.8,2.4,2.4,,,2.66,2.89,2.83
x8Syu4vK,2021,2021-08-30 21:00:00,,Gaz Metan Medias,UTA Arad,0,1,49.0,51.0,4.0,7.0,1.0,2.0,3.0,5.0,5.0,4.0,1,4,0,0,10.0,18.0,2.0,2.0,20.0,12.0,19.0,21.0,1.0,1.0,1159.466062585876,1198.8374687786431,-7.644501611728174,31.726904581038905,9.0,5.8,2.6,4.8,47.6,0.6,1.6,0.2,2.4,3.0,8.0,9.6,4.6,3.8,46.0,1.2,0.6,2.0,2.6,3.0,1.0,2.0,3.72,3.16,2.04
IuJWTwWI,2021,2021-09-10 18:00:00,,CS Mioveni,Chindia Targoviste,0,1,61.0,39.0,10.0,3.0,1.0,2.0,9.0,1.0,7.0,0.0,1,3,0,0,4.0,8.0,2.0,4.0,12.0,6.0,30.0,23.0,1.0,1.0,1208.5161506685968,1181.2906863365279,58.21886823390196,30.9934039018331,11.0,5.6,2.6,3.4,45.6,1.0,0.6,2.0,3.4,2.4,14.0,7.0,3.2,1.8,45.6,0.8,1.0,1.0,2.8,2.6,,,,,
Kf0TUJGC,2021,2021-09-10 21:00:00,,UTA Arad,Rapid Bucuresti,2,2,58.0,42.0,10.0,5.0,5.0,4.0,5.0,1.0,8.0,1.0,2,2,0,0,11.0,12.0,3.0,1.0,13.0,14.0,35.0,13.0,2.0,3.0,1208.6174778347206,1248.0790102762355,-9.342640858360255,30.118891583154582,11.0,9.4,4.4,4.0,48.8,1.2,0.6,2.0,3.0,2.4,13.0,6.8,3.8,2.8,42.4,1.0,0.4,2.0,4.4,3.8,,,,,
U57GXLWg,2021,2021-09-11 18:00:00,,FC Arges,U Craiova 1948,1,0,45.0,55.0,7.0,8.0,4.0,3.0,3.0,5.0,3.0,3.0,1,3,0,0,16.0,14.0,0.0,6.0,20.0,16.0,26.0,22.0,3.0,3.0,1189.8692398271955,1193.3892827703678,26.61901149185428,30.139054435026594,14.0,7.6,3.0,2.6,47.6,1.2,0.8,1.4,3.6,2.4,14.0,6.6,1.4,4.0,51.25,0.8,1.0,1.0,2.6,1.2,,,,,
jF8CY1Hm,2021,2021-09-11 21:00:00,,FC Botosani,CFR Cluj,1,0,55.0,45.0,3.0,5.0,2.0,1.0,1.0,4.0,1.0,11.0,2,0,0,0,5.0,7.0,2.0,0.0,7.0,7.0,12.0,15.0,1.0,1.0,1225.776514450756,1406.2973061793061,-149.68908687948556,30.831704849064664,13.0,8.4,3.8,3.0,48.6,1.2,1.0,2.0,2.0,3.8,13.0,10.4,5.6,5.0,54.4,1.6,0.2,3.0,2.0,2.0,1.0,2.0,,,
KpcFhN8J,2021,2021-09-12 18:15:00,,Gaz Metan Medias,FC Voluntari,1,2,52.0,48.0,14.0,8.0,5.0,5.0,9.0,3.0,6.0,9.0,1,3,0,0,8.0,17.0,0.0,7.0,24.0,8.0,23.0,19.0,3.0,4.0,1149.6860535297985,1170.4733161547726,11.098959416921161,31.886222041895376,12.0,5.2,2.4,4.8,47.2,0.6,1.4,0.2,2.0,2.4,16.0,7.6,3.8,2.6,45.0,1.0,1.4,1.8,2.8,3.2,1.3333333333333333,1.3333333333333333,,,
dh98Zs2s,2021,2021-09-12 21:00:00,,FCSB,Dinamo Bucuresti,6,0,68.0,32.0,14.0,2.0,8.0,0.0,6.0,2.0,5.0,3.0,3,4,0,1,16.0,16.0,0.0,1.0,17.0,16.0,20.0,20.0,0.0,2.0,1295.7409411630424,1124.199356038928,202.65385628295758,31.11227115884316,14.0,9.4,4.4,5.6,55.2,1.0,1.6,1.0,2.6,2.2,15.0,7.6,2.6,3.6,51.6,0.6,1.6,0.6,3.0,2.8,3.0,0.0,,,
QX0PVa16,2021,2021-09-13 18:00:00,,Farul Constanta,LPS HD Clinceni,5,0,53.0,47.0,8.0,4.0,5.0,3.0,3.0,1.0,6.0,2.0,1,2,0,0,9.0,5.0,2.0,1.0,6.0,11.0,11.0,20.0,3.0,0.0,1232.0568902185246,1168.281020213774,95.76068240301379,31.98481239826315,16.0,8.2,2.2,5.6,55.4,1.0,0.4,1.6,1.4,3.4,14.0,8.4,3.0,4.6,48.0,1.0,1.8,0.4,2.8,2.0,,,1.62,3.52,5.79
ns2LWun0,2021,2021-09-13 21:00:00,,Univ. Craiova,Sepsi Sf. Gheorghe,1,1,62.0,38.0,11.0,7.0,6.0,3.0,5.0,4.0,5.0,2.0,0,6,0,0,15.0,27.0,4.0,3.0,30.0,19.0,14.0,23.0,2.0,5.0,1269.4314929144095,1242.8952184274217,59.74726646179988,33.21099197481206,16.0,13.0,5.8,6.2,57.6,1.4,0.8,1.8,4.2,1.2,15.0,10.0,3.8,8.0,55.0,0.6,1.4,0.4,1.6,2.0,0.6666666666666666,1.6666666666666667,2.15,2.98,3.65
vBe3sc0I,2021,2021-09-17 18:00:00,,FC Voluntari,CS Mioveni,4,0,50.0,50.0,8.0,10.0,6.0,1.0,2.0,9.0,2.0,2.0,3,3,0,0,16.0,16.0,3.0,0.0,16.0,19.0,18.0,28.0,1.0,2.0,1180.7926612621354,1196.85598641955,17.019948481884285,33.083273639298866,4.0,8.4,4.2,4.0,45.6,1.0,1.4,1.8,3.4,3.8,7.0,6.8,2.2,4.4,50.2,0.6,0.6,1.4,3.4,2.4,,,2.14,2.94,3.74
bav6rwoC,2021,2021-09-17 21:00:00,,Rapid Bucuresti,Gaz Metan Medias,1,2,54.0,46.0,12.0,6.0,5.0,4.0,7.0,2.0,13.0,4.0,4,2,0,0,17.0,6.0,0.0,1.0,7.0,17.0,30.0,13.0,2.0,4.0,1247.8101722512754,1139.3667084224357,142.95331516636384,34.50985133752412,7.0,6.2,3.6,2.0,41.0,1.4,0.8,2.0,4.6,4.2,5.0,7.0,2.8,5.0,47.6,0.4,1.4,0.0,2.2,2.8,,,1.65,3.49,5.45
K8u2qJV5,2021,2021-09-18 14:30:00,,Chindia Targoviste,Farul Constanta,2,0,34.0,66.0,5.0,4.0,3.0,1.0,2.0,3.0,5.0,6.0,1,2,0,0,12.0,14.0,0.0,3.0,17.0,12.0,12.0,15.0,1.0,1.0,1192.9508505855747,1248.4059512391768,-21.987528417420208,33.467572236182015,7.0,7.0,3.4,1.6,45.6,1.0,0.8,1.6,3.2,2.2,4.0,7.6,3.0,6.2,55.8,2.0,0.4,2.0,1.2,3.0,,,3.77,2.92,2.14
jTmom1Wt,2021,2021-09-18 20:00:00,,U Craiova 1948,FCSB,0,1,40.0,60.0,4.0,5.0,1.0,3.0,3.0,2.0,1.0,2.0,3,4,0,0,15.0,19.0,2.0,0.0,19.0,17.0,33.0,21.0,2.0,1.0,1184.153943916527,1307.3748243553089,-88.62561341380729,34.59526702497461,7.0,6.6,1.6,3.4,52.0,0.6,0.8,1.0,3.2,1.6,5.0,10.6,5.2,5.4,57.2,2.0,1.4,1.4,2.8,1.6,,,4.72,3.45,1.75
Crxfou1g,2021,2021-09-19 13:30:00,,LPS HD Clinceni,FC Arges,0,1,49.0,51.0,9.0,3.0,1.0,1.0,8.0,2.0,4.0,4.0,2,2,0,0,21.0,10.0,2.0,7.0,17.0,23.0,31.0,28.0,0.0,1.0,1151.9319591931217,1199.1045786810364,-13.140082960221207,34.03253652769364,5.0,8.0,2.8,3.8,48.2,0.8,2.2,0.4,2.8,1.4,7.0,8.0,3.2,2.8,46.6,1.0,0.4,1.8,3.6,2.8,2.0,0.5,2.77,2.89,2.71
QotbpaGa,2021,2021-09-19 16:00:00,,Sepsi Sf. Gheorghe,UTA Arad,0,0,53.0,47.0,10.0,3.0,2.0,1.0,8.0,2.0,5.0,4.0,1,3,0,0,14.0,19.0,0.0,0.0,19.0,14.0,40.0,35.0,1.0,2.0,1244.5981295675977,1208.8863158596807,69.02270186834699,33.31088816042999,5.0,9.6,4.0,6.4,50.2,0.6,1.2,0.6,2.8,2.8,8.0,9.2,4.6,4.6,52.0,1.4,0.8,2.0,3.2,2.2,1.5,1.5,1.93,3.08,4.3
bydJisOP,2021,2021-09-19 19:00:00,,Dinamo Bucuresti,FC Botosani,1,2,51.0,49.0,4.0,11.0,1.0,7.0,3.0,4.0,8.0,3.0,2,3,0,0,12.0,14.0,1.0,2.0,16.0,13.0,33.0,30.0,5.0,0.0,1112.5654728466616,1239.8367436884987,-94.10745045223916,33.16382038959789,6.0,5.4,1.4,3.8,47.2,0.0,2.6,0.0,3.4,2.6,7.0,8.2,3.8,3.2,49.4,1.0,0.8,2.0,1.6,3.4,0.5,2.0,4.68,3.21,1.82
UJnknLom,2021,2021-09-20 21:00:00,,CFR Cluj,Univ. Craiova,1,0,51.0,49.0,5.0,15.0,4.0,2.0,1.0,13.0,10.0,7.0,4,3,0,0,17.0,16.0,4.0,1.0,17.0,21.0,18.0,22.0,2.0,3.0,1392.2370769415634,1267.7285817742336,157.1206363247211,32.61214115739142,9.0,9.6,5.0,6.2,51.2,1.4,0.4,2.4,2.0,2.0,7.0,12.8,6.2,6.2,60.2,1.4,0.6,2.0,3.0,1.6,1.3333333333333333,1.3333333333333333,1.94,3.11,4.18
KUGxddFB,2021,2021-09-24 20:00:00,,Rapid Bucuresti,FC Voluntari,0,1,55.0,45.0,14.0,10.0,7.0,4.0,7.0,6.0,11.0,2.0,6,4,0,1,17.0,16.0,0.0,3.0,19.0,17.0,23.0,23.0,3.0,7.0,1233.913117566714,1199.813697238472,67.14376400990182,33.04434368165986,6.0,6.4,3.4,4.6,44.0,1.4,1.2,1.4,4.4,4.6,7.0,9.6,5.4,4.0,47.8,1.8,0.8,2.4,3.4,3.2,,,2.24,3.01,3.39
UuOPbbVh,2021,2021-09-25 17:00:00,,FC Arges,Chindia Targoviste,0,0,56.0,44.0,4.0,3.0,1.0,2.0,3.0,1.0,3.0,2.0,2,2,0,0,12.0,11.0,0.0,3.0,14.0,12.0,19.0,12.0,2.0,1.0,1208.7265569112183,1207.9867811028093,32.89095587527254,32.15118006686365,6.0,7.0,3.4,3.4,44.6,1.2,0.2,2.4,3.4,2.0,7.0,6.0,3.2,2.2,43.2,1.2,0.8,1.6,2.4,2.4,1.3333333333333333,1.3333333333333333,2.51,2.7,3.23
8QZG0K0t,2021,2021-09-25 21:00:00,,FCSB,LPS HD Clinceni,3,2,52.0,48.0,12.0,4.0,6.0,3.0,6.0,1.0,3.0,2.0,3,2,0,0,17.0,17.0,3.0,1.0,18.0,20.0,19.0,14.0,1.0,3.0,1314.8778976523886,1142.3099809629398,204.6483072659621,32.08039057651327,7.0,8.4,4.6,4.4,58.4,1.8,1.2,1.4,3.4,1.6,6.0,8.4,2.6,4.0,48.2,0.6,2.0,0.4,2.2,1.4,1.3333333333333333,1.3333333333333333,1.4,4.36,7.47
x6RXdx05,2021,2021-09-26 15:30:00,,Farul Constanta,CS Mioveni,2,1,54.0,46.0,9.0,6.0,3.0,3.0,6.0,3.0,4.0,3.0,1,4,0,0,13.0,14.0,2.0,0.0,14.0,15.0,28.0,34.0,2.0,1.0,1233.3700207219422,1177.8349504432133,87.96856524848613,32.4334949697572,8.0,7.4,2.8,7.4,58.8,1.8,0.8,1.4,1.4,2.2,8.0,7.6,1.8,4.6,50.8,0.6,1.2,1.4,3.4,1.8,,,1.5,3.87,6.7
W4rk50hP,2021,2021-09-26 18:00:00,,FC Botosani,U Craiova 1948,1,1,60.0,40.0,16.0,4.0,8.0,4.0,8.0,0.0,5.0,2.0,1,1,0,0,9.0,14.0,2.0,0.0,14.0,11.0,18.0,15.0,3.0,7.0,1247.192466784585,1176.6508706194472,103.53915218214524,32.99755601700756,6.0,8.0,4.4,3.0,48.6,1.0,0.8,2.0,1.8,2.8,7.0,5.6,1.4,3.4,49.8,0.2,0.8,0.4,3.2,1.8,,,2.02,3.16,3.77
jkPLavGn,2021,2021-09-26 21:00:00,,UTA Arad,CFR Cluj,0,1,58.0,42.0,10.0,7.0,1.0,2.0,9.0,5.0,7.0,2.0,1,3,0,0,6.0,10.0,2.0,2.0,12.0,8.0,34.0,16.0,1.0,1.0,1210.8472194707754,1397.9997772651425,-154.3721193538306,32.78043844053655,7.0,8.2,4.0,4.8,52.0,1.2,0.4,2.2,3.0,2.2,6.0,8.0,4.6,6.8,50.8,1.4,0.4,2.4,1.8,1.8,1.5,1.5,3.88,2.87,2.13
bFSTcIpa,2021,2021-09-27 18:00:00,,Gaz Metan Medias,Sepsi Sf. Gheorghe,0,0,36.0,64.0,3.0,11.0,2.0,8.0,1.0,3.0,1.0,5.0,3,4,0,0,16.0,17.0,4.0,2.0,19.0,20.0,20.0,28.0,8.0,2.0,1153.2637631069972,1242.637225956503,-57.030111074223214,32.34335177528261,9.0,6.8,3.2,4.8,47.6,0.6,1.2,0.6,2.0,2.8,8.0,8.6,3.4,5.2,51.0,0.6,1.0,0.8,2.6,2.8,0.5,2.0,4.12,3.11,1.95
I1f7tHFO,2021,2021-09-27 21:00:00,,Univ. Craiova,Dinamo Bucuresti,5,0,64.0,36.0,29.0,5.0,14.0,3.0,15.0,2.0,10.0,1.0,1,4,0,1,16.0,18.0,2.0,1.0,19.0,18.0,19.0,16.0,3.0,9.0,1261.9658814506545,1105.2097497505754,189.22149897342047,32.46536727334145,7.0,13.4,5.2,5.6,57.8,0.8,0.8,1.4,3.0,2.2,8.0,5.4,1.6,4.4,46.6,0.2,2.8,0.0,3.2,3.0,3.0,0.0,1.26,5.41,10.82
CMO4aVL3,2021,2021-10-01 18:00:00,,CS Mioveni,FC Arges,0,0,39.0,61.0,4.0,4.0,1.0,2.0,3.0,2.0,1.0,4.0,2,2,0,0,16.0,11.0,6.0,6.0,17.0,22.0,31.0,29.0,2.0,1.0,1170.314136479875,1207.7826970398798,-4.1587639296867565,33.30979663031813,5.0,8.0,1.8,4.0,49.8,0.6,1.6,0.8,3.6,1.4,6.0,6.8,3.0,3.4,48.2,0.8,0.2,2.0,2.8,2.4,,,,,
v9Qd1iii,2021,2021-10-01 21:00:00,,Chindia Targoviste,FCSB,0,1,41.0,59.0,4.0,11.0,1.0,4.0,3.0,7.0,4.0,4.0,5,5,1,0,8.0,16.0,2.0,1.0,17.0,10.0,13.0,26.0,3.0,1.0,1208.9306409741478,1319.5859562289743,-77.33654163964911,33.318773615177406,6.0,5.0,3.0,2.2,44.0,1.2,0.8,1.6,2.4,2.4,6.0,8.8,4.8,3.8,57.6,2.4,1.4,2.0,2.8,1.6,0.0,3.0,,,
W4KteGUH,2021,2021-10-02 16:30:00,,Dinamo Bucuresti,UTA Arad,2,2,40.0,60.0,10.0,11.0,4.0,8.0,6.0,3.0,4.0,5.0,3,1,0,1,15.0,14.0,1.0,5.0,19.0,16.0,23.0,24.0,6.0,2.0,1093.950691657553,1205.0193972673894,-78.33569129842726,32.733014311409114,4.0,4.8,1.6,4.6,44.0,0.2,3.6,0.0,3.2,4.4,5.0,8.2,3.4,4.6,53.8,1.0,0.6,1.6,2.4,1.6,1.0,2.0,,,
QPS8bkyA,2021,2021-10-02 19:30:00,,Sepsi Sf. Gheorghe,Rapid Bucuresti,2,2,60.0,40.0,11.0,8.0,5.0,6.0,6.0,2.0,3.0,4.0,1,5,0,1,13.0,13.0,0.0,3.0,16.0,13.0,29.0,24.0,4.0,3.0,1241.0103526490518,1222.004269369431,51.90539039479813,32.899307115177436,5.0,10.0,5.0,4.6,51.4,0.6,0.6,1.0,3.2,3.0,7.0,8.0,4.4,6.2,46.2,1.2,1.4,0.8,4.6,4.2,,,,,
8lIDc9jG,2021,2021-10-03 16:00:00,,FC Voluntari,Farul Constanta,1,0,39.0,61.0,7.0,11.0,2.0,4.0,5.0,7.0,0.0,5.0,0,0,0,0,10.0,8.0,0.0,2.0,10.0,10.0,20.0,27.0,4.0,1.0,1211.722545435755,1240.8908346852804,3.6197972920717802,32.78808654159721,8.0,9.6,5.0,3.4,47.4,1.8,0.8,2.4,3.6,4.4,7.0,8.6,3.2,7.2,59.4,2.2,0.8,2.0,1.4,1.4,,,,,
IaP00B6c,2021,2021-10-03 18:00:00,,CFR Cluj,Gaz Metan Medias,2,1,55.0,45.0,7.0,3.0,2.0,2.0,5.0,1.0,7.0,4.0,1,3,0,0,12.0,19.0,3.0,0.0,19.0,15.0,28.0,21.0,1.0,0.0,1403.8275994685284,1154.8906364144484,282.4672359178146,33.5302728637345,6.0,7.4,3.6,6.2,49.4,1.4,0.4,2.4,2.4,1.8,6.0,5.6,2.6,3.8,44.8,0.6,1.0,0.8,2.2,3.6,1.5,1.5,,,
O0rAwlap,2021,2021-10-03 21:00:00,,U Craiova 1948,Univ. Craiova,0,2,33.0,67.0,1.0,10.0,0.0,5.0,1.0,5.0,1.0,3.0,1,1,1,0,9.0,14.0,0.0,2.0,16.0,9.0,18.0,28.0,3.0,0.0,1179.5457716390608,1273.2249395436768,-59.9023289500592,33.77683895455672,7.0,5.6,2.0,2.0,45.8,0.4,1.0,0.4,2.6,2.6,6.0,17.2,7.2,6.8,60.4,1.8,0.6,2.0,2.6,2.2,,,,,
2isEx8Ej,2021,2021-10-04 20:30:00,,LPS HD Clinceni,FC Botosani,1,1,50.0,50.0,9.0,4.0,2.0,1.0,7.0,3.0,2.0,3.0,3,5,0,1,15.0,10.0,0.0,1.0,11.0,15.0,20.0,11.0,0.0,1.0,1137.601922386354,1244.2975657649713,-73.79838397739604,32.89725940122113,8.0,7.4,3.0,3.2,47.2,1.0,2.4,0.4,2.6,1.0,8.0,8.8,5.0,3.2,50.6,1.0,1.0,1.6,2.0,2.4,2.0,1.0,,,
nuHHdT5M,2021,2021-10-15 20:30:00,,Gaz Metan Medias,Dinamo Bucuresti,2,1,45.0,55.0,7.0,3.0,4.0,1.0,3.0,2.0,3.0,7.0,3,3,0,1,12.0,14.0,0.0,1.0,15.0,12.0,16.0,24.0,0.0,2.0,1151.6030885368189,1096.1679290411307,88.48937213764452,33.05421264195628,12.0,6.0,2.8,4.0,45.6,0.8,1.2,0.8,2.0,3.2,13.0,6.0,2.2,4.8,42.8,0.6,3.4,0.2,3.4,5.0,1.0,2.0,2.12,3.22,3.39
lMhnC859,2021,2021-10-16 17:30:00,,Sepsi Sf. Gheorghe,FC Voluntari,1,2,59.0,41.0,16.0,7.0,8.0,6.0,8.0,1.0,10.0,1.0,1,5,0,0,7.0,20.0,0.0,3.0,23.0,7.0,22.0,16.0,4.0,7.0,1239.527411667982,1221.6183630642522,51.52626753428012,33.61721893055037,13.0,11.0,5.2,4.8,55.6,0.8,0.8,1.0,2.8,3.0,13.0,9.2,5.0,3.4,46.2,2.0,0.4,3.0,3.4,4.0,2.0,0.5,1.68,3.31,5.56
viBekobd,2021,2021-10-16 20:30:00,,FCSB,CS Mioveni,3,0,61.0,39.0,13.0,4.0,7.0,1.0,6.0,3.0,2.0,1.0,1,2,0,1,9.0,15.0,5.0,1.0,16.0,14.0,22.0,22.0,1.0,4.0,1327.3960802792183,1170.4338296113322,189.71904955895866,32.75679889107248,14.0,9.2,4.6,3.4,57.2,2.4,1.2,2.4,3.2,1.2,15.0,7.4,1.6,3.4,50.4,0.4,1.6,0.4,3.0,1.6,,,1.37,4.48,7.9
WpbsDlj3,2021,2021-10-17 15:00:00,,FC Arges,Farul Constanta,2,1,48.0,52.0,8.0,9.0,5.0,6.0,3.0,3.0,4.0,5.0,0,1,0,0,9.0,7.0,1.0,6.0,13.0,10.0,23.0,26.0,5.0,3.0,1207.6630039084228,1230.9950170567831,10.077477150039385,33.40949029839971,15.0,5.6,2.6,3.6,51.6,0.8,0.0,2.2,2.4,2.0,13.0,8.2,2.8,6.6,60.8,1.6,1.0,1.4,1.2,1.4,,,3.4,2.83,2.31
tGVKemLS,2021,2021-10-17 17:30:00,,UTA Arad,U Craiova 1948,1,0,52.0,48.0,7.0,4.0,1.0,2.0,6.0,2.0,6.0,1.0,2,5,0,1,22.0,20.0,1.0,1.0,21.0,23.0,32.0,34.0,2.0,0.0,1202.8021598838118,1167.818044261253,69.12185803638727,34.137742413828455,15.0,8.2,3.4,5.6,54.8,1.0,1.0,1.2,2.2,1.6,13.0,4.0,1.8,1.4,39.6,0.4,1.2,0.4,2.0,3.0,,,1.93,2.99,4.47
hfawEUzc,2021,2021-10-17 20:30:00,,Rapid Bucuresti,CFR Cluj,2,0,50.0,50.0,5.0,8.0,3.0,2.0,2.0,6.0,6.0,8.0,1,1,0,0,12.0,16.0,5.0,2.0,18.0,17.0,16.0,23.0,2.0,1.0,1223.4872103505008,1407.115147346158,-148.88746815656577,34.740468839091434,15.0,8.6,5.0,6.2,44.6,1.2,1.8,0.4,4.4,4.0,14.0,7.2,3.2,6.2,49.2,1.6,0.6,2.4,2.2,1.2,,,4.72,3.21,1.8
Qm7ijRrj,2021,2021-10-18 17:30:00,,FC Botosani,Chindia Targoviste,0,0,60.0,40.0,14.0,3.0,10.0,1.0,4.0,2.0,7.0,2.0,3,5,0,1,16.0,13.0,2.0,0.0,13.0,18.0,24.0,19.0,1.0,10.0,1242.2048558885026,1201.1205169239038,77.31407463735468,36.22973567275581,13.0,8.2,4.4,2.8,50.2,1.2,0.8,1.8,2.6,2.4,16.0,4.6,2.6,2.8,41.8,0.8,0.6,1.4,2.6,2.4,1.5,1.5,1.99,2.95,4.23
rPHni7Tq,2021,2021-10-18 20:30:00,,Univ. Craiova,LPS HD Clinceni,5,0,69.0,31.0,22.0,3.0,12.0,3.0,10.0,0.0,7.0,2.0,1,4,0,0,9.0,11.0,3.0,2.0,13.0,12.0,15.0,16.0,3.0,7.0,1284.9526669214847,1139.6946322628228,181.3235758089695,36.06554115030759,14.0,17.4,7.6,6.0,62.0,2.0,0.6,2.0,2.0,2.0,14.0,7.2,2.4,3.2,47.6,0.8,2.2,0.4,2.8,0.8,0.6666666666666666,1.6666666666666667,1.27,5.11,11.15
MZjfAnzM,2021,2021-10-22 17:30:00,,U Craiova 1948,Gaz Metan Medias,2,0,57.0,43.0,10.0,8.0,5.0,4.0,5.0,4.0,10.0,3.0,0,2,0,1,12.0,14.0,0.0,2.0,16.0,12.0,24.0,27.0,4.0,3.0,1159.781691924413,1159.1098390514067,37.61087206008369,36.93901918707726,5.0,4.2,2.0,1.6,43.2,0.2,1.2,0.2,2.6,3.0,6.0,6.6,3.4,3.6,44.8,1.2,1.2,1.4,2.4,3.0,,,2.26,2.79,3.6
viXQ4Qcq,2021,2021-10-22 20:30:00,,Chindia Targoviste,Univ. Craiova,0,1,40.0,60.0,5.0,5.0,3.0,2.0,2.0,3.0,5.0,4.0,0,3,0,0,13.0,11.0,4.0,0.0,11.0,17.0,21.0,17.0,1.0,3.0,1203.3097772232134,1296.5990407450804,-55.40395716987814,37.88530635198883,4.0,3.6,1.8,2.6,39.6,0.6,0.2,1.6,3.2,3.2,4.0,17.4,7.8,6.4,62.2,2.6,0.4,2.0,1.2,2.2,3.0,0.0,5.64,3.3,1.67
SCDLQ7K2,2021,2021-10-23 15:00:00,,FC Voluntari,FC Arges,0,2,47.0,53.0,12.0,10.0,3.0,4.0,9.0,6.0,4.0,4.0,3,1,0,0,22.0,7.0,1.0,1.0,8.0,23.0,21.0,28.0,2.0,3.0,1233.0906302572907,1217.3730321141393,52.97149998726536,37.25390184411394,6.0,8.0,4.6,2.8,44.6,2.0,0.4,3.0,3.0,4.6,6.0,5.2,2.6,3.6,52.2,0.8,0.2,2.2,1.4,2.4,0.0,3.0,2.67,2.72,2.95
IsWU3pDk,2021,2021-10-23 17:30:00,,CS Mioveni,FC Botosani,1,1,36.0,64.0,9.0,7.0,5.0,4.0,4.0,3.0,6.0,4.0,3,4,0,0,13.0,16.0,2.0,3.0,19.0,15.0,19.0,22.0,3.0,4.0,1161.7312775136356,1240.015595589193,-42.25154766207447,36.032770413482886,6.0,6.8,1.4,2.8,47.0,0.2,2.0,0.2,2.4,2.0,5.0,9.6,5.6,3.8,54.8,1.0,0.6,1.8,2.8,1.2,,,3.68,3.03,2.09
SCijBSKF,2021,2021-10-23 20:30:00,,Dinamo Bucuresti,Rapid Bucuresti,1,1,48.0,52.0,8.0,8.0,5.0,5.0,3.0,3.0,6.0,10.0,3,2,0,0,10.0,12.0,3.0,1.0,13.0,13.0,18.0,25.0,4.0,4.0,1088.661178526543,1243.344101466026,-118.55939220409141,36.12353073539149,8.0,4.8,1.8,4.6,42.8,0.8,3.4,0.2,3.2,4.8,6.0,8.8,5.0,7.0,48.2,1.4,1.4,1.0,3.6,2.6,,,3.34,3.15,2.18
Y9fb96kS,2021,2021-10-25 17:30:00,,LPS HD Clinceni,UTA Arad,0,3,52.0,48.0,10.0,12.0,3.0,10.0,7.0,2.0,7.0,3.0,0,0,0,0,8.0,17.0,1.0,3.0,20.0,9.0,37.0,24.0,7.0,3.0,1128.048258439227,1210.8385122206516,-46.42028416109292,36.369969620331574,6.0,5.8,2.4,2.4,45.0,0.6,3.0,0.2,2.6,2.0,8.0,8.2,3.2,6.0,55.0,1.0,1.0,1.2,1.8,1.8,0.5,2.0,4.62,3.3,1.79
Q7Zx2Os2,2021,2021-10-25 20:30:00,,CFR Cluj,Sepsi Sf. Gheorghe,2,0,53.0,47.0,5.0,8.0,4.0,2.0,1.0,6.0,3.0,5.0,3,1,1,0,21.0,18.0,5.0,1.0,19.0,26.0,25.0,14.0,2.0,2.0,1387.258256230633,1228.0551444749435,194.44658012397645,35.24346836828712,8.0,6.4,2.2,7.6,48.6,0.8,0.8,1.8,1.8,1.2,9.0,11.0,5.2,5.0,54.8,0.8,1.0,0.8,2.6,3.2,2.0,1.0,1.72,3.27,5.23
jBI0H3sk,2021,2021-10-29 20:30:00,,FC Botosani,Farul Constanta,0,2,46.0,54.0,10.0,9.0,5.0,4.0,5.0,5.0,10.0,4.0,3,1,0,0,16.0,17.0,1.0,2.0,19.0,17.0,34.0,13.0,2.0,5.0,1238.805457963745,1221.2849888510666,53.28607206814195,35.76560295546342,6.0,10.4,6.0,4.4,56.6,1.0,0.8,1.4,3.2,1.8,12.0,8.2,3.8,5.2,57.2,1.6,1.2,1.2,1.0,2.0,,,2.57,2.88,2.91
dlJdIqSr,2021,2021-10-30 19:00:00,,Univ. Craiova,CS Mioveni,5,2,68.0,32.0,12.0,5.0,8.0,4.0,4.0,1.0,5.0,2.0,1,3,0,0,12.0,8.0,3.0,8.0,16.0,15.0,18.0,16.0,2.0,3.0,1305.0177675167456,1162.9414151390836,176.61988567948515,34.5435333018232,7.0,16.2,7.0,6.2,61.8,2.6,0.2,2.4,1.8,2.4,7.0,6.6,2.2,2.6,42.0,0.4,2.0,0.4,2.8,2.4,,,1.29,5.04,9.68
nwC9FsC1,2021,2021-10-30 21:30:00,,CFR Cluj,FC Voluntari,1,0,58.0,42.0,18.0,3.0,3.0,1.0,15.0,2.0,7.0,5.0,1,2,0,0,6.0,15.0,1.0,2.0,17.0,7.0,34.0,10.0,1.0,2.0,1394.220050726317,1216.8088778488766,212.64493596721104,35.23376308977078,5.0,6.4,2.8,6.0,50.2,1.2,0.6,2.4,2.4,1.4,7.0,8.8,4.2,1.8,44.4,1.6,0.6,2.4,3.0,4.2,2.0,0.5,1.38,4.13,9.05
ETFXN54L,2021,2021-10-31 15:00:00,,Gaz Metan Medias,LPS HD Clinceni,1,1,44.0,56.0,7.0,8.0,5.0,3.0,2.0,5.0,1.0,6.0,2,2,0,0,19.0,10.0,2.0,5.0,15.0,21.0,18.0,27.0,2.0,4.0,1146.4926768525856,1113.028241745301,69.03902636450903,35.57459125722442,8.0,5.4,3.2,3.0,43.0,1.0,1.2,1.4,2.6,3.0,5.0,7.0,2.4,3.4,46.0,0.6,2.6,0.2,2.2,3.4,0.5,2.0,2.03,3.17,3.7
tGHPPRZ8,2021,2021-10-31 17:30:00,,Sepsi Sf. Gheorghe,Dinamo Bucuresti,4,1,51.0,49.0,8.0,4.0,4.0,2.0,4.0,2.0,4.0,5.0,2,1,0,0,14.0,10.0,1.0,1.0,11.0,15.0,18.0,28.0,1.0,0.0,1221.0933499792595,1091.947030325744,164.57380925596226,35.4274896024467,5.0,11.2,5.0,5.6,56.6,0.6,1.2,0.6,1.6,2.6,7.0,6.0,2.8,5.2,46.0,1.0,2.4,0.4,3.0,5.2,2.0,0.5,1.52,3.91,6.01
4EM4GNde,2021,2021-10-31 20:30:00,,FCSB,FC Arges,2,1,50.0,50.0,5.0,7.0,4.0,2.0,1.0,5.0,3.0,5.0,1,4,0,0,15.0,11.0,3.0,1.0,12.0,18.0,24.0,22.0,1.0,2.0,1336.0986323769148,1233.6547845225534,138.5972800986633,36.15343224430197,15.0,11.0,5.6,3.2,60.0,2.8,0.4,3.0,3.2,0.8,8.0,5.8,2.6,3.8,53.8,1.0,0.2,2.2,1.4,2.4,2.0,0.5,1.64,3.61,5.33
fuXUMPJR,2021,2021-11-01 17:30:00,,UTA Arad,Chindia Targoviste,0,2,61.0,39.0,10.0,7.0,3.0,3.0,7.0,4.0,8.0,3.0,2,1,0,0,11.0,13.0,1.0,0.0,13.0,12.0,28.0,24.0,1.0,3.0,1225.8585289145776,1194.8910504515482,67.5866455236278,36.61916706059822,7.0,8.6,4.2,5.0,53.0,1.2,0.6,1.6,1.4,2.0,9.0,4.0,2.0,3.6,39.8,0.4,0.4,1.0,2.6,3.2,1.3333333333333333,1.3333333333333333,,,
zwHTOokF,2021,2021-11-01 20:30:00,,Rapid Bucuresti,U Craiova 1948,0,0,52.0,48.0,17.0,5.0,8.0,1.0,9.0,4.0,9.0,1.0,4,1,0,0,20.0,17.0,2.0,4.0,21.0,22.0,17.0,19.0,1.0,8.0,1240.0582496668248,1172.398854123234,103.01413604872528,35.354740505134565,9.0,9.4,5.2,8.8,50.2,1.2,1.2,1.0,3.6,2.8,10.0,4.6,2.4,3.0,43.6,0.6,1.0,0.8,2.0,3.2,,,,,
nHzZ24Se,2021,2021-11-04 20:30:00,,Farul Constanta,FCSB,0,1,62.0,38.0,11.0,5.0,5.0,2.0,6.0,3.0,4.0,3.0,1,1,0,0,18.0,14.0,3.0,2.0,16.0,21.0,29.0,15.0,2.0,5.0,1237.5792508996028,1342.3084299275315,-69.59051728607778,35.13866174185083,6.0,8.4,3.6,4.8,57.4,1.0,1.2,1.2,1.0,2.4,4.0,9.2,4.8,2.8,56.4,2.0,0.6,3.0,2.8,1.0,,,,,
zah4yPYK,2021,2021-11-05 17:30:00,,Chindia Targoviste,Gaz Metan Medias,0,1,54.0,46.0,7.0,6.0,1.0,2.0,6.0,4.0,3.0,3.0,2,5,0,1,16.0,11.0,1.0,0.0,11.0,17.0,20.0,32.0,1.0,1.0,1211.7500711910636,1144.5313214555495,101.75565746667394,34.53690773115967,4.0,4.4,2.0,3.2,40.8,0.4,0.4,1.0,2.6,3.6,5.0,5.6,3.4,2.4,42.6,0.8,1.2,1.0,2.6,2.6,1.3333333333333333,1.3333333333333333,,,
UFdwVMBl,2021,2021-11-05 20:30:00,,FC Arges,FC Botosani,0,1,67.0,33.0,11.0,7.0,4.0,3.0,7.0,4.0,10.0,1.0,1,1,0,0,13.0,14.0,1.0,5.0,19.0,14.0,30.0,18.0,2.0,4.0,1227.4449869719367,1222.5111959152089,38.507113766780094,33.573322710052175,5.0,6.6,2.8,4.0,53.6,1.0,0.6,1.6,1.8,2.6,7.0,10.2,5.6,5.8,56.0,0.6,1.0,0.8,3.2,2.2,1.5,1.5,,,
YqB7zqlR,2021,2021-11-06 17:30:00,,CS Mioveni,UTA Arad,0,0,41.0,59.0,4.0,6.0,1.0,2.0,3.0,4.0,5.0,7.0,2,1,0,0,15.0,12.0,0.0,1.0,13.0,15.0,33.0,41.0,2.0,1.0,1153.7383512997826,1208.9995081750621,-22.52061975514971,32.740537120129936,6.0,5.6,2.8,2.6,38.4,0.8,2.2,0.4,2.8,2.6,5.0,10.0,4.6,5.8,55.8,1.2,1.0,1.4,1.2,1.8,,,,,
Eq4ewo48,2021,2021-11-06 20:30:00,,U Craiova 1948,Sepsi Sf. Gheorghe,1,1,46.0,54.0,4.0,8.0,3.0,3.0,1.0,5.0,2.0,9.0,3,1,0,0,18.0,14.0,2.0,1.0,15.0,20.0,12.0,12.0,2.0,2.0,1175.2799043003506,1230.7725852039964,-22.70359708970591,32.789083813939854,5.0,4.8,2.4,3.0,45.2,0.6,0.8,1.0,1.6,4.4,6.0,10.8,5.4,5.4,56.2,1.4,1.4,1.0,1.8,2.6,,,,,
jPcZV2dr,2021,2021-11-07 15:30:00,,Farul Constanta,Univ. Craiova,1,0,51.0,49.0,6.0,6.0,3.0,3.0,3.0,3.0,2.0,2.0,2,1,0,0,17.0,8.0,4.0,4.0,12.0,21.0,29.0,26.0,3.0,2.0,1229.5558640903873,1314.2208313560466,-51.826943437961745,32.838023827697604,2.0,9.8,4.4,4.4,56.6,1.0,1.0,1.2,0.8,2.6,7.0,15.6,8.2,5.8,65.6,3.6,0.4,3.0,1.4,2.2,,,,,
QTADE1R7,2021,2021-11-07 18:30:00,,Dinamo Bucuresti,CFR Cluj,0,3,46.0,54.0,7.0,8.0,2.0,5.0,5.0,3.0,5.0,5.0,3,1,0,0,11.0,15.0,0.0,1.0,16.0,11.0,32.0,30.0,2.0,2.0,1082.267795101007,1398.7644262923654,-282.79755241298244,33.699078778375934,7.0,6.0,3.0,4.6,45.6,1.0,2.8,0.4,2.8,4.2,7.0,9.0,2.6,5.4,51.6,1.2,0.6,2.4,1.8,1.2,0.0,3.0,,,
niirUtRf,2021,2021-11-07 21:30:00,,FC Voluntari,FCSB,0,0,52.0,48.0,10.0,6.0,5.0,2.0,5.0,4.0,8.0,3.0,2,4,0,0,16.0,7.0,3.0,1.0,8.0,19.0,24.0,25.0,2.0,5.0,1212.264502282828,1350.331816736747,-104.79462254232931,33.27269191158953,8.0,7.8,3.2,2.4,42.8,0.8,0.8,1.8,2.8,4.4,3.0,9.2,4.6,3.0,52.0,2.0,0.6,3.0,2.2,1.8,1.5,1.5,,,
hz3ax5JE,2021,2021-11-08 20:30:00,,LPS HD Clinceni,Rapid Bucuresti,2,3,50.0,50.0,5.0,9.0,3.0,6.0,2.0,3.0,4.0,5.0,5,5,0,0,20.0,11.0,0.0,1.0,12.0,20.0,26.0,20.0,3.0,1.0,1114.9895971423373,1237.1771994897083,-88.69531243707524,33.49228991029586,8.0,6.8,2.8,3.8,47.4,0.8,2.6,0.4,2.2,4.2,7.0,10.4,5.8,8.0,49.8,1.0,0.8,1.2,3.6,2.6,,,,,
Y7gfRvBD,2021,2021-11-19 17:30:00,,LPS HD Clinceni,Sepsi Sf. Gheorghe,0,2,51.0,49.0,1.0,14.0,0.0,7.0,1.0,7.0,6.0,3.0,3,1,0,0,14.0,13.0,2.0,0.0,13.0,16.0,24.0,19.0,5.0,0.0,1107.4884047770452,1230.1200516872264,-89.70194642728234,32.92970048289895,10.0,7.0,2.8,4.2,47.8,0.8,2.6,0.4,2.8,4.2,12.0,10.2,4.4,6.2,54.2,1.6,1.6,1.0,1.2,2.6,1.0,2.0,5.96,3.69,1.57
zDXxjOmE,2021,2021-11-19 20:30:00,,Chindia Targoviste,Rapid Bucuresti,2,2,39.0,61.0,8.0,16.0,5.0,6.0,3.0,10.0,4.0,7.0,4,2,2,0,11.0,18.0,1.0,0.0,18.0,12.0,10.0,22.0,4.0,3.0,1198.9022709096303,1244.6783918550004,-13.639162959633495,32.136957985736736,14.0,5.2,1.8,3.4,42.8,0.4,0.6,0.8,2.6,3.6,11.0,9.4,5.6,6.8,48.8,1.6,1.0,1.8,3.4,2.2,0.0,3.0,3.0,2.8,2.59
K2fAXFXn,2021,2021-11-20 15:00:00,,Farul Constanta,UTA Arad,0,0,55.0,45.0,9.0,4.0,3.0,1.0,6.0,3.0,6.0,1.0,2,1,0,0,14.0,13.0,0.0,0.0,13.0,14.0,38.0,30.0,1.0,3.0,1241.0365967660985,1208.3522189242633,64.85076321239558,32.16638537056033,12.0,9.2,4.4,4.0,56.0,0.8,0.8,1.2,1.0,2.8,13.0,9.2,4.8,5.8,56.0,1.2,0.8,1.6,1.2,1.8,1.0,1.0,2.2,2.96,3.52
K4kjSKe7,2021,2021-11-20 20:30:00,,U Craiova 1948,CFR Cluj,0,2,44.0,56.0,10.0,10.0,2.0,3.0,8.0,7.0,2.0,5.0,1,3,0,0,5.0,14.0,4.0,0.0,14.0,9.0,15.0,17.0,1.0,2.0,1175.9324378171207,1404.4495845161841,-196.48914951383404,32.02799718522953,14.0,4.8,2.2,3.0,46.4,0.6,0.8,1.0,2.0,3.4,13.0,9.2,3.2,6.0,54.0,1.6,0.6,2.4,1.4,1.4,0.0,3.0,5.8,3.29,1.66
bggEWZng,2021,2021-11-21 18:00:00,,FC Arges,Univ. Craiova,3,2,45.0,55.0,13.0,10.0,6.0,5.0,7.0,5.0,5.0,6.0,6,3,0,1,14.0,7.0,1.0,7.0,14.0,15.0,13.0,21.0,3.0,3.0,1216.341179106307,1302.7400986803354,-54.88844265029684,31.510476923731673,15.0,8.0,3.4,5.4,55.8,1.0,0.8,1.4,1.6,2.6,14.0,11.0,6.0,4.2,62.6,2.6,0.6,2.4,1.4,2.0,0.3333333333333333,2.3333333333333335,5.15,3.3,1.72
tIrJVg2a,2021,2021-11-21 20:30:00,,FCSB,FC Botosani,3,1,55.0,45.0,12.0,11.0,5.0,4.0,7.0,7.0,6.0,3.0,1,2,0,0,5.0,16.0,1.0,3.0,19.0,6.0,20.0,22.0,3.0,2.0,1347.4038434206627,1233.6150037808386,146.1668267997229,32.377987159898865,13.0,8.0,3.8,3.0,51.2,1.4,0.2,2.6,2.4,2.6,16.0,8.4,4.6,5.0,50.6,0.6,0.8,1.2,3.2,2.4,2.3333333333333335,0.3333333333333333,1.68,3.52,5.04
Cxe6YeIt,2021,2021-11-22 17:30:00,,CS Mioveni,Gaz Metan Medias,1,0,48.0,52.0,7.0,3.0,2.0,2.0,5.0,1.0,7.0,1.0,1,5,0,0,14.0,9.0,1.0,0.0,9.0,15.0,33.0,24.0,2.0,1.0,1154.3856405505815,1157.3791217369828,30.02353079699128,33.017011983392734,16.0,5.2,2.4,3.0,37.4,0.6,1.8,0.6,2.4,2.8,17.0,6.2,3.4,2.8,44.6,1.0,1.2,1.4,3.0,1.2,0.0,3.0,2.28,2.82,3.51
QsjnT0t1,2021,2021-11-22 20:30:00,,FC Voluntari,Dinamo Bucuresti,2,1,53.0,47.0,6.0,5.0,6.0,2.0,0.0,3.0,1.0,1.0,3,1,0,0,11.0,11.0,1.0,0.0,11.0,12.0,19.0,31.0,1.0,4.0,1215.1924755989123,1076.5826368771884,172.312200548914,33.70236182718998,14.0,7.8,3.4,3.6,44.2,0.6,0.8,1.4,2.4,3.4,15.0,6.4,2.8,5.4,47.6,1.0,2.4,0.4,2.6,2.8,0.3333333333333333,2.3333333333333335,2.03,3.11,3.8
fLnNUDH5,2021,2021-11-26 20:30:00,,Dinamo Bucuresti,U Craiova 1948,0,0,58.0,42.0,9.0,7.0,6.0,3.0,3.0,4.0,5.0,4.0,4,6,0,0,14.0,22.0,2.0,1.0,23.0,16.0,39.0,27.0,3.0,6.0,1071.171932346137,1169.032167663816,-63.752070650660016,34.108164667018826,4.0,5.4,2.4,4.8,49.0,0.8,2.4,0.2,2.2,2.4,6.0,6.6,2.6,3.2,48.6,0.6,0.8,1.0,2.0,3.0,0.0,3.0,2.66,2.97,2.73
SYpVSinI,2021,2021-11-27 15:00:00,,Sepsi Sf. Gheorghe,Chindia Targoviste,0,0,56.0,44.0,11.0,6.0,3.0,2.0,8.0,4.0,4.0,2.0,4,3,0,0,13.0,20.0,0.0,6.0,26.0,13.0,21.0,21.0,2.0,3.0,1240.6899516493893,1199.2946360406115,75.63957616194966,34.2442605531718,7.0,10.8,4.8,6.2,52.0,1.6,1.2,1.4,1.2,1.8,7.0,6.0,2.6,3.4,42.4,0.8,0.8,1.0,2.4,3.8,1.3333333333333333,1.3333333333333333,1.63,3.36,6.08
0MFqnFnt,2021,2021-11-27 17:30:00,,UTA Arad,FC Arges,0,1,57.0,43.0,9.0,1.0,5.0,1.0,4.0,0.0,2.0,5.0,3,2,0,1,11.0,13.0,4.0,0.0,13.0,15.0,34.0,28.0,0.0,5.0,1210.197394728674,1227.9079822552028,16.372923560724757,34.08351108725364,7.0,7.8,3.4,5.0,53.0,0.8,0.4,1.6,1.2,2.0,5.0,9.8,4.2,5.6,52.6,1.6,1.2,1.8,2.4,3.0,1.0,2.0,2.06,2.96,3.95
pAuzSB1O,2021,2021-11-27 20:30:00,,Rapid Bucuresti,CS Mioveni,1,1,57.0,43.0,4.0,5.0,3.0,2.0,1.0,3.0,3.0,5.0,2,1,0,0,8.0,17.0,2.0,1.0,18.0,10.0,22.0,20.0,1.0,2.0,1244.2860267240192,1163.523638467878,114.06058168706068,33.29819343091961,8.0,11.0,5.6,7.4,53.0,1.6,1.0,1.8,2.8,2.2,5.0,5.8,2.6,4.2,39.2,0.8,1.8,1.0,2.2,2.8,3.0,0.0,2.1,2.93,3.84
fL8hpgHh,2021,2021-11-28 17:30:00,,FC Botosani,FC Voluntari,1,1,54.0,46.0,7.0,10.0,3.0,3.0,4.0,7.0,6.0,6.0,4,2,1,0,15.0,11.0,0.0,2.0,13.0,15.0,26.0,23.0,2.0,2.0,1225.0946728009203,1220.6031801299637,37.551946678304375,33.06045400734786,6.0,9.8,5.2,5.0,49.6,0.6,1.2,1.0,2.6,2.6,5.0,7.6,4.2,3.8,47.0,0.8,1.0,1.4,3.0,2.8,1.6666666666666667,0.6666666666666666,2.03,3.13,3.79
CdJmoZ1n,2021,2021-11-28 20:15:00,,Univ. Craiova,FCSB,2,3,52.0,48.0,12.0,7.0,7.0,4.0,5.0,3.0,2.0,4.0,4,2,0,0,19.0,17.0,1.0,3.0,20.0,20.0,30.0,23.0,1.0,5.0,1291.1732955314396,1355.924174400581,-31.771173066628762,32.97970580251264,7.0,11.0,6.0,4.8,60.2,2.6,1.2,1.8,1.8,2.6,6.0,8.2,4.0,3.4,50.4,1.8,0.4,2.6,1.6,3.0,2.0,1.0,2.16,3.22,3.28
O0vvRVGU,2021,2021-11-29 17:30:00,,Gaz Metan Medias,Farul Constanta,1,1,35.0,65.0,2.0,10.0,2.0,5.0,0.0,5.0,1.0,4.0,4,1,0,0,14.0,13.0,1.0,2.0,15.0,15.0,14.0,24.0,4.0,1.0,1148.2411238196862,1239.1914209616878,-58.652198280800576,32.298098861201005,7.0,6.2,3.4,2.2,46.0,0.8,1.0,1.4,3.4,1.4,9.0,8.8,4.2,4.2,54.8,0.8,0.6,1.4,1.4,2.8,0.0,3.0,4.05,2.95,2.03
lrnRTXWB,2021,2021-11-29 20:30:00,,CFR Cluj,LPS HD Clinceni,2,0,49.0,51.0,12.0,6.0,6.0,2.0,6.0,4.0,4.0,3.0,0,1,0,0,12.0,9.0,1.0,2.0,11.0,13.0,21.0,8.0,2.0,4.0,1411.3498546694889,1096.9185048148822,346.854870482322,32.42352062771535,9.0,9.8,3.4,5.6,54.2,1.6,0.4,2.4,1.8,1.6,10.0,5.4,2.4,5.0,48.0,0.6,2.8,0.2,2.8,5.2,3.0,0.0,1.04,12.11,43.7
YB7dqDWb,2021,2021-12-03 21:00:00,,LPS HD Clinceni,Dinamo Bucuresti,1,0,40.0,60.0,4.0,10.0,4.0,3.0,0.0,7.0,3.0,11.0,6,3,0,0,22.0,13.0,0.0,2.0,15.0,22.0,17.0,27.0,3.0,3.0,1093.5369971967104,1072.98654416151,53.2275867342787,32.67713369907823,4.0,6.0,2.2,5.2,52.0,0.6,2.2,0.2,2.2,4.6,7.0,6.6,3.4,4.4,49.6,0.6,2.0,0.4,2.4,2.6,1.3333333333333333,1.3333333333333333,,,
2oC0rXo5,2021,2021-12-04 15:00:00,,Chindia Targoviste,CFR Cluj,0,1,49.0,51.0,11.0,9.0,4.0,6.0,7.0,3.0,2.0,4.0,4,4,0,0,13.0,15.0,1.0,1.0,15.0,14.0,15.0,15.0,5.0,4.0,1201.4379622528536,1414.7313622876607,-179.9802767447452,33.313123290061824,7.0,6.6,2.8,3.4,43.2,0.8,0.8,1.0,2.0,2.4,4.0,10.6,4.2,4.8,54.0,2.0,0.0,3.0,1.6,1.8,0.3333333333333333,2.3333333333333335,,,
O009tBGH,2021,2021-12-04 21:30:00,,Farul Constanta,Rapid Bucuresti,2,0,60.0,40.0,13.0,2.0,7.0,1.0,6.0,1.0,7.0,2.0,0,1,0,0,15.0,4.0,4.0,2.0,5.0,19.0,22.0,13.0,1.0,5.0,1237.5191307414966,1241.1161677430625,29.323216915903686,32.92025391746968,5.0,9.0,4.0,4.0,57.4,0.8,0.4,1.6,1.4,2.4,7.0,10.8,5.6,6.8,54.4,1.4,1.2,1.4,3.0,2.0,1.0,1.0,,,
txB4si1B,2021,2021-12-05 13:30:00,,CS Mioveni,Sepsi Sf. Gheorghe,0,2,43.0,57.0,9.0,5.0,4.0,2.0,5.0,3.0,3.0,5.0,6,4,0,0,18.0,14.0,2.0,1.0,15.0,20.0,26.0,26.0,0.0,4.0,1166.6934974488347,1238.5466254371472,-37.96152061077237,33.89160737754011,7.0,6.0,2.8,5.0,40.0,1.0,1.4,1.2,2.0,2.4,7.0,9.8,3.8,5.0,51.4,1.4,0.8,1.6,1.8,1.4,3.0,0.0,,,
M5cHr1co,2021,2021-12-05 16:00:00,,U Craiova 1948,FC Voluntari,0,2,47.0,53.0,8.0,7.0,3.0,3.0,5.0,4.0,3.0,5.0,1,1,0,0,14.0,15.0,1.0,1.0,16.0,15.0,23.0,21.0,1.0,3.0,1167.217555848443,1221.6798228610999,-21.51588889383629,32.94637811882063,8.0,7.2,2.8,3.8,47.4,0.6,0.6,1.2,2.2,4.2,6.0,8.2,3.6,4.8,48.0,0.6,1.0,1.0,2.4,1.8,0.0,3.0,,,
WQ3HvkoU,2021,2021-12-05 21:30:00,,FCSB,UTA Arad,2,1,52.0,48.0,7.0,7.0,5.0,3.0,2.0,4.0,5.0,4.0,1,2,0,0,21.0,15.0,2.0,1.0,16.0,23.0,35.0,25.0,2.0,3.0,1365.0122669514028,1199.7264926442203,197.23709266715719,31.951318359974728,7.0,7.0,3.4,3.8,47.8,1.8,0.8,2.6,1.8,3.8,8.0,8.2,4.2,4.2,54.0,0.6,0.6,1.0,1.4,1.6,2.3333333333333335,0.3333333333333333,,,
x44DuVVN,2021,2021-12-06 17:30:00,,FC Arges,Gaz Metan Medias,1,2,52.0,48.0,5.0,8.0,2.0,6.0,3.0,2.0,3.0,0.0,0,2,0,0,7.0,15.0,1.0,4.0,20.0,10.0,18.0,20.0,4.0,1.0,1238.3788843396565,1149.9134140398774,120.78154087073017,32.31607057095118,9.0,8.4,3.4,5.8,51.6,1.4,1.0,1.8,2.8,3.0,7.0,5.2,3.0,1.8,44.0,0.6,1.0,1.0,3.6,2.2,1.0,1.0,,,
YZkqz9go,2021,2021-12-06 20:30:00,,FC Botosani,Univ. Craiova,2,2,43.0,57.0,7.0,7.0,5.0,5.0,2.0,2.0,2.0,5.0,3,5,0,0,13.0,14.0,3.0,0.0,16.0,16.0,31.0,15.0,3.0,3.0,1224.0180300697841,1282.0852029806179,-26.751811174381146,31.315361736452644,8.0,8.4,3.8,4.8,48.4,0.8,1.4,1.0,2.8,2.8,8.0,9.0,5.0,3.8,56.8,2.0,1.8,1.2,2.4,2.2,2.3333333333333335,0.3333333333333333,,,
rqUCXzkp,2021,2021-12-10 17:30:00,,U Craiova 1948,LPS HD Clinceni,1,2,53.0,47.0,6.0,5.0,3.0,2.0,3.0,3.0,8.0,4.0,3,2,0,0,14.0,13.0,2.0,1.0,14.0,16.0,11.0,13.0,0.0,2.0,1153.9500923971643,1102.0168584098249,83.306230296384,31.372996309044623,5.0,6.8,2.4,2.4,45.4,0.2,1.0,0.6,2.4,3.6,6.0,4.8,2.4,4.4,49.6,0.8,1.6,0.8,3.4,3.8,3.0,0.0,,,
jokYvJdA,2021,2021-12-10 20:30:00,,Rapid Bucuresti,FC Arges,2,0,58.0,42.0,8.0,7.0,3.0,2.0,5.0,5.0,5.0,7.0,0,1,0,0,15.0,14.0,3.0,5.0,19.0,18.0,16.0,24.0,2.0,1.0,1228.1647882754567,1225.036099879676,33.57522257235564,30.446534176574815,5.0,9.6,4.8,5.2,52.0,1.2,1.4,1.2,2.8,2.2,4.0,7.4,3.0,5.6,51.4,1.2,1.4,1.2,2.6,3.2,3.0,0.0,,,
x2ipxHtT,2021,2021-12-11 15:00:00,,UTA Arad,FC Botosani,0,0,49.0,51.0,4.0,10.0,3.0,3.0,1.0,7.0,2.0,5.0,4,3,0,0,22.0,16.0,1.0,0.0,16.0,23.0,36.0,31.0,3.0,3.0,1194.863129831201,1224.7864910376773,1.4816517351066523,31.405012941583045,5.0,7.2,2.8,4.4,54.0,0.2,1.0,0.4,1.8,1.6,4.0,8.4,4.0,4.4,44.2,1.0,1.6,1.0,2.6,2.6,1.3333333333333333,1.3333333333333333,,,
fJXGWf4j,2021,2021-12-11 17:30:00,,FC Voluntari,Univ. Craiova,1,1,45.0,55.0,4.0,12.0,1.0,5.0,3.0,7.0,4.0,5.0,2,2,0,0,10.0,7.0,4.0,1.0,8.0,14.0,30.0,38.0,4.0,0.0,1234.9472863123785,1281.3167420127247,-14.967641141747663,31.401814558598534,6.0,7.2,3.6,5.0,49.2,1.0,0.6,1.6,2.0,2.0,4.0,9.4,5.6,4.0,56.2,2.2,2.2,0.8,2.8,2.2,0.3333333333333333,2.3333333333333335,,,
bBhtwcRM,2021,2021-12-11 20:30:00,,Gaz Metan Medias,FCSB,0,1,39.0,61.0,2.0,10.0,0.0,4.0,2.0,6.0,6.0,8.0,3,2,0,0,14.0,14.0,1.0,0.0,14.0,15.0,23.0,24.0,3.0,0.0,1163.2561984998579,1369.8756297644222,-175.18532642884043,31.434104835723982,5.0,5.2,3.4,1.2,45.0,1.0,0.8,1.6,3.6,1.8,5.0,7.4,3.6,4.2,48.2,1.8,0.8,2.6,1.8,4.0,0.0,3.0,,,
8MaTuas4,2021,2021-12-12 17:00:00,,Sepsi Sf. Gheorghe,Farul Constanta,1,0,42.0,58.0,5.0,7.0,1.0,3.0,4.0,4.0,0.0,7.0,1,2,0,0,16.0,13.0,2.0,1.0,14.0,18.0,14.0,20.0,3.0,0.0,1251.1496822200736,1250.4705102091025,31.71235125456201,31.03317924359084,7.0,9.2,3.8,5.0,53.4,1.8,0.4,2.2,2.4,1.8,7.0,9.8,4.6,4.6,58.6,0.8,0.4,1.6,1.2,1.6,0.0,3.0,2.19,2.88,3.69
fJePtuSc,2021,2021-12-12 19:30:00,,CFR Cluj,CS Mioveni,1,0,55.0,45.0,8.0,12.0,6.0,3.0,2.0,9.0,6.0,2.0,0,1,0,0,12.0,14.0,2.0,2.0,16.0,14.0,23.0,21.0,3.0,5.0,1419.9696205888893,1154.0904406659083,297.5940920310047,31.714912108023793,8.0,11.4,4.6,5.0,53.6,1.8,0.0,3.0,1.8,2.2,7.0,6.0,2.6,4.4,41.4,0.8,1.6,1.0,2.6,1.8,3.0,0.0,1.32,4.62,10.09
0ddLsLCi,2021,2021-12-13 20:30:00,,Dinamo Bucuresti,Chindia Targoviste,1,0,51.0,49.0,5.0,16.0,5.0,6.0,0.0,10.0,1.0,7.0,2,2,0,0,10.0,17.0,1.0,2.0,19.0,11.0,25.0,29.0,6.0,4.0,1064.5066829483956,1196.199703951625,-99.74896372239186,31.9440572808376,9.0,7.0,3.0,5.4,52.0,0.4,2.0,0.2,2.4,2.4,9.0,7.8,3.0,2.8,45.0,0.8,0.8,1.0,2.8,3.2,0.3333333333333333,2.3333333333333335,2.55,2.81,3.03
zwgjofJq,2021,2021-12-14 17:30:00,,LPS HD Clinceni,FC Voluntari,0,0,45.0,55.0,6.0,4.0,4.0,1.0,2.0,3.0,2.0,0.0,3,3,0,0,17.0,16.0,0.0,2.0,18.0,17.0,20.0,23.0,1.0,4.0,1114.3696868427555,1235.377823340718,-88.10448119895705,32.90365529900541,4.0,4.2,2.2,4.0,47.8,1.0,1.6,1.2,3.4,3.4,3.0,7.4,3.6,4.8,49.8,1.2,0.6,1.8,2.0,2.4,0.3333333333333333,2.3333333333333335,4.56,3.27,1.81
YT6OkzBS,2021,2021-12-14 20:30:00,,Univ. Craiova,UTA Arad,0,0,56.0,44.0,7.0,13.0,0.0,4.0,7.0,9.0,3.0,6.0,0,2,0,1,14.0,16.0,1.0,4.0,20.0,15.0,25.0,23.0,4.0,0.0,1280.8862049843854,1194.8204847247407,119.1555898495285,33.08986958988378,3.0,9.4,5.0,4.0,53.6,1.4,2.0,0.4,3.0,1.8,3.0,6.0,2.8,3.2,51.6,0.2,0.6,0.6,2.2,2.0,2.0,1.0,1.73,3.58,4.55
x2DFidtG,2021,2021-12-15 15:00:00,,FC Botosani,Gaz Metan Medias,2,1,49.0,51.0,7.0,7.0,5.0,3.0,2.0,4.0,3.0,4.0,3,6,0,0,17.0,24.0,3.0,0.0,24.0,20.0,15.0,23.0,2.0,3.0,1224.8291361441375,1157.9105239380826,99.7608955176861,32.842283311631185,4.0,8.4,3.6,3.4,45.2,1.0,1.2,1.2,2.6,2.8,3.0,4.2,2.4,2.2,44.0,0.8,0.8,1.4,3.8,2.0,3.0,0.0,1.72,3.2,5.44
4lF7gIB3,2021,2021-12-15 17:30:00,,FC Arges,Sepsi Sf. Gheorghe,1,1,47.0,53.0,6.0,7.0,4.0,5.0,2.0,2.0,5.0,8.0,2,2,0,0,21.0,10.0,5.0,3.0,13.0,26.0,24.0,32.0,4.0,3.0,1212.2563830128995,1260.2394537458463,-14.600409184492491,33.38266154845434,4.0,7.4,3.0,6.0,49.8,1.0,1.4,1.2,2.0,3.0,3.0,8.6,3.2,4.2,51.6,1.2,0.2,2.2,2.2,2.2,1.3333333333333333,1.3333333333333333,3.33,2.77,2.41
ruEBhxR9,2021,2021-12-15 20:30:00,,FCSB,Rapid Bucuresti,3,1,55.0,45.0,11.0,8.0,7.0,5.0,4.0,3.0,2.0,1.0,2,4,0,1,17.0,22.0,7.0,2.0,24.0,24.0,27.0,24.0,4.0,4.0,1375.2213043261975,1240.944505142233,167.69095970935427,33.41416052538982,4.0,8.4,4.0,5.2,52.8,1.8,0.8,2.6,2.0,3.0,5.0,7.8,3.8,4.4,53.2,1.6,1.4,1.6,2.0,2.4,0.0,3.0,1.52,3.92,6.03
j5HJjGeM,2021,2021-12-16 15:00:00,,Chindia Targoviste,U Craiova 1948,0,3,36.0,64.0,6.0,7.0,3.0,5.0,3.0,2.0,9.0,4.0,3,3,1,0,12.0,14.0,2.0,0.0,14.0,14.0,21.0,23.0,2.0,3.0,1183.4050637093876,1141.5972639642337,75.80705638222412,33.99925663707015,2.0,9.6,3.6,3.6,47.0,0.4,1.0,0.4,3.0,3.4,5.0,7.0,2.8,3.8,46.4,0.4,1.4,0.4,2.8,2.0,1.0,1.0,2.4,2.7,3.5
8MLbevsi,2021,2021-12-16 17:30:00,,CS Mioveni,Dinamo Bucuresti,2,1,56.0,44.0,9.0,2.0,3.0,1.0,6.0,1.0,7.0,1.0,3,5,0,0,16.0,16.0,2.0,3.0,19.0,18.0,31.0,20.0,0.0,1.0,1151.0351716950574,1077.301323190633,106.15504342467398,32.42119492024953,3.0,7.4,2.4,4.4,44.0,0.4,0.8,1.0,2.2,2.2,2.0,7.2,3.6,4.6,52.4,0.4,1.2,0.8,2.6,3.6,3.0,0.0,1.78,3.37,4.64
nDK2fbdc,2021,2021-12-16 20:30:00,,Farul Constanta,CFR Cluj,0,2,72.0,28.0,10.0,6.0,4.0,4.0,6.0,2.0,11.0,3.0,0,2,0,0,6.0,10.0,2.0,0.0,10.0,8.0,23.0,16.0,2.0,4.0,1241.3807386833298,1423.0248895597401,-148.6952358065207,32.94891506988964,4.0,9.0,4.2,5.2,57.8,0.8,0.4,1.6,1.4,1.2,4.0,9.4,5.2,4.8,53.0,1.8,0.0,3.0,1.6,2.6,0.0,3.0,3.06,2.72,2.6
4GkRn7fl,2021,2021-12-17 20:30:00,,FC Voluntari,UTA Arad,2,1,46.0,54.0,9.0,9.0,4.0,4.0,5.0,5.0,4.0,3.0,3,0,0,0,15.0,9.0,2.0,1.0,10.0,17.0,28.0,28.0,3.0,2.0,1232.8949661290062,1198.121635101442,67.0897014542968,32.31637042673276,3.0,6.2,2.8,3.2,50.4,1.2,0.6,1.8,2.2,2.8,3.0,7.4,3.2,3.0,48.6,0.2,0.6,0.6,2.4,1.8,0.3333333333333333,2.3333333333333335,2.99,2.74,2.63
AFXh5FAF,2021,2021-12-18 18:00:00,,Gaz Metan Medias,Univ. Craiova,1,1,42.0,58.0,4.0,10.0,1.0,4.0,3.0,6.0,0.0,8.0,3,3,0,0,16.0,14.0,3.0,6.0,20.0,19.0,29.0,29.0,3.0,0.0,1150.7054807804407,1277.585054607684,-93.95625456088374,32.92331926635955,3.0,4.4,2.6,2.4,45.0,0.8,1.2,0.8,4.0,2.4,3.0,9.6,4.4,4.2,55.0,1.4,1.8,0.6,2.8,2.2,0.0,3.0,4.93,3.28,1.75
x2Zp7yt3,2021,2021-12-18 20:30:00,,Rapid Bucuresti,FC Botosani,1,1,49.0,51.0,7.0,14.0,5.0,11.0,2.0,3.0,8.0,8.0,3,2,0,0,7.0,6.0,0.0,0.0,1.0,0.0,20.0,19.0,10.0,4.0,1233.143223653162,1232.0341793017794,34.23038078937452,33.12133643799191,3.0,7.6,3.6,3.6,52.2,1.2,1.6,1.0,1.8,3.0,3.0,8.4,4.0,3.8,48.4,1.2,1.4,1.2,3.0,2.4,3.0,0.0,3.11,2.97,2.36
QPjNmmur,2021,2021-12-19 13:30:00,,LPS HD Clinceni,Chindia Targoviste,0,1,50.0,50.0,5.0,8.0,2.0,6.0,3.0,2.0,2.0,3.0,5,2,1,0,18.0,14.0,1.0,1.0,15.0,19.0,22.0,15.0,5.0,2.0,1116.8525440544672,1162.3642408184462,-12.464014382414916,33.047682381563966,4.0,4.4,2.4,3.6,46.8,0.6,1.0,1.4,3.0,3.0,2.0,9.4,4.0,4.8,43.4,0.4,1.4,0.4,3.2,3.6,0.5,2.0,3.33,2.81,2.37
MgibqYmd,2021,2021-12-19 16:00:00,,CFR Cluj,FC Arges,1,0,57.0,43.0,14.0,4.0,7.0,2.0,7.0,2.0,10.0,4.0,1,2,0,0,14.0,12.0,2.0,5.0,17.0,17.0,29.0,29.0,2.0,6.0,1431.458818135165,1212.6763693720393,251.10702534622487,32.32457658309898,2.0,9.0,5.0,4.4,47.8,1.6,0.0,3.0,1.8,3.0,3.0,6.4,3.0,5.0,45.8,1.2,1.4,1.4,2.2,3.4,3.0,0.0,1.44,3.87,8.18
ObVt8HQd,2021,2021-12-19 20:30:00,,Sepsi Sf. Gheorghe,FCSB,0,0,50.0,50.0,11.0,6.0,8.0,2.0,3.0,4.0,5.0,5.0,3,5,0,0,11.0,17.0,2.0,2.0,19.0,13.0,21.0,24.0,2.0,8.0,1259.8194673867065,1383.0225858152685,-90.59249649150001,32.610621937062085,4.0,8.4,3.6,4.0,51.4,1.2,0.2,2.2,2.4,2.4,4.0,9.4,5.0,5.0,54.2,2.4,1.0,3.0,1.6,2.8,1.6666666666666667,0.6666666666666666,2.56,2.85,2.96
WOYl6ee9,2021,2021-12-20 17:30:00,,U Craiova 1948,CS Mioveni,0,0,52.0,48.0,7.0,6.0,1.0,2.0,6.0,4.0,2.0,7.0,2,0,0,0,10.0,11.0,5.0,1.0,12.0,15.0,26.0,23.0,2.0,1.0,1162.638086855175,1158.0714403569255,37.36851342034561,32.801866922095904,4.0,7.6,3.2,4.2,50.0,0.8,1.2,0.8,2.8,2.2,4.0,8.4,2.8,4.8,47.0,0.8,1.0,1.4,2.4,1.8,0.0,3.0,2.52,2.79,3.1
r3hfpEYk,2021,2021-12-20 20:30:00,,Dinamo Bucuresti,Farul Constanta,0,2,48.0,52.0,6.0,14.0,3.0,4.0,3.0,10.0,3.0,8.0,1,1,0,0,5.0,13.0,0.0,1.0,14.0,5.0,24.0,21.0,2.0,3.0,1070.265054528765,1232.9468101079049,-129.96024545710293,32.72151012203703,4.0,6.2,3.4,3.8,52.0,0.6,1.0,0.8,3.0,3.4,4.0,9.8,4.4,7.0,62.0,0.6,0.8,1.0,1.0,1.0,0.0,3.0,6.82,3.8,1.5
bwkVoR9f,2021,2022-01-21 20:00:00,,FC Arges,Dinamo Bucuresti,2,1,49.0,51.0,5.0,6.0,3.0,2.0,2.0,4.0,4.0,3.0,4,4,0,0,18.0,19.0,1.0,4.0,19.0,19.0,15.0,22.0,1.0,1.0,1208.8624313191979,1061.1792138967362,179.72328949709663,32.04007207463487,33.0,4.6,2.2,4.8,45.4,0.6,1.2,0.8,1.4,4.0,31.0,6.4,3.6,4.2,52.2,0.4,1.0,0.8,3.0,3.0,2.0,1.0,1.65,3.43,5.31
4UUa169s,2021,2022-01-22 14:30:00,,Chindia Targoviste,FC Voluntari,0,0,44.0,56.0,6.0,3.0,3.0,1.0,3.0,2.0,1.0,3.0,2,3,0,0,10.0,11.0,0.0,2.0,13.0,10.0,23.0,26.0,1.0,3.0,1172.005651464646,1240.98761732403,-36.54859529491887,32.433370564465086,34.0,9.4,4.2,4.6,45.6,0.2,1.0,0.8,2.8,3.2,35.0,6.8,2.4,3.8,49.0,1.2,0.6,1.8,2.2,3.2,1.3333333333333333,1.3333333333333333,2.76,2.65,2.9
6gkP78WD,2021,2022-01-22 20:00:00,,Univ. Craiova,Rapid Bucuresti,1,0,49.0,51.0,12.0,8.0,3.0,3.0,9.0,5.0,5.0,4.0,2,2,0,0,13.0,12.0,3.0,2.0,14.0,16.0,18.0,29.0,3.0,2.0,1274.944825652586,1232.1611695674562,75.29563339282072,32.51197730769096,35.0,9.6,4.2,4.6,55.6,1.2,1.4,0.8,2.8,1.6,34.0,5.8,3.4,3.8,49.8,1.0,1.4,1.0,2.0,4.4,3.0,0.0,1.88,3.44,3.84
pplT6SoK,2021,2022-01-23 14:30:00,,CS Mioveni,LPS HD Clinceni,3,1,76.0,24.0,11.0,1.0,6.0,1.0,5.0,0.0,8.0,1.0,0,0,0,0,10.0,12.0,6.0,1.0,13.0,16.0,31.0,23.0,0.0,3.0,1159.1428643577106,1107.2111334082674,85.03366729397771,33.10193634453453,33.0,8.2,2.8,4.8,47.0,0.6,1.0,1.0,2.2,1.6,35.0,5.2,2.8,2.8,46.6,0.6,0.8,1.4,3.4,3.0,1.0,1.0,1.08,8.4,33.37
S8wY5n1Q,2021,2022-01-23 17:00:00,,UTA Arad,Gaz Metan Medias,0,1,63.0,37.0,10.0,5.0,6.0,1.0,4.0,4.0,3.0,1.0,3,5,0,0,16.0,16.0,2.0,1.0,17.0,18.0,40.0,20.0,0.0,6.0,1190.0289839064183,1153.3457097355388,70.59133977846568,33.908065607586195,36.0,8.4,3.8,3.4,50.4,0.4,1.0,0.4,2.2,1.6,35.0,4.6,2.4,2.2,43.0,1.0,1.2,1.0,3.6,2.8,3.0,0.0,1.53,3.52,7.02
dO7YpoP0,2021,2022-01-23 20:00:00,,FCSB,CFR Cluj,3,3,50.0,50.0,12.0,9.0,6.0,7.0,6.0,2.0,3.0,2.0,4,2,0,0,10.0,13.0,4.0,2.0,15.0,14.0,19.0,30.0,4.0,3.0,1380.4726526814843,1435.2727561880065,-21.79235874140045,33.00774476512181,34.0,8.2,4.4,4.8,53.2,1.8,0.8,2.6,2.4,3.8,35.0,9.8,5.8,5.4,48.0,1.4,0.0,3.0,1.4,3.0,0.3333333333333333,2.3333333333333335,2.65,2.76,2.91
vmcwp5v7,2021,2022-01-24 17:30:00,,FC Botosani,Sepsi Sf. Gheorghe,1,0,46.0,54.0,10.0,10.0,4.0,2.0,6.0,8.0,1.0,7.0,2,0,0,0,11.0,10.0,2.0,1.0,11.0,13.0,17.0,21.0,2.0,3.0,1233.0162333874853,1262.3694005204907,3.701558624762356,33.05472575776777,36.0,9.0,5.4,4.8,49.6,1.2,1.0,1.4,3.0,2.8,35.0,7.8,3.8,4.4,51.6,0.8,0.2,1.8,2.8,2.8,1.3333333333333333,1.3333333333333333,3.07,2.78,2.52
IwdsqPgD,2021,2022-01-24 20:00:00,,Farul Constanta,U Craiova 1948,3,2,60.0,40.0,11.0,14.0,10.0,6.0,1.0,8.0,5.0,6.0,2,1,0,0,12.0,8.0,3.0,0.0,8.0,15.0,17.0,19.0,4.0,7.0,1242.0326507399336,1161.56666285439,114.26272348901716,33.796735603473586,34.0,10.8,4.6,7.4,61.4,1.0,0.8,1.4,0.8,1.4,35.0,7.0,3.0,4.2,51.6,0.8,0.8,1.0,3.0,2.4,1.0,1.0,1.54,3.52,6.72
dpq9cO86,2021,2022-01-28 20:00:00,,Sepsi Sf. Gheorghe,Univ. Craiova,3,1,52.0,48.0,11.0,7.0,7.0,4.0,4.0,3.0,6.0,1.0,3,1,0,0,7.0,12.0,2.0,2.0,14.0,9.0,11.0,12.0,3.0,4.0,1252.4759359110797,1282.8109461438335,3.973593506705811,34.308603739459684,4.0,7.6,3.6,5.0,51.2,0.8,0.4,1.6,2.0,3.0,6.0,9.6,3.4,5.2,55.0,1.0,0.8,1.4,2.4,2.0,1.6666666666666667,0.6666666666666666,2.6,2.82,2.92
p6P3J5VP,2021,2022-01-29 14:00:00,,FC Voluntari,Gaz Metan Medias,3,1,65.0,35.0,8.0,5.0,5.0,3.0,3.0,2.0,4.0,6.0,0,1,0,0,24.0,9.0,1.0,4.0,13.0,24.0,14.0,20.0,2.0,2.0,1239.9395274143517,1165.349987635064,109.94667353232171,35.357133753034056,6.0,5.4,2.0,3.2,51.0,1.0,0.4,1.8,2.4,3.4,5.0,5.2,2.2,2.2,43.4,1.0,1.0,1.4,3.8,3.2,1.3333333333333333,1.3333333333333333,1.72,3.2,5.34
4AnHe2wJ,2021,2022-01-29 20:00:00,,Rapid Bucuresti,UTA Arad,1,1,45.0,55.0,8.0,9.0,2.0,7.0,6.0,2.0,1.0,8.0,2,3,1,0,11.0,18.0,1.0,2.0,20.0,12.0,17.0,28.0,6.0,1.0,1224.2950490762087,1178.024706006893,82.36326181674917,36.09291874743347,7.0,6.6,3.4,4.0,48.6,0.8,1.4,0.8,2.0,4.6,6.0,8.6,4.0,3.6,51.6,0.4,1.0,0.4,2.2,1.6,1.0,1.0,2.76,2.87,2.7
6FQaKoGJ,2021,2022-01-30 14:00:00,,Chindia Targoviste,CS Mioveni,0,0,52.0,48.0,12.0,4.0,4.0,1.0,8.0,3.0,6.0,1.0,2,3,0,0,12.0,19.0,5.0,0.0,19.0,17.0,33.0,24.0,1.0,4.0,1173.0537413743243,1169.8912545317328,39.08086755798399,35.918380715392516,7.0,9.4,4.4,4.4,45.6,0.2,1.0,0.8,2.6,2.8,6.0,9.4,3.6,5.4,53.6,1.0,1.0,1.4,2.0,1.2,3.0,0.0,2.55,2.57,3.32
Igp5b4g0,2021,2022-01-30 17:00:00,,U Craiova 1948,FC Arges,1,0,56.0,44.0,9.0,1.0,2.0,1.0,7.0,0.0,3.0,3.0,3,1,0,0,17.0,17.0,3.0,1.0,18.0,20.0,20.0,30.0,1.0,1.0,1154.7417543745753,1214.1064111836008,-23.53028491623172,35.83437189279387,5.0,8.4,3.6,4.6,51.2,1.2,1.4,0.8,2.0,2.6,8.0,5.4,2.6,4.6,46.6,0.8,1.4,0.8,1.8,3.2,0.0,3.0,2.58,2.68,3.11
biU30QOm,2021,2022-01-30 20:00:00,,Dinamo Bucuresti,FCSB,0,3,51.0,49.0,5.0,8.0,1.0,5.0,4.0,3.0,5.0,8.0,5,2,1,0,9.0,27.0,1.0,1.0,28.0,10.0,21.0,9.0,2.0,1.0,1055.9352340323333,1381.0990659167637,-288.52874330657005,36.635088577860365,9.0,5.8,2.8,3.8,50.8,0.6,1.4,0.6,3.0,2.6,7.0,9.2,4.8,4.6,53.6,1.8,1.0,2.2,2.8,3.6,0.0,3.0,7.1,4.13,1.43
xrT7apvf,2021,2022-01-31 20:00:00,,CFR Cluj,FC Botosani,1,1,55.0,45.0,16.0,5.0,5.0,3.0,11.0,2.0,4.0,3.0,5,3,0,0,8.0,13.0,1.0,1.0,14.0,9.0,22.0,19.0,2.0,4.0,1434.646342952727,1242.9096979968963,227.9569752067091,36.22033025087832,8.0,9.2,6.0,5.0,48.2,1.6,0.6,2.6,1.8,3.2,7.0,9.6,5.6,3.8,48.0,1.2,0.8,1.8,2.6,2.8,2.0,1.0,1.5,3.65,7.09
vT0a8uNO,2021,2022-02-04 17:30:00,,CS Mioveni,FC Voluntari,0,0,54.0,46.0,10.0,3.0,5.0,0.0,5.0,3.0,8.0,2.0,2,0,0,0,6.0,13.0,1.0,2.0,15.0,7.0,23.0,27.0,0.0,5.0,1171.0113721663815,1249.749994006344,-42.95011965881031,35.788502181152204,5.0,8.4,3.0,5.0,54.6,1.0,0.6,1.6,1.4,2.0,6.0,5.6,2.4,3.0,53.4,1.2,0.6,1.8,2.2,3.2,0.0,3.0,,,
0x2e9L7I,2021,2022-02-04 19:55:00,,Gaz Metan Medias,Rapid Bucuresti,1,1,42.0,58.0,7.0,6.0,1.0,2.0,6.0,4.0,5.0,4.0,2,1,0,0,8.0,12.0,5.0,0.0,12.0,13.0,20.0,20.0,1.0,0.0,1155.5395210430718,1221.9678753156627,-30.547606227602273,35.88074804498863,6.0,4.6,1.6,3.4,40.8,0.8,1.4,0.8,3.6,3.4,5.0,7.8,3.6,3.8,49.6,1.0,1.2,1.0,2.2,4.8,3.0,0.0,,,
4A8nBsw6,2021,2022-02-05 13:30:00,,UTA Arad,Sepsi Sf. Gheorghe,1,0,49.0,51.0,10.0,4.0,7.0,0.0,3.0,4.0,7.0,4.0,3,1,0,0,23.0,10.0,0.0,0.0,10.0,23.0,26.0,16.0,0.0,6.0,1180.3518797674392,1266.4563360920713,-50.15793536867682,35.9465209559553,6.0,9.0,4.8,4.4,53.0,0.4,0.8,0.6,2.4,1.2,7.0,8.8,4.6,5.2,50.2,1.0,0.6,1.6,1.8,2.8,1.3333333333333333,1.3333333333333333,,,
r17jA1hC,2021,2022-02-05 16:00:00,,Farul Constanta,Chindia Targoviste,0,1,48.0,52.0,6.0,14.0,1.0,5.0,5.0,9.0,2.0,5.0,1,1,1,0,9.0,8.0,1.0,0.0,9.0,8.0,21.0,16.0,4.0,1.0,1248.8575592197483,1171.9336237396756,113.72798505681476,36.80404957674201,11.0,11.0,5.6,7.6,60.4,1.4,1.0,1.8,1.0,2.0,6.0,9.6,4.4,5.2,46.2,0.2,0.8,1.0,2.2,2.0,0.0,3.0,,,
bD5vD38g,2021,2022-02-05 21:00:00,,Univ. Craiova,CFR Cluj,1,1,62.0,38.0,11.0,6.0,2.0,2.0,9.0,4.0,7.0,1.0,2,7,0,2,18.0,18.0,0.0,3.0,21.0,18.0,22.0,28.0,1.0,1.0,1268.8305459628418,1428.888635356379,-124.2411332184115,35.816956175125526,8.0,9.6,3.2,4.4,53.2,0.8,1.0,1.2,1.6,2.2,5.0,10.6,5.8,5.0,49.0,1.6,0.8,2.2,2.0,2.8,1.0,2.0,,,
Am9rCNNa,2021,2022-02-06 14:30:00,,FC Arges,LPS HD Clinceni,1,0,59.0,41.0,17.0,2.0,12.0,1.0,5.0,1.0,13.0,1.0,1,2,0,0,8.0,16.0,5.0,1.0,17.0,13.0,30.0,18.0,1.0,11.0,1203.4301887160475,1096.4627432342452,143.04172189232554,36.07427641052314,6.0,4.6,2.4,4.6,45.0,0.6,1.2,0.8,2.0,2.6,14.0,4.2,2.6,2.4,41.2,0.8,1.0,1.4,3.2,2.8,1.3333333333333333,1.3333333333333333,,,
GlGZDqgm,2021,2022-02-06 19:55:00,,FCSB,U Craiova 1948,2,2,58.0,42.0,10.0,4.0,8.0,3.0,2.0,1.0,11.0,1.0,4,3,1,0,13.0,15.0,3.0,1.0,16.0,16.0,22.0,22.0,1.0,6.0,1386.629176943191,1165.4179768421286,257.74303556816585,36.531835467103626,6.0,9.4,4.8,5.2,53.0,2.0,0.8,2.2,3.0,3.4,7.0,8.6,3.4,4.6,53.0,1.4,1.0,1.4,2.4,2.6,3.0,0.0,,,
xbHVEPws,2021,2022-02-07 19:55:00,,FC Botosani,Dinamo Bucuresti,4,0,45.0,55.0,6.0,8.0,5.0,4.0,1.0,4.0,2.0,4.0,0,3,0,0,7.0,9.0,0.0,2.0,11.0,7.0,27.0,24.0,4.0,1.0,1248.6674055932444,1050.405123005906,234.32142453625988,36.05914194892142,6.0,9.2,5.2,4.0,48.4,1.0,0.6,1.8,2.6,3.0,7.0,4.8,2.4,2.6,49.0,0.6,1.8,0.6,3.4,2.4,2.3333333333333335,0.3333333333333333,,,
OYsPO075,2021,2022-02-08 15:00:00,,Sepsi Sf. Gheorghe,Gaz Metan Medias,2,0,57.0,43.0,16.0,2.0,10.0,0.0,6.0,2.0,4.0,1.0,1,3,0,0,15.0,19.0,1.0,2.0,21.0,16.0,22.0,22.0,0.0,8.0,1255.0226211482486,1156.416493189294,135.28343908848387,36.67731112952932,3.0,8.6,4.4,6.0,52.0,0.8,0.8,1.0,1.8,3.4,3.0,5.6,1.8,3.2,41.4,1.0,1.4,1.0,3.4,3.0,1.6666666666666667,0.6666666666666666,,,
j7UHQMxg,2021,2022-02-08 17:30:00,,CFR Cluj,UTA Arad,0,0,55.0,45.0,12.0,7.0,5.0,5.0,7.0,2.0,4.0,1.0,2,2,0,0,8.0,18.0,2.0,1.0,20.0,11.0,24.0,18.0,5.0,5.0,1425.4576988844108,1191.7855947112619,271.0167582312199,37.34465405807089,2.0,10.2,5.0,4.0,45.6,1.6,1.0,1.8,3.4,2.4,3.0,10.2,5.6,5.4,53.0,0.6,0.8,1.0,2.2,0.6,2.0,1.0,,,
K0yYMvxI,2021,2022-02-08 19:55:00,,FC Voluntari,Rapid Bucuresti,0,0,40.0,60.0,7.0,10.0,4.0,6.0,3.0,4.0,6.0,1.0,3,2,0,0,9.0,11.0,2.0,0.0,11.0,11.0,24.0,29.0,6.0,4.0,1248.5200491551916,1221.0909031694405,64.28424894975501,36.85510296400394,4.0,5.4,2.2,2.6,53.6,1.0,0.4,1.8,1.8,3.4,4.0,7.4,3.4,3.6,49.6,0.8,1.4,0.6,2.4,4.4,3.0,0.0,,,
prqLPtha,2021,2022-02-09 15:00:00,,Chindia Targoviste,FC Arges,1,1,44.0,56.0,10.0,6.0,6.0,3.0,4.0,3.0,10.0,4.0,0,1,0,0,13.0,15.0,3.0,1.0,16.0,16.0,25.0,25.0,2.0,5.0,1185.094869094562,1209.5309761371207,12.281789373509127,36.71789641606779,3.0,9.2,4.2,4.8,46.8,0.4,0.6,1.6,2.0,1.4,3.0,6.6,4.4,5.8,48.4,0.8,0.8,1.4,2.0,2.6,1.3333333333333333,1.3333333333333333,,,
6cXTNKMB,2021,2022-02-09 17:30:00,,CS Mioveni,Farul Constanta,1,1,42.0,58.0,1.0,6.0,1.0,2.0,0.0,4.0,3.0,7.0,3,0,0,0,6.0,7.0,0.0,2.0,9.0,6.0,16.0,23.0,1.0,0.0,1172.241317017534,1235.6963138648618,-26.76360176695289,36.69139508037513,5.0,8.0,3.4,6.2,56.4,1.0,0.4,1.8,1.6,1.0,4.0,9.6,4.4,6.6,58.0,1.0,1.2,1.2,1.2,2.6,0.0,3.0,,,
CGVDR2Nn,2021,2022-02-09 19:55:00,,LPS HD Clinceni,FCSB,0,3,35.0,65.0,4.0,13.0,3.0,5.0,1.0,8.0,2.0,8.0,6,2,1,0,17.0,8.0,3.0,1.0,8.0,18.0,11.0,22.0,2.0,3.0,1090.361955813172,1380.3265967007617,-253.21558593295094,36.74905495463864,3.0,3.8,2.0,2.0,41.4,0.6,1.2,0.8,2.4,4.4,3.0,9.4,5.6,5.8,52.4,2.2,1.2,1.8,3.4,3.6,0.3333333333333333,2.3333333333333335,,,
Uit9Sr8t,2021,2022-02-10 17:00:00,,U Craiova 1948,FC Botosani,3,2,50.0,50.0,10.0,9.0,5.0,5.0,5.0,4.0,5.0,6.0,0,3,0,0,11.0,10.0,0.0,1.0,11.0,11.0,14.0,17.0,3.0,2.0,1171.7205570845579,1256.909661334683,-48.93064578815074,36.2584584619745,3.0,8.2,3.4,3.2,50.8,1.6,1.0,1.6,2.4,3.8,2.0,8.4,5.6,3.4,47.2,1.8,0.6,2.2,2.0,3.2,1.0,1.0,,,
hWlsXOaP,2021,2022-02-10 19:55:00,,Dinamo Bucuresti,Univ. Craiova,1,6,47.0,53.0,3.0,19.0,3.0,11.0,0.0,8.0,3.0,13.0,3,3,1,0,14.0,16.0,2.0,1.0,17.0,16.0,20.0,15.0,5.0,2.0,1042.1628672644674,1272.26148243481,-192.9852242513889,37.1133909189536,3.0,5.4,2.2,3.2,49.8,0.4,2.6,0.0,3.6,1.4,4.0,9.4,2.6,4.8,54.6,0.8,1.0,1.2,1.6,2.4,0.0,3.0,,,
K0c3xKy5,2021,2022-02-11 19:55:00,,Rapid Bucuresti,Sepsi Sf. Gheorghe,1,1,50.0,50.0,8.0,9.0,2.0,4.0,6.0,5.0,5.0,4.0,2,4,1,0,15.0,12.0,5.0,1.0,13.0,20.0,18.0,28.0,3.0,1.0,1222.9203238085893,1263.920526862136,-4.717626062191812,36.28257699135507,3.0,7.8,3.6,3.6,52.6,0.6,0.8,0.8,2.0,4.4,3.0,10.4,5.4,5.2,52.8,1.0,0.6,1.4,1.6,2.8,1.0,1.0,,,
bid7yviB,2021,2022-02-12 14:00:00,,Farul Constanta,FC Voluntari,3,0,59.0,41.0,11.0,5.0,7.0,2.0,4.0,3.0,6.0,7.0,3,4,0,0,14.0,12.0,1.0,0.0,12.0,15.0,22.0,19.0,2.0,4.0,1234.9275155413484,1246.6906285160428,24.52964720531145,36.292760180005956,2.0,9.4,4.2,6.6,58.0,1.2,1.2,1.4,0.8,2.6,3.0,6.0,2.8,3.8,50.6,1.0,0.4,1.8,1.8,3.8,0.0,3.0,,,
Q14fvt7h,2021,2022-02-12 19:55:00,,Gaz Metan Medias,CFR Cluj,1,2,31.0,69.0,12.0,17.0,2.0,9.0,10.0,8.0,5.0,4.0,3,1,0,0,12.0,12.0,2.0,3.0,15.0,14.0,14.0,20.0,7.0,1.0,1147.5185874754065,1418.930350963518,-233.91152780567245,37.50023568243909,4.0,4.6,1.2,2.6,39.8,0.8,1.4,1.0,2.8,4.0,4.0,11.4,5.2,4.2,51.0,1.2,1.0,1.4,3.4,2.6,1.0,2.0,,,
xx8bw0Mb,2021,2022-02-13 14:30:00,,FC Arges,CS Mioveni,1,0,52.0,48.0,6.0,6.0,5.0,1.0,1.0,5.0,5.0,4.0,3,4,0,0,13.0,19.0,3.0,1.0,20.0,16.0,30.0,34.0,1.0,4.0,1209.8843272796894,1173.0101153410474,74.0647836043754,37.19057166573343,3.0,6.6,4.2,5.6,50.2,0.8,0.8,1.4,1.8,2.8,3.0,6.4,3.0,5.4,53.6,0.8,0.4,1.4,1.6,1.2,1.0,1.0,2.37,2.78,3.35
ENzxMbiO,2021,2022-02-13 17:00:00,,UTA Arad,Dinamo Bucuresti,0,0,64.0,36.0,11.0,2.0,2.0,1.0,9.0,1.0,7.0,1.0,1,5,0,2,20.0,12.0,4.0,1.0,13.0,24.0,30.0,20.0,1.0,2.0,1198.3129426321545,1031.0853482298205,205.0106630306459,37.78306862831187,4.0,9.0,5.8,4.4,53.2,0.6,0.8,1.0,2.2,1.6,2.0,5.6,2.6,3.6,50.4,0.4,3.4,0.0,3.2,2.2,1.3333333333333333,1.3333333333333333,1.39,4.25,7.97
Wv5juMin,2021,2022-02-13 19:55:00,,FCSB,Chindia Targoviste,3,2,61.0,39.0,11.0,7.0,8.0,3.0,3.0,4.0,9.0,0.0,1,3,0,0,13.0,16.0,1.0,2.0,18.0,14.0,29.0,15.0,1.0,5.0,1386.8678832696169,1184.7415179519933,239.51197549674043,37.38561017911673,4.0,9.8,5.2,7.0,54.4,2.2,1.0,1.8,3.4,3.4,4.0,10.0,4.8,5.0,48.4,0.6,0.2,1.8,1.4,1.4,3.0,0.0,1.62,3.41,5.94
hl6nt2xt,2021,2022-02-14 17:30:00,,FC Botosani,LPS HD Clinceni,2,0,55.0,45.0,14.0,3.0,9.0,0.0,5.0,3.0,4.0,2.0,2,2,0,1,13.0,13.0,3.0,1.0,14.0,16.0,33.0,25.0,0.0,7.0,1245.5105619082951,1083.8206692443168,199.377319574819,37.68742691084081,4.0,8.8,5.6,4.0,47.4,1.8,1.0,1.6,2.0,3.2,4.0,3.6,2.2,1.6,39.0,0.2,1.6,0.2,3.2,4.4,1.3333333333333333,1.3333333333333333,1.24,5.38,11.75
hEZuLI6U,2021,2022-02-14 19:55:00,,Univ. Craiova,U Craiova 1948,2,0,47.0,53.0,9.0,3.0,4.0,0.0,5.0,3.0,7.0,4.0,2,3,0,0,11.0,13.0,4.0,1.0,14.0,15.0,22.0,27.0,0.0,2.0,1283.339001469457,1183.1196565109458,138.41781481542853,38.198469856917505,4.0,11.8,4.8,6.8,54.0,2.0,1.2,1.6,2.2,2.0,4.0,8.8,3.4,3.4,48.0,1.6,1.4,1.6,1.8,3.8,3.0,0.0,1.74,3.28,4.91
j7rDdrOC,2021,2022-02-17 20:00:00,,LPS HD Clinceni,Farul Constanta,2,8,45.0,55.0,2.0,19.0,2.0,14.0,0.0,5.0,2.0,8.0,1,0,0,0,7.0,11.0,0.0,2.0,13.0,7.0,23.0,20.0,6.0,0.0,1077.0067632966275,1251.0271889071234,-135.16283799779058,38.85758761270534,3.0,3.0,1.4,1.6,39.0,0.2,2.0,0.0,3.0,5.6,5.0,9.6,4.8,5.6,55.4,1.8,0.8,2.0,1.4,2.6,0.0,3.0,20.33,6.31,1.15
4jOvJVzp,2021,2022-02-18 17:30:00,,U Craiova 1948,UTA Arad,1,1,51.0,49.0,13.0,11.0,6.0,5.0,7.0,6.0,6.0,5.0,3,2,0,0,9.0,10.0,1.0,0.0,10.0,10.0,18.0,21.0,4.0,5.0,1174.331419767108,1193.0134966428861,19.019088801078624,37.70116567685675,3.0,8.0,3.2,3.8,48.2,1.6,1.8,1.4,2.0,3.8,5.0,9.4,5.4,5.2,55.2,0.4,0.4,1.2,2.4,1.4,0.0,3.0,3.01,2.82,2.55
SQ0Bzb6H,2021,2022-02-18 19:55:00,,Dinamo Bucuresti,Gaz Metan Medias,4,0,60.0,40.0,12.0,2.0,9.0,0.0,3.0,2.0,4.0,3.0,4,1,0,0,11.0,8.0,3.0,3.0,11.0,14.0,21.0,17.0,0.0,5.0,1036.384794219089,1143.389733919331,-69.34478906627442,37.660150633967795,5.0,4.8,2.2,3.2,48.0,0.4,3.0,0.2,4.0,2.2,6.0,6.2,1.4,3.6,37.6,0.8,1.6,0.8,2.8,4.8,1.0,2.0,1.19,6.7,12.79
CEKzwiSF,2021,2022-02-19 17:00:00,,FC Voluntari,Sepsi Sf. Gheorghe,3,1,48.0,52.0,7.0,6.0,6.0,4.0,1.0,2.0,7.0,10.0,2,1,0,0,16.0,16.0,2.0,0.0,16.0,18.0,15.0,19.0,3.0,3.0,1230.5909551502677,1263.7847510134577,6.261827162149757,39.45562302533967,7.0,5.2,2.4,4.4,49.6,0.6,0.8,1.2,2.0,4.0,7.0,10.0,4.6,5.0,52.8,1.2,0.8,1.4,1.8,2.6,1.3333333333333333,1.3333333333333333,3.0,2.78,2.58
EL5Vugrc,2021,2022-02-19 19:55:00,,CS Mioveni,FCSB,1,1,33.0,67.0,5.0,2.0,4.0,1.0,1.0,1.0,1.0,7.0,5,2,0,0,18.0,14.0,2.0,4.0,18.0,20.0,20.0,23.0,0.0,3.0,1165.1101558400017,1390.8921063592713,-185.28478151744253,40.49716900182714,6.0,6.4,2.8,4.8,53.6,0.8,0.6,1.2,2.4,1.8,6.0,10.8,6.4,7.8,56.6,2.8,1.4,2.2,2.6,2.0,0.0,3.0,5.19,3.21,1.75
0IHmH95d,2021,2022-02-20 12:30:00,,Chindia Targoviste,FC Botosani,1,1,49.0,51.0,3.0,7.0,2.0,1.0,1.0,6.0,1.0,8.0,1,4,0,0,14.0,17.0,0.0,2.0,19.0,14.0,19.0,25.0,0.0,1.0,1180.7172948623388,1252.3244678559845,-30.744083606607774,40.86308938703799,6.0,9.8,4.2,4.4,46.2,0.8,0.8,1.2,1.6,2.0,5.0,8.8,5.2,3.2,48.2,2.0,0.8,2.0,2.0,2.4,1.3333333333333333,1.3333333333333333,2.73,2.7,2.92
hC4ZvDc3,2021,2022-02-20 19:55:00,,CFR Cluj,Rapid Bucuresti,2,1,60.0,40.0,10.0,10.0,8.0,3.0,2.0,7.0,8.0,8.0,0,2,0,0,10.0,4.0,1.0,1.0,5.0,11.0,37.0,20.0,2.0,6.0,1423.0592045195935,1223.0560996572676,240.93238800802715,40.92928314570119,8.0,12.0,5.6,3.0,53.4,1.4,1.2,1.4,3.4,2.4,9.0,8.0,3.0,3.0,52.8,0.6,0.8,0.8,1.8,3.0,0.0,3.0,1.41,4.04,8.25
YNLWwXC9,2021,2022-02-21 17:30:00,,Farul Constanta,FC Arges,0,1,53.0,47.0,6.0,5.0,3.0,2.0,3.0,3.0,5.0,5.0,3,2,0,0,17.0,11.0,0.0,0.0,11.0,17.0,26.0,23.0,1.0,3.0,1266.4461480517712,1217.784286780735,89.89099469640837,41.22913342537225,3.0,10.6,6.8,5.6,56.0,3.0,1.2,2.0,1.2,2.0,8.0,7.0,4.8,5.8,52.0,1.0,0.6,2.0,2.0,1.8,0.0,3.0,1.57,3.66,5.88
nFDqIkjj,2021,2022-02-21 19:55:00,,LPS HD Clinceni,Univ. Craiova,1,3,35.0,65.0,3.0,15.0,2.0,5.0,1.0,10.0,1.0,5.0,3,1,0,0,15.0,17.0,1.0,1.0,18.0,16.0,12.0,31.0,2.0,1.0,1061.5878041519798,1292.1272382132947,-190.25012904328128,40.289305018033616,3.0,2.4,1.4,1.6,38.0,0.6,3.4,0.0,2.2,5.8,7.0,11.6,4.8,6.6,51.8,2.2,1.0,2.0,2.0,2.0,1.3333333333333333,1.3333333333333333,27.97,10.21,1.07
QL0BWl5q,2021,2022-02-25 17:30:00,,UTA Arad,LPS HD Clinceni,2,0,58.0,42.0,14.0,6.0,4.0,4.0,10.0,2.0,7.0,2.0,1,1,0,0,17.0,14.0,2.0,1.0,15.0,19.0,21.0,19.0,4.0,2.0,1193.5603638814057,1054.4984533361505,178.8195142521015,39.757603706846425,7.0,9.6,5.2,5.6,52.4,0.6,0.4,1.4,2.2,2.4,3.0,2.8,1.6,1.6,40.2,0.6,3.4,0.0,2.8,5.6,2.3333333333333335,0.3333333333333333,1.24,5.44,11.78
4CaFV8Kk,2021,2022-02-25 20:30:00,,Univ. Craiova,Chindia Targoviste,1,0,49.0,51.0,8.0,9.0,1.0,4.0,7.0,5.0,3.0,4.0,2,1,0,0,17.0,8.0,2.0,2.0,10.0,19.0,15.0,17.0,4.0,0.0,1299.216589029124,1181.5998783111816,157.93266009727813,40.31594937933568,4.0,12.2,5.2,6.6,55.0,2.6,1.2,2.0,1.8,1.6,5.0,9.2,4.0,4.4,47.2,1.0,1.0,1.2,1.4,1.8,1.0,2.0,1.45,3.81,7.84
KvOryVdS,2021,2022-02-26 15:00:00,,Gaz Metan Medias,U Craiova 1948,0,3,41.0,59.0,2.0,13.0,0.0,9.0,2.0,4.0,0.0,6.0,1,1,0,0,21.0,15.0,0.0,0.0,16.0,16.0,11.0,20.0,6.0,0.0,1119.4501020343728,1173.7845525285884,-13.58773533230601,40.74671516190964,7.0,5.6,1.2,4.0,38.2,0.6,2.4,0.2,2.0,4.6,7.0,7.8,3.2,3.8,50.4,1.4,1.4,1.6,2.4,3.2,0.0,3.0,31.38,11.7,1.05
Ess6hWR2,2021,2022-02-26 17:30:00,,Sepsi Sf. Gheorghe,CFR Cluj,0,2,56.0,44.0,11.0,5.0,4.0,3.0,7.0,2.0,8.0,1.0,3,4,0,0,14.0,20.0,1.0,2.0,22.0,14.0,27.0,19.0,1.0,4.0,1249.897471326958,1427.057208248541,-137.66128212920535,39.49845479237741,7.0,9.2,5.0,5.6,52.4,1.4,1.2,1.4,2.0,2.6,5.0,12.2,5.8,4.2,55.4,1.2,0.8,1.8,3.0,2.2,1.0,2.0,2.91,2.72,2.74
6yKvxBsM,2021,2022-02-26 20:30:00,,Rapid Bucuresti,Dinamo Bucuresti,1,1,53.0,47.0,10.0,9.0,4.0,4.0,6.0,5.0,3.0,5.0,3,2,0,0,14.0,7.0,3.0,4.0,11.0,17.0,23.0,21.0,3.0,3.0,1219.0580959283202,1060.3244261040472,197.57102667860363,38.83735685433076,6.0,8.4,3.0,3.8,50.6,0.8,1.0,0.8,1.8,3.8,8.0,6.0,3.6,3.4,49.8,1.0,2.6,0.8,4.0,2.0,1.0,1.0,1.88,3.23,4.23
CSa9ijs9,2021,2022-02-27 13:00:00,,FC Arges,FC Voluntari,0,0,53.0,47.0,7.0,8.0,4.0,2.0,3.0,6.0,5.0,5.0,1,1,0,0,11.0,10.0,0.0,2.0,12.0,11.0,25.0,23.0,2.0,4.0,1230.315332211917,1244.4782348367673,24.28867604572997,38.45157867058033,5.0,7.0,4.6,6.0,51.6,0.8,0.4,2.0,1.6,2.2,7.0,6.0,3.4,5.2,48.0,1.2,1.0,1.6,1.8,4.0,3.0,0.0,2.42,2.76,3.3
Yo4JUSZe,2021,2022-02-27 15:30:00,,FC Botosani,CS Mioveni,0,0,65.0,35.0,9.0,3.0,3.0,2.0,6.0,1.0,7.0,1.0,3,4,0,0,9.0,15.0,4.0,1.0,16.0,13.0,38.0,27.0,2.0,3.0,1251.4418844071417,1169.9890943094797,119.85202269358638,38.3992325959244,7.0,8.2,4.6,4.6,49.2,2.0,1.0,1.6,2.4,2.2,7.0,5.2,2.4,3.4,45.0,0.4,0.6,0.8,3.4,1.8,1.0,1.0,1.96,2.97,4.27
Cx3NTnk2,2021,2022-02-27 21:00:00,,FCSB,Farul Constanta,0,2,55.0,45.0,11.0,9.0,1.0,5.0,10.0,4.0,3.0,8.0,2,0,0,0,8.0,12.0,1.0,1.0,13.0,9.0,18.0,17.0,3.0,1.0,1386.0131678897933,1253.9151026205893,170.24837293461178,38.150307665407844,8.0,8.8,5.4,8.6,60.0,2.4,1.0,2.2,2.2,1.8,6.0,9.6,5.4,5.6,54.6,2.4,1.0,1.4,1.4,1.4,3.0,0.0,1.93,3.17,4.08
4Qvlp8Zr,2021,2022-03-01 15:00:00,,Chindia Targoviste,UTA Arad,1,0,39.0,61.0,10.0,6.0,8.0,4.0,2.0,2.0,2.0,8.0,0,0,0,0,13.0,9.0,0.0,1.0,10.0,13.0,28.0,27.0,4.0,7.0,1175.8563345435286,1201.0049728479291,11.459227949847218,36.60786625424771,3.0,8.6,4.0,4.0,47.0,1.0,1.2,1.0,1.2,1.6,3.0,10.6,4.6,5.4,53.0,0.8,0.2,1.8,1.8,3.0,2.3333333333333335,0.3333333333333333,,,
6kaDjAdF,2021,2022-03-01 17:30:00,,Dinamo Bucuresti,Sepsi Sf. Gheorghe,1,3,50.0,50.0,8.0,7.0,4.0,3.0,4.0,4.0,5.0,8.0,3,4,0,0,12.0,14.0,3.0,2.0,16.0,15.0,14.0,17.0,0.0,3.0,1065.4681352207197,1241.0828321530028,-138.2815584441164,37.33313848816662,2.0,6.8,4.2,3.4,49.0,1.2,2.2,1.0,3.4,2.2,3.0,9.2,4.4,6.0,53.2,0.8,1.4,0.8,2.0,2.2,0.3333333333333333,2.3333333333333335,,,
ptbHkUBL,2021,2022-03-01 19:55:00,,U Craiova 1948,Rapid Bucuresti,3,2,51.0,49.0,17.0,8.0,8.0,3.0,9.0,5.0,5.0,4.0,1,2,0,0,10.0,11.0,2.0,2.0,13.0,12.0,13.0,16.0,1.0,5.0,1190.4280241223514,1213.9143868116478,13.18730164014005,36.673664329436434,3.0,8.6,4.6,4.4,51.0,1.8,1.4,1.6,2.0,3.0,2.0,8.8,3.4,4.2,52.2,0.8,1.0,0.8,2.0,3.2,1.0,1.0,,,
2HhMllRR,2021,2022-03-02 15:00:00,,LPS HD Clinceni,Gaz Metan Medias,2,0,60.0,40.0,14.0,4.0,6.0,0.0,8.0,4.0,8.0,0.0,1,1,0,0,20.0,16.0,3.0,0.0,16.0,23.0,27.0,20.0,0.0,4.0,1047.053844369627,1102.8066304406098,-18.35757515781529,37.39521091316744,4.0,3.6,2.2,1.8,40.4,0.6,3.6,0.0,2.6,3.8,4.0,5.0,0.6,2.8,39.4,0.4,2.4,0.2,2.0,5.4,1.6666666666666667,0.6666666666666666,,,
bmvhqSlk,2021,2022-03-02 17:30:00,,CS Mioveni,Univ. Craiova,0,3,48.0,52.0,3.0,8.0,1.0,6.0,2.0,2.0,4.0,2.0,2,1,0,0,11.0,11.0,2.0,4.0,15.0,13.0,26.0,23.0,3.0,1.0,1173.3080933830338,1304.9601327967769,-93.14017795220138,38.51186146154165,3.0,5.0,2.6,3.4,42.4,0.4,0.6,0.8,3.6,1.6,4.0,12.4,4.6,7.0,55.2,2.6,0.6,2.6,2.0,1.6,0.0,3.0,,,
Y5W4tQY7,2021,2022-03-02 19:55:00,,FC Voluntari,CFR Cluj,0,1,49.0,51.0,2.0,9.0,1.0,4.0,1.0,5.0,4.0,8.0,2,2,0,0,15.0,8.0,1.0,3.0,11.0,16.0,22.0,30.0,3.0,1.0,1245.1761824988464,1435.8718474224963,-153.1427060799124,37.552958843737464,3.0,6.0,2.8,5.4,44.4,0.6,0.8,1.2,2.0,4.4,4.0,10.0,5.4,3.6,53.2,1.4,0.6,2.2,2.8,2.6,0.3333333333333333,2.3333333333333335,,,
Cjrdrn4e,2021,2022-03-03 18:00:00,,Farul Constanta,FC Botosani,2,0,47.0,53.0,9.0,7.0,5.0,2.0,4.0,5.0,8.0,4.0,2,2,0,0,14.0,10.0,4.0,1.0,11.0,18.0,25.0,22.0,2.0,3.0,1274.4809881027245,1248.1228853335876,63.471779780578345,37.113677011441546,3.0,10.2,6.2,6.8,54.0,2.8,0.8,2.0,1.2,0.8,4.0,9.0,4.6,5.4,53.2,1.8,0.8,1.6,2.4,1.8,3.0,0.0,1.68,3.31,5.49
fFX0s6J1,2021,2022-03-03 21:00:00,,FC Arges,FCSB,1,0,38.0,62.0,12.0,10.0,3.0,7.0,9.0,3.0,2.0,5.0,3,2,0,0,18.0,12.0,2.0,2.0,14.0,20.0,24.0,20.0,7.0,2.0,1229.6173845498379,1365.4472824076581,-97.84720169845855,37.98269615936159,4.0,8.2,5.2,6.4,53.4,0.8,0.2,2.2,1.6,2.4,4.0,9.4,4.6,7.6,61.2,1.8,1.4,1.6,2.2,2.2,0.3333333333333333,2.3333333333333335,3.24,2.74,2.46
v3Jj4TQE,2021,2022-03-04 20:30:00,,Sepsi Sf. Gheorghe,U Craiova 1948,2,1,51.0,49.0,8.0,4.0,6.0,2.0,2.0,2.0,3.0,5.0,5,4,0,0,9.0,11.0,1.0,2.0,13.0,10.0,22.0,30.0,1.0,4.0,1249.875820936072,1200.048645238765,88.76567945434044,38.93850375703348,3.0,9.8,5.0,6.8,53.0,1.4,1.4,1.4,2.6,1.6,3.0,11.2,5.6,5.2,52.8,2.0,1.4,2.0,1.6,2.0,1.0,1.0,,,
hAaRcR3r,2021,2022-03-05 15:00:00,,UTA Arad,CS Mioveni,2,1,57.0,43.0,9.0,2.0,5.0,1.0,4.0,1.0,9.0,2.0,2,2,0,0,18.0,15.0,8.0,0.0,15.0,26.0,32.0,18.0,0.0,3.0,1191.334676395677,1160.5227251456447,70.31290202691434,39.50095077688201,4.0,9.8,4.0,5.6,55.4,0.6,0.4,1.2,1.2,4.4,2.0,3.6,1.8,2.6,41.2,0.4,1.2,0.6,3.6,2.2,1.0,1.0,,,
MR8e3mtL,2021,2022-03-05 20:30:00,,Rapid Bucuresti,LPS HD Clinceni,1,0,58.0,42.0,11.0,1.0,7.0,0.0,4.0,1.0,10.0,2.0,0,0,0,0,8.0,14.0,1.0,2.0,16.0,9.0,34.0,24.0,0.0,6.0,1204.2937656952342,1061.9425183479498,182.45245428525368,40.10120693796912,4.0,9.2,3.6,4.2,50.4,1.0,1.4,0.6,2.2,4.2,3.0,5.6,2.8,3.0,45.4,1.0,3.0,0.6,1.6,3.4,3.0,0.0,,,
zVCa27eR,2021,2022-03-06 15:00:00,,Gaz Metan Medias,Chindia Targoviste,0,4,41.0,59.0,3.0,12.0,1.0,7.0,2.0,5.0,1.0,8.0,0,1,0,0,15.0,12.0,0.0,3.0,15.0,15.0,27.0,23.0,3.0,1.0,1087.917956462287,1185.5266309957808,-57.11871080741071,40.489963726082955,4.0,4.4,0.4,1.8,39.0,0.2,2.6,0.0,1.8,6.0,5.0,7.8,4.6,3.4,44.4,1.0,1.2,1.0,1.0,2.2,2.3333333333333335,0.3333333333333333,,,
0CKn59B8,2021,2022-03-06 17:30:00,,CFR Cluj,Dinamo Bucuresti,4,1,60.0,40.0,13.0,2.0,8.0,1.0,5.0,1.0,11.0,3.0,2,2,0,1,17.0,8.0,4.0,0.0,8.0,21.0,27.0,22.0,0.0,4.0,1441.7289385197753,1056.6751464376505,424.28815918055557,39.234367098430745,3.0,10.6,5.8,5.0,55.8,1.4,0.4,2.6,1.8,2.6,5.0,6.8,4.2,3.6,48.0,1.4,2.0,1.0,3.4,2.0,3.0,0.0,,,
SSivePm1,2021,2022-03-06 20:30:00,,FCSB,FC Voluntari,1,0,62.0,38.0,21.0,3.0,5.0,1.0,16.0,2.0,7.0,0.0,1,3,0,0,10.0,15.0,0.0,3.0,18.0,10.0,23.0,20.0,1.0,4.0,1352.7031811053662,1239.3190914015674,152.82629296731943,39.44220326352075,2.0,9.4,4.4,6.4,62.0,1.4,1.2,1.4,1.8,2.4,4.0,5.8,3.0,5.8,45.0,0.6,1.0,1.0,2.4,4.0,1.3333333333333333,1.3333333333333333,,,
lxgzd5Yf,2021,2022-03-07 17:30:00,,FC Botosani,FC Arges,1,2,46.0,54.0,6.0,7.0,1.0,4.0,5.0,3.0,4.0,8.0,5,4,0,0,19.0,13.0,4.0,2.0,15.0,23.0,25.0,30.0,2.0,0.0,1236.5359633613205,1242.3614858521298,34.056528617387585,39.882051108196926,3.0,9.2,4.0,5.8,54.8,1.0,1.2,1.0,2.8,1.6,3.0,7.2,3.4,4.2,49.2,0.8,0.2,2.2,2.0,3.6,2.0,1.0,,,
W0bVdoJl,2021,2022-03-07 20:30:00,,Univ. Craiova,Farul Constanta,1,0,52.0,48.0,12.0,6.0,2.0,2.0,10.0,4.0,7.0,1.0,2,1,0,0,12.0,10.0,3.0,2.0,12.0,15.0,21.0,27.0,2.0,1.0,1317.745501034166,1286.0679100749917,70.73635969984707,39.05876874067291,5.0,11.8,5.4,6.0,53.2,3.0,0.4,3.0,1.8,1.6,4.0,10.8,6.8,7.0,51.8,3.0,0.6,2.4,1.6,1.2,0.0,3.0,,,
lbOn7Oy5,2021,2022-03-11 17:30:00,,UTA Arad,LPS HD Clinceni,3,0,55.0,45.0,11.0,5.0,6.0,2.0,5.0,3.0,2.0,6.0,1,3,0,0,14.0,13.0,7.0,1.0,14.0,21.0,28.0,25.0,2.0,3.0,1199.3380918768385,1056.759094506432,182.2371448187548,39.65814744834824,6.0,10.2,4.0,7.2,57.8,1.0,0.6,1.6,1.2,3.4,5.0,5.2,2.8,3.0,44.8,1.0,2.8,0.6,1.2,3.2,3.0,0.0,,,
06BALKeM,2021,2022-03-11 20:30:00,,Univ. Craiova,FC Arges,3,0,55.0,45.0,16.0,2.0,8.0,1.0,8.0,1.0,3.0,2.0,2,4,0,1,7.0,8.0,2.0,3.0,11.0,9.0,18.0,11.0,1.0,5.0,1325.7372171365037,1253.3385840857834,112.73074545829422,40.33211240757394,4.0,10.4,3.6,4.8,53.0,2.0,0.2,3.0,1.6,1.6,4.0,7.4,3.6,5.0,48.8,1.0,0.2,2.6,2.6,2.6,1.3333333333333333,1.3333333333333333,,,
SlNj6riB,2021,2022-03-12 17:30:00,,Chindia Targoviste,U Craiova 1948,0,0,43.0,57.0,7.0,2.0,3.0,1.0,4.0,1.0,4.0,1.0,1,2,0,0,8.0,10.0,1.0,1.0,11.0,9.0,15.0,19.0,1.0,3.0,1202.267919364477,1192.5493516407846,50.9424194513947,41.223851727702474,6.0,8.2,4.8,3.0,47.4,1.6,1.0,1.4,1.2,2.0,7.0,10.0,5.0,5.2,52.6,1.6,1.4,1.4,2.4,2.2,0.5,2.0,,,
Is6FKvBS,2021,2022-03-12 20:30:00,,CFR Cluj,FC Voluntari,3,1,57.0,43.0,10.0,6.0,4.0,1.0,6.0,5.0,2.0,5.0,1,3,0,0,11.0,11.0,2.0,2.0,13.0,13.0,27.0,14.0,0.0,1.0,1444.500087387642,1233.454453472552,252.16029892598158,41.11466501089139,6.0,10.8,6.4,6.4,56.8,2.2,0.6,3.0,1.8,1.6,6.0,5.0,2.4,4.6,44.6,0.6,1.2,0.8,2.4,3.6,2.3333333333333335,0.3333333333333333,,,
MBMf526H,2021,2022-03-13 17:30:00,,Sepsi Sf. Gheorghe,CS Mioveni,3,1,68.0,32.0,13.0,5.0,9.0,2.0,4.0,3.0,11.0,3.0,1,1,0,0,7.0,17.0,2.0,2.0,19.0,9.0,30.0,11.0,1.0,6.0,1257.3751145340523,1152.5193096644832,146.3730178326564,41.51721296308726,8.0,8.2,4.2,6.6,51.8,1.4,1.6,1.4,3.4,1.8,8.0,3.8,1.8,2.4,41.4,0.4,1.4,0.4,3.4,2.6,1.5,1.5,1.59,3.41,6.35
YmkOmzyp,2021,2022-03-13 20:30:00,,Rapid Bucuresti,Dinamo Bucuresti,3,1,48.0,52.0,7.0,6.0,5.0,1.0,2.0,5.0,5.0,3.0,0,3,0,0,17.0,11.0,6.0,4.0,15.0,23.0,18.0,29.0,0.0,2.0,1209.4771895367521,1053.9039975697838,197.7288998836559,42.15570791668759,8.0,9.4,3.8,6.0,50.0,1.2,1.4,1.0,1.8,3.4,7.0,6.6,3.8,3.6,46.6,1.4,1.6,1.0,3.2,1.8,1.0,1.0,2.04,3.08,3.8
GCvTnfjj,2021,2022-03-14 18:00:00,,FC Botosani,Gaz Metan Medias,5,0,63.0,37.0,10.0,6.0,5.0,2.0,5.0,4.0,8.0,2.0,3,2,0,0,23.0,12.0,4.0,0.0,12.0,27.0,19.0,16.0,2.0,0.0,1225.5588651276669,1071.176668093591,197.05263802210015,42.670440988024104,7.0,8.6,3.2,5.4,54.0,0.8,1.0,1.0,3.2,1.6,8.0,4.6,0.6,1.8,38.6,0.2,3.0,0.0,1.2,5.0,3.0,0.0,1.05,10.55,37.4
KjhsGbJq,2021,2022-03-14 21:00:00,,FCSB,Farul Constanta,2,0,52.0,48.0,16.0,9.0,11.0,4.0,5.0,5.0,5.0,2.0,3,4,0,1,9.0,16.0,5.0,5.0,21.0,14.0,29.0,26.0,4.0,9.0,1358.567819034382,1278.076193972654,123.97833239915644,43.486707337428456,8.0,11.0,4.4,6.2,61.4,1.0,1.2,1.4,1.6,2.0,7.0,9.8,5.8,6.0,49.6,2.4,0.8,1.8,1.2,1.0,1.5,1.5,2.04,3.06,3.83
2JwR7eSF,2021,2022-03-18 17:30:00,,FC Botosani,UTA Arad,1,0,50.0,50.0,6.0,4.0,1.0,1.0,5.0,3.0,6.0,2.0,1,1,0,0,17.0,21.0,0.0,1.0,22.0,17.0,29.0,25.0,1.0,0.0,1236.4424164530583,1208.3242913331812,72.3022948913565,44.18416977147934,3.0,7.8,2.4,6.2,55.6,1.4,1.0,1.0,3.4,2.0,7.0,10.2,4.8,6.2,56.0,1.6,0.6,2.0,1.2,3.6,1.6666666666666667,0.6666666666666666,2.61,2.82,2.93
E3lXxMQd,2021,2022-03-18 20:30:00,,FC Voluntari,Univ. Craiova,3,1,33.0,67.0,5.0,9.0,4.0,5.0,1.0,4.0,2.0,6.0,4,2,0,0,11.0,15.0,7.0,1.0,16.0,18.0,15.0,24.0,4.0,1.0,1228.0871474432736,1337.6270747382175,-64.75961986688776,44.78030742805627,6.0,5.2,2.2,4.2,45.0,0.8,1.2,0.8,2.2,3.0,7.0,11.8,4.4,4.0,54.6,2.2,0.2,3.0,1.6,1.8,0.6666666666666666,1.6666666666666667,5.15,3.37,1.7
f3wXoE5d,2021,2022-03-19 12:30:00,,Gaz Metan Medias,U Craiova 1948,0,2,40.0,60.0,3.0,22.0,2.0,8.0,1.0,14.0,3.0,9.0,1,1,0,0,12.0,12.0,1.0,1.0,13.0,13.0,17.0,29.0,6.0,2.0,1060.2931167681995,1194.005174531599,-87.6756484993939,46.03640926400573,4.0,3.4,0.6,1.2,39.8,0.0,3.6,0.0,1.0,3.6,6.0,9.8,5.2,4.6,53.4,1.6,1.0,1.6,2.2,2.4,0.0,3.0,24.85,9.15,1.08
4YKN8yD9,2021,2022-03-19 15:00:00,,LPS HD Clinceni,Rapid Bucuresti,0,1,46.0,54.0,2.0,4.0,1.0,2.0,1.0,2.0,1.0,3.0,2,1,0,0,12.0,14.0,4.0,3.0,17.0,16.0,26.0,26.0,1.0,1.0,1047.7728950500891,1216.3402971545725,-123.32953506020931,45.23786704427409,7.0,5.8,2.8,3.8,44.8,0.6,1.8,0.6,1.6,2.6,5.0,9.2,4.4,6.0,49.6,1.6,1.4,1.4,1.4,2.8,0.0,3.0,9.59,4.33,1.35
EDioFIYk,2021,2022-03-19 20:30:00,,Farul Constanta,CFR Cluj,0,0,49.0,51.0,5.0,8.0,2.0,4.0,3.0,4.0,4.0,2.0,2,0,0,0,12.0,9.0,3.0,1.0,10.0,15.0,27.0,29.0,4.0,2.0,1268.7766948519754,1449.8673934169203,-136.34724904726409,44.74344951768076,4.0,7.8,3.8,4.8,48.2,0.8,0.8,1.2,2.0,2.8,7.0,9.4,5.4,6.0,54.4,2.4,0.6,3.0,1.8,1.4,0.0,3.0,3.1,2.71,2.57
M9VI9Hc3,2021,2022-03-20 16:00:00,,Dinamo Bucuresti,Sepsi Sf. Gheorghe,0,0,43.0,57.0,5.0,10.0,2.0,3.0,3.0,7.0,0.0,11.0,4,0,0,0,17.0,6.0,3.0,2.0,8.0,20.0,33.0,49.0,3.0,2.0,1047.0408899519634,1265.8883805820567,-173.82394543653777,45.02354519355543,6.0,7.4,3.8,4.0,49.8,1.6,2.2,0.8,2.8,1.8,6.0,9.0,5.2,8.0,55.4,1.8,1.6,1.8,2.8,1.8,0.3333333333333333,2.3333333333333335,4.24,3.29,1.85
CbAlExld,2021,2022-03-20 19:00:00,,FC Arges,FCSB,2,3,46.0,54.0,4.0,15.0,3.0,9.0,1.0,6.0,1.0,3.0,4,4,1,0,10.0,12.0,2.0,1.0,13.0,12.0,23.0,21.0,6.0,1.0,1241.4487264840695,1367.8673181550605,-81.0482784212495,45.37031324974143,8.0,6.6,2.8,4.4,47.4,0.8,0.8,2.0,2.8,3.4,5.0,12.0,5.0,5.4,59.6,0.8,0.8,1.4,2.0,2.6,1.3333333333333333,1.3333333333333333,5.31,3.39,1.68
rJWEAcrc,2021,2022-03-21 20:30:00,,CS Mioveni,Chindia Targoviste,1,0,53.0,47.0,6.0,5.0,1.0,3.0,5.0,2.0,3.0,3.0,3,1,0,0,16.0,15.0,0.0,7.0,22.0,16.0,26.0,19.0,3.0,0.0,1144.0060436164788,1200.8120964736625,-12.013888817114548,44.7921640400691,8.0,3.6,2.0,2.2,38.2,0.6,1.8,0.4,2.8,3.0,9.0,8.2,4.8,3.8,48.2,1.2,0.4,1.6,0.8,1.2,0.5,2.0,3.09,2.54,2.77
lvI9aXZe,2021,2022-04-01 17:30:00,,U Craiova 1948,CS Mioveni,1,1,49.0,51.0,5.0,12.0,2.0,6.0,3.0,6.0,5.0,6.0,2,3,1,0,14.0,12.0,0.0,3.0,15.0,14.0,26.0,23.0,5.0,1.0,1204.6524041280209,1154.3516933803694,95.86879852001243,45.56808777236089,13.0,11.6,5.6,5.2,55.2,1.8,0.8,2.0,1.8,2.0,10.0,3.8,1.4,2.6,42.2,0.6,1.6,0.8,2.4,3.6,0.5,2.0,,,
fHI50DKk,2021,2022-04-01 20:30:00,,Chindia Targoviste,Dinamo Bucuresti,0,2,50.0,50.0,15.0,9.0,8.0,6.0,7.0,3.0,2.0,4.0,2,3,0,0,15.0,14.0,2.0,1.0,15.0,17.0,26.0,28.0,4.0,8.0,1190.4664467097718,1051.6644640344434,184.1682181246024,45.36623544927405,11.0,8.6,5.0,4.2,47.8,1.0,0.4,1.4,0.8,1.2,12.0,6.0,2.4,3.2,46.4,0.8,2.2,0.4,2.8,2.4,1.3333333333333333,1.3333333333333333,,,
dtwV6FsM,2021,2022-04-02 12:00:00,,UTA Arad,Gaz Metan Medias,4,0,62.0,38.0,16.0,5.0,11.0,1.0,5.0,4.0,14.0,2.0,3,1,0,0,20.0,7.0,5.0,0.0,7.0,25.0,21.0,22.0,1.0,7.0,1200.375789245489,1049.6458871717778,194.52058912066968,43.79068704695847,14.0,8.8,4.0,5.6,56.2,1.4,0.6,1.8,1.0,2.6,13.0,3.6,1.0,1.2,39.8,0.0,3.2,0.0,1.0,3.8,2.0,1.0,,,
0KjqzKAF,2021,2022-04-02 17:30:00,,FC Voluntari,Farul Constanta,1,0,44.0,56.0,5.0,7.0,2.0,3.0,3.0,4.0,4.0,6.0,0,2,0,0,8.0,11.0,2.0,0.0,11.0,10.0,22.0,37.0,3.0,1.0,1244.8351719225998,1272.5113038636377,16.85272779220668,44.52885973324455,14.0,4.8,1.8,3.2,42.0,0.8,1.2,0.8,2.6,3.2,13.0,7.6,3.6,4.6,47.4,0.8,0.6,1.4,1.8,3.4,1.5,1.5,,,
zXyZ5ZdS,2021,2022-04-02 20:30:00,,Rapid Bucuresti,FC Botosani,3,0,48.0,52.0,13.0,3.0,5.0,2.0,8.0,1.0,4.0,5.0,2,0,0,0,13.0,7.0,2.0,6.0,13.0,15.0,24.0,27.0,2.0,2.0,1222.9325308424834,1244.3909185407506,23.78412100255241,45.24250870081967,14.0,8.0,4.2,5.0,52.4,1.6,1.0,2.0,1.2,1.8,15.0,7.6,2.4,5.8,55.4,1.4,0.8,1.4,2.8,2.0,2.0,0.5,,,
MTiuy0e9,2021,2022-04-03 19:00:00,,FCSB,Univ. Craiova,0,2,58.0,42.0,12.0,5.0,5.0,3.0,7.0,2.0,9.0,0.0,2,5,0,0,9.0,22.0,2.0,3.0,25.0,11.0,28.0,19.0,1.0,5.0,1375.5759742840248,1320.8790502588913,101.1496822671254,46.452758241991965,14.0,14.6,6.6,4.6,57.0,1.2,1.0,1.8,2.4,2.2,15.0,10.6,4.4,4.2,55.0,1.8,0.6,2.4,1.8,1.8,2.0,1.0,,,
GQJ11g5q,2021,2022-04-04 18:00:00,,Sepsi Sf. Gheorghe,LPS HD Clinceni,6,0,53.0,47.0,16.0,6.0,8.0,2.0,8.0,4.0,10.0,4.0,1,3,0,0,9.0,4.0,4.0,4.0,8.0,13.0,17.0,11.0,2.0,2.0,1261.2648064995767,1041.1806613621782,265.1758891243103,45.09174398691173,15.0,9.8,5.0,8.2,56.4,1.6,1.0,2.0,2.6,1.6,16.0,5.6,2.6,3.8,47.0,0.4,1.4,0.6,1.4,2.4,2.0,1.0,1.1,8.38,22.24
hfmyxtt3,2021,2022-04-04 21:00:00,,CFR Cluj,FC Arges,2,0,52.0,48.0,16.0,3.0,7.0,2.0,9.0,1.0,5.0,3.0,1,0,0,1,10.0,14.0,2.0,1.0,15.0,12.0,28.0,19.0,2.0,5.0,1446.132784405258,1233.7400703551052,258.1403456683813,45.74763161822857,16.0,9.0,4.6,4.8,52.6,2.0,0.4,2.6,1.8,1.4,15.0,6.4,3.0,3.6,47.2,1.0,1.4,1.4,3.2,4.0,3.0,0.0,1.37,4.09,9.39
rwa0Mfs9,2021,2022-04-08 17:30:00,,LPS HD Clinceni,Chindia Targoviste,0,3,43.0,57.0,6.0,14.0,2.0,8.0,4.0,6.0,5.0,8.0,2,1,0,0,13.0,6.0,0.0,3.0,9.0,13.0,13.0,27.0,5.0,2.0,1032.4354929446204,1169.4591346788973,-90.884570118297,46.13907161597993,3.0,5.6,2.2,4.2,48.0,0.4,2.2,0.6,1.8,2.4,6.0,9.8,5.8,3.8,47.6,1.0,0.6,1.4,1.0,2.0,0.3333333333333333,2.3333333333333335,,,
4n0dNzS2,2021,2022-04-08 20:30:00,,Dinamo Bucuresti,U Craiova 1948,1,2,44.0,56.0,6.0,11.0,2.0,5.0,4.0,6.0,2.0,7.0,2,5,0,0,14.0,14.0,3.0,0.0,14.0,17.0,24.0,39.0,3.0,1.0,1072.671776065318,1201.9610398201964,-84.11696339577838,45.17230035910014,7.0,6.0,2.8,3.0,47.0,1.0,2.0,0.8,3.0,3.4,7.0,10.0,4.2,5.0,53.2,1.4,1.0,1.6,2.0,3.0,0.5,2.0,,,
fL8HHBfl,2021,2022-04-09 17:30:00,,FC Arges,Farul Constanta,0,2,45.0,55.0,7.0,8.0,4.0,3.0,3.0,5.0,2.0,4.0,1,0,0,0,12.0,9.0,1.0,1.0,10.0,13.0,26.0,29.0,1.0,4.0,1228.5208703850872,1262.9959842959695,10.12530089608822,44.60041480697052,4.0,5.6,2.6,3.2,46.2,1.0,1.8,1.2,3.0,4.6,7.0,7.2,3.2,4.2,49.6,0.4,0.8,0.8,2.2,3.4,3.0,0.0,,,
Ugc8KYBL,2021,2022-04-09 20:30:00,,UTA Arad,Rapid Bucuresti,0,2,57.0,43.0,5.0,5.0,0.0,3.0,5.0,2.0,4.0,2.0,2,1,0,0,18.0,15.0,2.0,1.0,16.0,20.0,27.0,22.0,1.0,0.0,1210.2180917293033,1239.0691913914472,14.657752945531001,43.50885260767484,7.0,9.2,5.4,7.0,57.0,1.8,0.6,1.8,1.4,2.0,7.0,8.6,4.4,5.2,51.4,2.0,0.8,2.4,1.0,1.6,1.0,1.0,,,
j3b4LEdF,2021,2022-04-10 17:30:00,,FC Botosani,Sepsi Sf. Gheorghe,0,1,55.0,45.0,3.0,17.0,3.0,11.0,0.0,6.0,5.0,4.0,4,0,0,1,21.0,13.0,3.0,0.0,13.0,24.0,26.0,24.0,10.0,3.0,1228.2542579917867,1270.0099749171345,0.6477544796748589,42.403471405022735,7.0,6.4,2.2,5.4,52.8,1.4,1.4,1.2,2.2,2.0,5.0,10.8,5.8,8.6,55.8,2.8,0.6,2.6,2.2,1.8,1.3333333333333333,1.3333333333333333,,,
tI4DIiur,2021,2022-04-10 20:30:00,,Univ. Craiova,CFR Cluj,3,2,51.0,49.0,5.0,4.0,3.0,2.0,2.0,2.0,3.0,3.0,3,4,0,0,15.0,8.0,1.0,1.0,9.0,16.0,21.0,23.0,0.0,0.0,1339.0259069932945,1451.351984375276,-70.67400426578456,41.65207311619709,7.0,10.0,4.8,3.6,53.6,2.0,0.6,2.4,2.4,2.0,5.0,11.2,5.4,5.6,54.2,2.0,0.4,2.6,1.2,1.0,0.3333333333333333,2.3333333333333335,,,
2sMDbik2,2021,2022-04-11 18:00:00,,Gaz Metan Medias,CS Mioveni,1,2,48.0,52.0,4.0,17.0,2.0,6.0,2.0,11.0,4.0,9.0,2,2,0,0,6.0,27.0,1.0,2.0,29.0,7.0,17.0,29.0,4.0,1.0,1039.8035846879634,1157.0430576881938,-74.68690777249253,42.55256522773793,9.0,4.2,1.2,1.6,39.2,0.0,3.4,0.0,1.0,4.0,10.0,5.6,2.2,3.6,45.4,0.8,1.8,0.8,2.2,3.2,1.5,1.5,,,
lr8LGV9f,2021,2022-04-11 21:00:00,,FCSB,FC Voluntari,4,0,50.0,50.0,16.0,8.0,8.0,6.0,8.0,2.0,5.0,3.0,4,1,0,0,18.0,12.0,1.0,1.0,13.0,19.0,19.0,13.0,6.0,4.0,1357.4291175496217,1254.350491490268,145.0399775766109,41.9613515172573,8.0,14.8,7.4,5.8,57.6,1.2,1.0,1.8,2.4,1.8,9.0,4.2,1.8,3.0,41.4,1.0,1.2,1.2,2.4,3.0,2.3333333333333335,0.3333333333333333,,,
r1wqEWlk,2021,2022-04-15 17:30:00,,Chindia Targoviste,FC Botosani,1,2,52.0,48.0,12.0,5.0,3.0,4.0,9.0,1.0,2.0,5.0,0,0,0,0,10.0,12.0,5.0,1.0,13.0,11.0,25.0,17.0,2.0,2.0,1182.3494181039612,1218.2356141407781,6.982974541443355,42.86917057826026,7.0,10.6,5.8,5.0,51.2,1.4,0.6,1.4,1.2,1.6,5.0,5.6,2.4,5.6,53.2,1.4,1.2,1.2,2.6,3.4,0.6666666666666666,1.6666666666666667,2.29,2.75,3.58
vTWiCAJ1,2021,2022-04-15 20:30:00,,CS Mioveni,Dinamo Bucuresti,2,0,49.0,51.0,9.0,3.0,3.0,0.0,6.0,3.0,4.0,4.0,3,5,0,1,12.0,14.0,1.0,4.0,18.0,13.0,23.0,23.0,0.0,1.0,1164.925907161269,1065.0466353702564,141.9833704364098,42.10409864539723,4.0,8.4,3.2,4.6,46.2,1.2,1.4,1.4,2.2,2.8,7.0,5.6,2.4,2.4,45.8,1.0,1.8,0.8,2.8,4.0,3.0,0.0,2.05,3.15,3.69
lvvuFCZr,2021,2022-04-16 15:00:00,,Sepsi Sf. Gheorghe,UTA Arad,1,0,55.0,45.0,14.0,3.0,7.0,1.0,7.0,2.0,10.0,1.0,3,3,0,0,13.0,22.0,0.0,0.0,22.0,13.0,20.0,21.0,1.0,6.0,1280.0286187681431,1195.4796756939418,127.30287092380354,42.75392784960228,5.0,12.8,7.4,7.8,54.8,2.4,0.4,2.6,1.4,1.8,6.0,9.0,4.6,6.2,56.2,1.8,0.8,1.8,1.8,0.8,0.3333333333333333,2.3333333333333335,1.88,3.13,4.37
nyNQDTgD,2021,2022-04-16 17:30:00,,FC Voluntari,FC Arges,0,1,49.0,51.0,6.0,11.0,1.0,6.0,5.0,5.0,3.0,6.0,2,3,0,0,12.0,11.0,3.0,1.0,12.0,15.0,21.0,21.0,5.0,1.0,1242.246237343562,1213.9667077278114,71.52032366674393,43.24079405099329,4.0,5.4,2.8,2.8,41.6,1.0,1.8,1.2,2.2,3.2,7.0,4.6,2.8,3.2,47.6,0.8,2.2,0.6,2.6,3.4,0.3333333333333333,2.3333333333333335,2.12,2.95,3.71
8pOME9v7,2021,2022-04-16 20:30:00,,Farul Constanta,Univ. Craiova,0,3,55.0,45.0,6.0,10.0,2.0,7.0,4.0,3.0,9.0,4.0,1,4,1,0,9.0,12.0,1.0,1.0,16.0,10.0,21.0,12.0,4.0,2.0,1277.5501469532453,1351.0324684805057,-31.143772097663714,42.33854942959661,7.0,7.0,2.8,3.4,51.2,0.4,0.8,0.8,1.8,3.8,6.0,9.4,4.2,3.8,53.4,2.0,1.0,2.4,2.8,1.8,1.5,1.5,2.92,3.07,2.42
MixmDj4e,2021,2022-04-17 15:00:00,,U Craiova 1948,LPS HD Clinceni,4,0,54.0,46.0,15.0,4.0,9.0,0.0,6.0,4.0,7.0,5.0,1,1,0,0,10.0,9.0,4.0,2.0,11.0,14.0,13.0,15.0,0.0,5.0,1209.586180515258,1019.5452095195566,231.19661588901533,41.15564489331386,8.0,8.8,3.6,5.4,54.2,1.2,0.8,1.6,2.8,3.0,8.0,4.0,1.4,3.6,44.6,0.0,2.8,0.0,2.0,3.4,1.5,1.5,1.07,9.44,30.9
SY6PFkP0,2021,2022-04-17 20:30:00,,CFR Cluj,FCSB,0,1,55.0,45.0,2.0,16.0,1.0,13.0,1.0,3.0,1.0,6.0,3,6,1,0,16.0,22.0,2.0,1.0,23.0,18.0,27.0,29.0,12.0,1.0,1439.3454228880648,1369.5333716963278,111.59474023259713,41.78268904086011,7.0,10.2,5.0,4.6,53.8,2.2,1.0,2.0,1.6,0.8,5.0,16.0,7.6,5.8,55.2,2.0,0.8,2.4,2.8,2.6,2.3333333333333335,0.3333333333333333,2.11,3.1,3.49
CInDJhRR,2021,2022-04-18 20:30:00,,Rapid Bucuresti,Gaz Metan Medias,8,0,60.0,40.0,29.0,2.0,19.0,0.0,10.0,2.0,20.0,0.0,0,0,0,0,14.0,4.0,4.0,0.0,4.0,18.0,23.0,15.0,0.0,11.0,1253.8076074268088,1031.9207352148883,262.6866206413424,40.799748429421996,9.0,8.0,4.4,4.8,50.2,2.0,0.2,3.0,0.8,0.6,7.0,4.2,1.6,2.4,40.8,0.2,3.4,0.0,1.2,4.0,0.5,2.0,1.02,14.0,45.77
WMJwzEB8,2021,2022-04-22 17:30:00,,LPS HD Clinceni,CS Mioveni,0,2,51.0,49.0,4.0,10.0,4.0,5.0,0.0,5.0,1.0,6.0,3,2,0,0,13.0,14.0,5.0,4.0,18.0,18.0,28.0,22.0,3.0,4.0,1011.1846208856066,1173.5902965506696,-120.8396171812717,41.56605848379137,5.0,4.6,1.4,4.2,45.4,0.0,3.4,0.0,2.2,3.2,6.0,9.8,3.6,5.0,47.4,1.4,1.0,2.0,2.4,2.2,0.5,2.0,19.53,6.99,1.14
IJVeBUY7,2021,2022-04-22 20:00:00,,Gaz Metan Medias,Dinamo Bucuresti,0,1,44.0,56.0,2.0,9.0,0.0,3.0,2.0,6.0,2.0,11.0,2,5,0,0,21.0,16.0,1.0,4.0,20.0,22.0,21.0,16.0,2.0,0.0,1021.7032678232966,1056.3822459808557,6.181133464923732,40.86011162248291,3.0,4.0,1.4,2.2,40.6,0.2,4.2,0.0,1.2,5.6,6.0,5.8,2.2,2.6,48.0,0.8,1.4,0.8,3.4,3.4,2.0,1.0,31.14,9.59,1.06
QLCnYitL,2021,2022-04-23 13:30:00,,UTA Arad,Chindia Targoviste,1,0,57.0,43.0,13.0,6.0,5.0,3.0,8.0,3.0,5.0,3.0,2,3,0,0,8.0,17.0,2.0,0.0,17.0,10.0,27.0,22.0,3.0,4.0,1188.9881263420616,1172.1484589991207,56.936437323819064,40.0967699808783,6.0,7.8,3.8,4.6,53.8,1.4,0.8,1.2,2.0,2.0,7.0,10.6,5.0,3.8,49.8,0.8,1.0,0.8,1.0,1.8,0.0,3.0,2.13,2.84,3.83
d43ISV3r,2021,2022-04-23 21:00:00,,Rapid Bucuresti,Sepsi Sf. Gheorghe,1,0,53.0,47.0,8.0,6.0,4.0,5.0,4.0,1.0,5.0,2.0,1,1,0,0,9.0,9.0,2.0,0.0,9.0,11.0,24.0,29.0,5.0,3.0,1264.0250748184005,1286.5201681200233,18.22985804891846,40.724951350541225,5.0,11.6,6.8,6.8,50.6,3.4,0.2,3.0,0.8,0.6,7.0,14.0,7.6,9.2,55.6,2.2,0.2,2.6,1.0,1.8,1.0,1.0,3.15,2.84,2.43
0vB8xDWD,2021,2022-04-24 19:00:00,,FC Voluntari,CFR Cluj,0,1,41.0,59.0,3.0,9.0,2.0,3.0,1.0,6.0,2.0,5.0,2,2,0,0,11.0,13.0,0.0,1.0,14.0,11.0,20.0,25.0,2.0,2.0,1230.2163090582728,1426.23954806889,-154.58760389844633,41.435635112170836,8.0,6.0,2.8,3.4,43.8,1.0,1.8,1.2,2.0,3.4,6.0,8.0,3.6,2.6,52.8,1.4,1.0,1.4,1.8,3.2,0.0,3.0,6.83,3.38,1.57
rcNsZXQE,2021,2022-04-25 15:30:00,,FC Botosani,U Craiova 1948,2,1,48.0,52.0,10.0,9.0,7.0,6.0,3.0,3.0,4.0,4.0,6,4,1,1,12.0,10.0,6.0,2.0,12.0,18.0,15.0,15.0,5.0,5.0,1228.4365732456185,1217.9467691492082,51.48873663381892,40.9989325374086,9.0,5.4,3.0,5.8,53.6,1.6,1.0,1.8,1.6,3.4,8.0,11.0,5.0,5.8,55.2,1.8,0.4,2.2,2.2,2.2,0.5,2.0,2.33,2.96,3.19
d64Hzi1Q,2021,2022-04-25 18:00:00,,FC Arges,Univ. Craiova,0,4,51.0,49.0,5.0,12.0,1.0,5.0,4.0,7.0,4.0,5.0,1,2,0,0,9.0,22.0,0.0,1.0,23.0,9.0,22.0,16.0,1.0,1.0,1225.9966360131004,1366.8045289642757,-99.16930119112294,41.63859176005225,9.0,5.4,3.2,2.8,47.0,0.6,2.0,0.6,2.4,3.6,8.0,9.0,5.2,3.2,52.0,2.4,1.0,2.4,3.2,1.8,1.0,2.0,6.23,3.73,1.54
EsFCyXoK,2021,2022-04-25 21:00:00,,Farul Constanta,FCSB,0,4,52.0,48.0,6.0,16.0,3.0,10.0,3.0,6.0,4.0,7.0,3,0,0,0,13.0,8.0,2.0,2.0,10.0,15.0,31.0,20.0,6.0,3.0,1261.7780864694753,1382.6392465155027,-80.30568047429665,40.55547957173078,9.0,7.0,2.8,5.0,52.6,0.4,1.2,0.8,1.8,4.4,8.0,15.0,9.2,5.6,51.8,2.0,0.8,2.4,3.8,2.6,1.0,2.0,5.53,3.57,1.62
IJiRQ9Yf,2021,2022-04-29 17:30:00,,Sepsi Sf. Gheorghe,Gaz Metan Medias,3,1,59.0,41.0,14.0,4.0,6.0,4.0,8.0,0.0,12.0,6.0,4,1,0,0,10.0,7.0,4.0,1.0,8.0,14.0,19.0,23.0,3.0,3.0,1277.0443846316284,1011.5253792685685,304.9151473045981,39.3961419415382,5.0,12.6,6.8,7.4,51.4,1.6,0.2,2.0,1.0,2.2,6.0,3.2,1.0,2.2,42.0,0.2,3.4,0.0,1.2,6.0,1.6666666666666667,0.6666666666666666,1.01,19.4,54.2
4zfwO7ID,2021,2022-04-29 20:30:00,,Chindia Targoviste,Rapid Bucuresti,0,0,43.0,57.0,5.0,5.0,2.0,1.0,3.0,4.0,1.0,4.0,1,0,0,0,7.0,9.0,2.0,1.0,10.0,9.0,32.0,30.0,1.0,2.0,1163.7727074036152,1273.5008583067954,-70.01935091075347,39.7087999924268,6.0,10.4,5.0,3.6,49.8,0.8,1.2,0.6,1.4,2.4,5.0,11.8,6.6,6.8,51.6,3.0,0.0,3.0,1.0,1.6,0.5,2.0,2.92,2.72,2.69
QJaJUwiQ,2021,2022-04-30 12:30:00,,Dinamo Bucuresti,LPS HD Clinceni,5,1,59.0,41.0,21.0,5.0,11.0,3.0,10.0,2.0,9.0,3.0,4,1,0,1,10.0,9.0,1.0,2.0,11.0,11.0,25.0,15.0,2.0,6.0,1066.560134535584,1001.7719960681604,104.64607377597372,39.85793530855015,7.0,6.4,2.6,4.2,48.8,0.8,0.8,1.4,3.8,3.0,7.0,4.4,1.8,3.2,46.6,0.0,3.2,0.0,2.2,3.2,1.0,2.0,1.18,6.39,13.88
6ufiUlvf,2021,2022-04-30 20:00:00,,Univ. Craiova,FC Voluntari,1,0,57.0,43.0,9.0,5.0,5.0,1.0,4.0,4.0,3.0,4.0,3,4,0,0,15.0,16.0,1.0,2.0,18.0,16.0,16.0,29.0,1.0,4.0,1381.246024808562,1224.393608061443,197.77174248624965,40.919325739130734,5.0,8.2,4.6,3.6,50.8,2.6,1.0,2.4,3.2,1.8,6.0,5.4,3.0,2.8,43.4,0.8,1.4,1.2,1.8,3.6,1.3333333333333333,1.3333333333333333,1.35,4.54,8.45
h61BWaMD,2021,2022-05-01 19:00:00,,U Craiova 1948,UTA Arad,1,0,50.0,50.0,6.0,11.0,4.0,4.0,2.0,7.0,5.0,4.0,2,2,0,0,14.0,14.0,0.0,1.0,15.0,14.0,17.0,25.0,4.0,3.0,1209.4179795139596,1197.3638779375672,53.33733058265125,41.283229006258864,6.0,12.4,6.0,6.4,54.2,2.0,0.8,2.0,2.6,2.6,8.0,8.2,3.6,5.2,54.2,1.0,0.8,1.2,2.2,2.2,0.5,2.0,,,
bFjqWA9s,2021,2022-05-01 21:30:00,,CFR Cluj,Farul Constanta,1,0,52.0,48.0,6.0,8.0,5.0,4.0,1.0,4.0,2.0,1.0,4,2,0,0,18.0,18.0,1.0,4.0,22.0,19.0,27.0,25.0,4.0,4.0,1432.0622490657197,1246.3202514002407,227.66098484706436,41.91898718158541,7.0,7.8,3.4,3.2,53.2,1.0,0.8,1.4,2.0,3.6,6.0,6.4,2.6,5.4,53.4,0.4,1.6,0.8,1.6,3.8,2.3333333333333335,0.3333333333333333,,,
Wd0FVJyK,2021,2022-05-02 17:30:00,,CS Mioveni,FC Botosani,0,2,47.0,53.0,8.0,4.0,3.0,3.0,5.0,1.0,6.0,3.0,2,2,0,0,9.0,10.0,1.0,2.0,12.0,10.0,24.0,27.0,1.0,3.0,1183.0029213681157,1236.9653628808671,-11.724855063255745,42.23758644949565,10.0,10.8,4.2,5.6,50.8,1.6,0.4,2.6,2.6,1.8,7.0,5.4,3.4,5.0,50.6,1.0,1.2,1.8,2.2,4.0,1.0,1.0,,,
SlemVUOm,2021,2022-05-02 20:30:00,,FCSB,FC Arges,4,0,58.0,42.0,13.0,1.0,8.0,0.0,5.0,1.0,4.0,1.0,2,2,0,0,11.0,17.0,3.0,1.0,18.0,14.0,20.0,33.0,0.0,4.0,1398.0970815847372,1211.5551401688142,227.7546480469157,41.212706630992734,6.0,15.0,9.0,6.0,51.0,2.4,0.8,2.4,3.2,2.4,7.0,6.0,3.2,3.2,48.2,0.6,2.2,0.6,1.8,2.8,2.0,1.0,,,
2uioQcas,2021,2022-05-06 17:30:00,,Gaz Metan Medias,LPS HD Clinceni,4,3,46.0,54.0,14.0,11.0,7.0,5.0,7.0,6.0,4.0,5.0,2,0,0,0,15.0,14.0,0.0,4.0,18.0,15.0,22.0,21.0,2.0,3.0,1007.3566052567204,987.6201236604193,61.58611621900354,41.849634622702474,7.0,3.4,1.4,2.8,42.2,0.4,3.6,0.0,1.2,5.4,6.0,5.0,2.2,3.6,45.6,0.2,4.0,0.0,2.0,4.2,0.6666666666666666,1.6666666666666667,,,
p4tjPHEm,2021,2022-05-06 20:30:00,,FC Botosani,Dinamo Bucuresti,2,3,58.0,42.0,14.0,6.0,10.0,5.0,4.0,1.0,8.0,2.0,5,6,0,2,15.0,13.0,4.0,1.0,14.0,19.0,21.0,14.0,2.0,8.0,1250.6304271275726,1080.7120069433252,212.3864856129369,42.46806542868948,4.0,5.0,3.8,4.4,51.2,1.2,1.2,1.8,2.4,4.4,6.0,9.6,4.4,6.0,52.0,1.8,1.0,1.8,3.8,2.8,3.0,0.0,,,
OfufOyUg,2021,2022-05-07 15:00:00,,UTA Arad,CS Mioveni,1,0,53.0,47.0,13.0,6.0,7.0,3.0,6.0,3.0,9.0,2.0,0,1,0,0,13.0,8.0,8.0,1.0,9.0,21.0,27.0,23.0,3.0,6.0,1188.8871022665467,1169.3378571214103,60.85853075482669,41.309285609690335,5.0,9.6,4.2,5.6,54.2,1.0,0.8,1.2,2.4,2.8,4.0,11.2,4.6,6.2,49.6,1.4,0.8,2.0,2.4,1.4,2.0,0.5,,,
f1n4RnOC,2021,2022-05-07 17:30:00,,Farul Constanta,FC Voluntari,1,1,54.0,46.0,11.0,9.0,5.0,3.0,6.0,6.0,4.0,4.0,4,7,0,0,10.0,19.0,2.0,1.0,20.0,12.0,15.0,12.0,2.0,4.0,1242.0722611614376,1219.5415644997347,64.45993591961678,41.92923925791379,5.0,7.0,3.0,4.8,53.2,0.4,1.8,0.6,1.6,3.8,6.0,5.4,2.4,3.2,45.4,0.2,1.4,0.6,1.8,3.6,1.0,2.0,,,
l4qdT8g0,2021,2022-05-07 20:30:00,,FC Arges,CFR Cluj,0,6,54.0,46.0,3.0,11.0,1.0,8.0,2.0,3.0,3.0,0.0,2,1,0,0,9.0,14.0,0.0,0.0,14.0,9.0,24.0,21.0,2.0,1.0,1203.0627669460177,1436.3102393045228,-191.45580617271048,41.79166618579459,5.0,5.4,2.6,3.2,47.4,0.2,2.4,0.6,1.4,2.4,5.0,7.4,3.6,3.2,53.4,1.2,0.8,1.8,2.8,4.0,0.0,3.0,,,
WKr2MFb6,2021,2022-05-08 14:30:00,,Sepsi Sf. Gheorghe,Chindia Targoviste,2,1,52.0,48.0,11.0,10.0,4.0,3.0,7.0,7.0,3.0,6.0,4,3,0,0,15.0,10.0,1.0,4.0,14.0,16.0,18.0,17.0,2.0,2.0,1281.2131586434764,1165.7611782852598,156.3274941937177,40.87551383550106,8.0,13.4,7.4,7.6,51.8,2.2,0.4,2.4,1.8,2.4,8.0,10.4,4.8,3.2,49.0,0.8,1.0,0.8,1.4,2.6,0.6666666666666666,1.6666666666666667,,,
0vm0SS86,2021,2022-05-08 19:30:00,,Univ. Craiova,FCSB,0,1,50.0,50.0,11.0,14.0,2.0,4.0,9.0,10.0,2.0,4.0,1,2,0,0,17.0,10.0,3.0,0.0,10.0,20.0,29.0,32.0,3.0,2.0,1386.0980683702703,1406.5894548075337,20.817736006267978,41.3091224435313,7.0,8.2,4.6,3.0,48.8,2.6,0.4,3.0,3.4,1.8,5.0,14.6,8.8,6.2,51.8,2.6,0.4,2.4,2.8,2.2,1.0,2.0,,,
hUqbNeq0,2021,2022-05-09 20:30:00,,Rapid Bucuresti,U Craiova 1948,2,3,50.0,50.0,9.0,6.0,5.0,3.0,4.0,3.0,6.0,4.0,3,4,1,1,14.0,8.0,0.0,0.0,8.0,14.0,21.0,21.0,0.0,3.0,1271.5123874251508,1217.89475518498,94.13186969062622,40.51423745045559,10.0,12.0,6.4,7.0,52.2,2.8,0.0,2.6,0.8,1.8,8.0,9.2,5.2,5.6,52.2,1.8,0.8,2.0,2.8,3.0,0.5,2.0,,,
EqY6LZDC,2021,2022-05-13 17:30:00,,Chindia Targoviste,Gaz Metan Medias,3,0,53.0,47.0,17.0,3.0,11.0,1.0,6.0,2.0,7.0,1.0,0,1,0,0,16.0,10.0,4.0,0.0,10.0,20.0,8.0,26.0,1.0,8.0,1159.97973017819,1015.6023493365471,183.94324849786267,39.56586765621989,5.0,9.4,3.8,4.0,48.6,1.0,1.0,0.8,1.6,2.2,7.0,5.2,2.6,3.2,43.8,1.2,3.4,0.6,1.4,4.4,1.3333333333333333,1.3333333333333333,1.05,11.18,30.03
GnmMRAzn,2021,2022-05-13 20:30:00,,Dinamo Bucuresti,UTA Arad,1,1,50.0,50.0,12.0,5.0,5.0,3.0,7.0,2.0,2.0,2.0,3,4,0,0,15.0,17.0,2.0,1.0,18.0,17.0,25.0,26.0,2.0,4.0,1096.1624045299804,1197.1531509095262,-60.75580420790652,40.23494217163917,7.0,9.0,4.2,5.6,50.4,2.0,1.4,1.8,4.4,2.8,6.0,9.0,3.4,4.6,52.4,0.4,0.8,1.2,1.8,3.2,0.6666666666666666,1.6666666666666667,3.73,3.36,1.95
A9UjkjGJ,2021,2022-05-14 16:30:00,,Farul Constanta,FC Arges,1,0,61.0,39.0,8.0,6.0,3.0,4.0,5.0,2.0,4.0,10.0,2,5,0,0,13.0,14.0,6.0,0.0,14.0,19.0,11.0,23.0,4.0,2.0,1240.2379535331816,1190.8474022754374,89.75532468426127,40.364773426517175,6.0,7.8,3.4,4.4,52.8,0.6,1.8,0.8,2.0,4.0,6.0,5.4,2.4,3.2,48.6,0.2,3.2,0.6,1.8,1.8,1.0,2.0,1.41,4.21,7.34
l0TflAVP,2021,2022-05-14 21:00:00,,FC Voluntari,FCSB,2,2,43.0,57.0,5.0,17.0,4.0,8.0,1.0,9.0,1.0,12.0,5,1,0,0,18.0,7.0,2.0,2.0,9.0,20.0,18.0,21.0,6.0,2.0,1221.3758721279908,1417.1879213818765,-154.8868301020002,40.92521915188556,7.0,6.2,2.6,3.2,45.8,0.2,1.6,0.2,3.2,3.8,6.0,15.0,8.6,5.2,50.2,2.8,0.0,3.0,2.8,2.4,0.3333333333333333,2.3333333333333335,15.35,6.06,1.18
Yio8Q6wJ,2021,2022-05-15 21:30:00,,CFR Cluj,Univ. Craiova,2,1,45.0,55.0,5.0,4.0,3.0,3.0,2.0,1.0,2.0,3.0,4,5,0,0,8.0,16.0,5.0,3.0,19.0,13.0,18.0,21.0,2.0,1.0,1448.5256039751032,1375.4996017959274,114.26505178212483,41.23904960294906,8.0,6.4,3.8,2.2,52.2,2.0,0.8,1.8,2.8,3.8,7.0,9.4,4.4,3.4,50.4,2.2,0.6,2.4,2.6,1.4,1.3333333333333333,1.3333333333333333,1.45,3.89,7.28
QJyBKgTI,2021,2022-05-16 20:30:00,,U Craiova 1948,Sepsi Sf. Gheorghe,0,5,52.0,48.0,4.0,10.0,2.0,7.0,2.0,3.0,3.0,11.0,1,1,0,0,6.0,10.0,2.0,2.0,12.0,8.0,13.0,18.0,2.0,2.0,1230.5396857747894,1286.9946067505462,-14.704007756152805,41.750913219603994,7.0,9.4,5.4,5.4,52.4,2.2,1.0,2.4,3.2,2.6,8.0,12.4,6.6,6.2,51.6,1.4,0.6,2.4,2.4,2.4,0.5,2.0,3.27,3.25,2.15
YNsRQUkh,2021,2022-05-16 20:30:00,,LPS HD Clinceni,FC Botosani,0,4,54.0,46.0,7.0,11.0,3.0,6.0,4.0,5.0,2.0,5.0,1,1,0,0,11.0,16.0,1.0,5.0,21.0,12.0,27.0,13.0,2.0,3.0,979.3743795805925,1235.1800295409173,-215.66085469435177,40.14479526597304,10.0,6.0,2.8,3.8,47.0,0.8,3.6,0.0,1.4,4.4,10.0,7.2,5.4,5.0,52.4,1.6,1.2,1.8,3.4,4.4,1.3333333333333333,1.3333333333333333,39.93,12.56,1.03
xdlISjLu,2021,2022-05-16 20:30:00,,CS Mioveni,Rapid Bucuresti,3,2,37.0,63.0,6.0,11.0,3.0,4.0,3.0,7.0,0.0,13.0,3,0,0,0,3.0,7.0,1.0,10.0,17.0,4.0,19.0,35.0,2.0,0.0,1161.0718084784307,1258.8674568353415,-58.32340747155831,39.47224088535242,9.0,10.0,4.0,5.4,48.8,1.2,0.8,1.8,2.0,2.4,7.0,11.2,6.4,7.4,52.6,2.6,0.6,2.0,1.0,1.4,0.5,2.0,8.02,4.01,1.42
KrKQrlgm,2021,2022-05-20 20:30:00,,Univ. Craiova,Farul Constanta,4,1,46.0,54.0,9.0,14.0,6.0,5.0,3.0,9.0,2.0,9.0,0,1,0,0,12.0,5.0,0.0,1.0,6.0,12.0,25.0,21.0,4.0,2.0,1368.6747535738616,1247.71056320476,161.31116300856388,40.34697263946235,4.0,9.2,4.4,3.4,51.2,1.8,0.6,1.8,3.0,1.6,6.0,7.8,3.4,4.4,54.0,0.4,1.8,0.8,2.4,4.0,2.0,1.0,1.92,3.39,3.79
M3WvriWh,2021,2022-05-21 15:30:00,,Concordia Chiajna,Chindia Targoviste,2,1,52.0,48.0,4.0,3.0,3.0,1.0,1.0,2.0,2.0,1.0,2,1,0,0,14.0,9.0,1.0,0.0,9.0,15.0,29.0,29.0,0.0,1.0,1200.0,1168.9007237171138,72.18205670025554,41.082780417369406,7.0,,,,,,,,,,7.0,10.0,4.4,3.8,47.8,1.0,1.0,0.8,1.4,2.0,,,,,
Gj1vpD1t,2021,2022-05-21 20:30:00,,U Cluj,Dinamo Bucuresti,2,0,55.0,45.0,9.0,10.0,5.0,3.0,4.0,7.0,3.0,9.0,5,1,1,0,17.0,6.0,1.0,0.0,6.0,18.0,29.0,36.0,3.0,3.0,1200.0,1097.8934879283538,143.78567879449065,41.679166722844386,7.0,,,,,,,,,,8.0,10.2,4.8,5.6,51.6,2.0,1.2,2.0,4.6,2.6,,,,,
6uGMqUws,2021,2022-05-22 21:30:00,,FCSB,CFR Cluj,3,1,50.0,50.0,15.0,4.0,6.0,1.0,9.0,3.0,8.0,2.0,4,2,0,0,14.0,13.0,4.0,4.0,17.0,18.0,14.0,22.0,0.0,3.0,1413.0035153676965,1455.350452197169,-0.022608138617897566,42.32432869085462,8.0,15.2,8.6,6.6,51.6,2.4,0.4,2.6,2.2,1.6,7.0,6.6,4.0,2.0,51.4,2.0,0.4,2.4,2.8,4.2,1.3333333333333333,1.3333333333333333,1.6,3.92,5.01
279Vs88g,2021,2022-05-23 20:30:00,,FC Arges,FC Voluntari,0,1,53.0,47.0,14.0,7.0,3.0,4.0,11.0,3.0,6.0,4.0,1,2,0,0,6.0,10.0,0.0,3.0,13.0,6.0,29.0,19.0,3.0,3.0,1183.3747926038589,1225.5602781421708,1.1995723430216003,43.38505788133361,9.0,5.2,2.4,4.8,47.4,0.2,3.0,0.6,2.6,2.0,8.0,5.6,2.2,2.8,44.4,0.6,1.2,0.4,4.0,4.2,2.3333333333333335,0.3333333333333333,2.67,2.85,2.8
EuATta2Q,2021,2022-05-27 20:30:00,,Univ. Craiova,FC Botosani,2,0,49.0,51.0,15.0,1.0,7.0,0.0,8.0,1.0,4.0,0.0,6,1,0,1,21.0,13.0,1.0,1.0,14.0,22.0,23.0,19.0,0.0,5.0,1378.4855239459557,1244.1474212825256,176.97057106999546,42.63246840656529,7.0,9.0,4.2,3.0,51.4,2.0,0.8,1.8,2.2,2.0,11.0,8.8,6.0,5.0,50.6,2.4,1.0,2.4,2.8,3.0,0.3333333333333333,2.3333333333333335,1.47,3.98,6.65
GQVrsBoa,2021,2022-05-29 18:15:00,,Chindia Targoviste,Concordia Chiajna,2,0,61.0,39.0,18.0,2.0,6.0,0.0,12.0,2.0,12.0,1.0,3,3,0,0,12.0,17.0,2.0,1.0,18.0,14.0,39.0,30.0,0.0,5.0,1160.9489063107808,1207.951817406333,-3.8077074673544757,43.19520362819767,8.0,8.2,4.0,3.6,47.0,1.0,1.0,0.8,1.6,1.8,8.0,,,,,,,,,,0.0,3.0,,,
rDXzqXGn,2021,2022-05-29 21:00:00,,Dinamo Bucuresti,U Cluj,1,1,58.0,42.0,14.0,4.0,6.0,3.0,8.0,1.0,14.0,1.0,3,3,0,0,10.0,10.0,3.0,0.0,10.0,13.0,44.0,22.0,2.0,5.0,1089.291328354884,1208.6021595734699,-75.04334361800397,44.26748760058186,8.0,11.6,5.4,6.6,50.4,2.0,1.2,2.0,3.8,3.0,8.0,,,,,,,,,,0.0,3.0,,,
QZkrMnDg,2022,2022-07-15 18:30:00,,FC Hermannstadt,CS Mioveni,3,0,57.0,43.0,11.0,8.0,6.0,3.0,5.0,5.0,2.0,4.0,1,0,0,0,11.0,9.0,5.0,1.0,10.0,16.0,20.0,23.0,3.0,3.0,1127.1014457954154,1172.7348985332299,-1.206444067243865,44.427008670570515,407.0,6.6,1.2,3.8,47.2,0.6,0.8,1.4,4.0,2.8,59.0,7.8,3.4,3.6,45.8,1.4,1.0,1.8,2.2,2.6,0.5,2.0,1.96,2.96,4.28
YyB3TUKJ,2022,2022-07-15 21:30:00,,Univ. Craiova,Sepsi Sf. Gheorghe,2,2,49.0,51.0,11.0,11.0,6.0,7.0,5.0,4.0,3.0,3.0,3,3,1,0,15.0,11.0,2.0,1.0,12.0,17.0,25.0,20.0,5.0,4.0,1385.9886602343875,1308.409512798959,123.3097050061424,45.7305575707139,49.0,9.6,4.6,2.8,51.4,1.6,0.8,1.8,3.0,1.8,60.0,11.0,5.8,7.6,52.2,2.2,0.6,2.4,2.6,2.2,0.3333333333333333,2.3333333333333335,2.1,3.16,3.46
KYML4orJ,2022,2022-07-16 18:30:00,,FC Arges,UTA Arad,2,0,47.0,53.0,11.0,4.0,6.0,3.0,5.0,1.0,4.0,4.0,1,3,0,0,12.0,14.0,1.0,5.0,19.0,13.0,23.0,27.0,3.0,4.0,1173.3402662736146,1195.4220675111528,23.39321169604068,45.475012933578995,53.0,5.8,1.8,4.8,47.8,0.0,3.2,0.0,2.2,2.4,63.0,9.0,4.0,4.2,51.0,0.6,0.6,1.4,2.2,3.8,2.0,1.0,3.15,2.86,2.41
hMizO8rs,2022,2022-07-16 21:30:00,,CFR Cluj,Rapid Bucuresti,1,0,49.0,51.0,11.0,7.0,4.0,1.0,7.0,6.0,7.0,5.0,3,2,0,0,12.0,8.0,1.0,3.0,11.0,13.0,22.0,25.0,1.0,3.0,1441.207396324116,1247.2043667805424,240.46739498324587,46.46436543967238,55.0,7.0,4.0,2.2,50.4,2.2,0.8,2.4,2.6,2.4,61.0,12.4,6.6,9.6,56.6,2.6,1.2,1.4,0.8,1.4,1.5,1.5,1.75,3.34,4.76
WCjvNScm,2022,2022-07-17 18:30:00,,Farul Constanta,U Craiova 1948,2,1,50.0,50.0,9.0,8.0,7.0,5.0,2.0,3.0,3.0,2.0,1,3,0,0,18.0,17.0,5.0,0.0,17.0,23.0,18.0,19.0,4.0,5.0,1237.899792832666,1209.1247797263766,75.53987151261686,46.76485840632751,57.0,9.4,4.0,4.4,53.8,0.6,2.0,0.8,2.4,3.6,61.0,8.0,4.8,4.6,51.6,1.8,1.8,1.8,2.4,2.8,2.0,0.5,1.97,3.19,3.85
CS97SlzQ,2022,2022-07-17 21:30:00,,FCSB,U Cluj,1,1,63.0,37.0,10.0,8.0,3.0,2.0,7.0,6.0,7.0,1.0,3,4,0,0,9.0,22.0,1.0,2.0,22.0,16.0,22.0,25.0,1.0,2.0,1427.1465712407496,1206.475211973621,268.0256735626224,47.354314295493786,56.0,15.0,7.2,7.0,52.6,2.8,0.6,2.6,1.8,1.4,49.0,,,,,,,,4.0,4.0,,,1.2,5.8,13.4
xAgnL6Sa,2022,2022-07-18 18:30:00,,FC Botosani,Chindia Targoviste,3,2,40.0,60.0,9.0,16.0,3.0,4.0,6.0,6.0,4.0,6.0,2,1,1,1,16.0,14.0,0.0,3.0,15.0,17.0,27.0,28.0,2.0,0.0,1236.6442849940938,1175.24602594257,108.26674888650405,46.86848983498029,51.0,8.0,5.2,4.0,51.2,2.0,1.2,1.8,3.0,3.6,50.0,10.6,4.6,5.4,50.6,1.4,0.8,1.4,1.6,1.0,1.6666666666666667,0.6666666666666666,2.23,2.87,3.52
6VIH5RSC,2022,2022-07-18 21:30:00,,Petrolul Ploiesti,FC Voluntari,0,1,46.0,54.0,9.0,7.0,4.0,4.0,3.0,0.0,5.0,3.0,5,4,0,0,10.0,14.0,1.0,0.0,13.0,9.0,27.0,27.0,3.0,4.0,1200.0,1235.594804472415,11.797254960833698,47.39205943324883,7.0,,,,,,,,,,56.0,5.8,2.8,3.0,44.0,0.8,1.0,1.0,4.0,3.8,,,2.45,2.91,3.01
8fPot84P,2022,2022-07-22 20:30:00,,CS Mioveni,Farul Constanta,0,2,39.0,61.0,10.0,15.0,1.0,2.0,8.0,6.0,5.0,8.0,2,1,1,0,13.0,9.0,2.0,2.0,9.0,11.0,25.0,17.0,0.0,1.0,1155.354246531318,1245.7592046882164,-43.7883553628742,46.61660279402422,7.0,7.6,3.4,3.6,44.6,1.0,1.6,1.2,1.6,3.2,5.0,10.0,4.8,4.2,53.4,1.0,1.4,1.4,2.0,3.2,0.5,2.0,3.39,2.98,2.23
vwGHznSn,2022,2022-07-23 20:30:00,,FC Voluntari,FC Botosani,0,1,53.0,47.0,12.0,11.0,2.0,4.0,5.0,5.0,4.0,5.0,2,1,0,0,15.0,9.0,2.0,0.0,10.0,16.0,21.0,27.0,3.0,2.0,1245.9342263287433,1243.6252129710076,47.99793085493775,45.688917497202105,4.0,6.6,3.2,3.2,46.6,1.0,0.8,1.6,4.4,4.2,5.0,7.8,4.4,4.0,49.6,2.2,1.4,1.8,2.2,3.0,0.6666666666666666,1.6666666666666667,2.27,2.94,3.31
bPseJpcC,2022,2022-07-24 12:00:00,,Sepsi Sf. Gheorghe,FC Arges,4,0,61.0,39.0,16.0,10.0,8.0,2.0,4.0,6.0,7.0,2.0,2,2,0,0,10.0,12.0,1.0,0.0,7.0,10.0,20.0,16.0,2.0,4.0,1311.8167746274244,1186.5316330215264,170.12110139770652,44.835959791808634,8.0,10.4,5.8,6.2,51.4,2.4,1.0,2.0,2.6,2.8,7.0,7.0,2.8,4.8,47.0,0.4,2.4,0.6,2.2,2.8,0.6666666666666666,1.6666666666666667,1.58,3.56,5.92
6ko3HORO,2022,2022-07-24 16:00:00,,U Craiova 1948,CFR Cluj,3,1,58.0,42.0,18.0,10.0,6.0,4.0,9.0,5.0,5.0,2.0,2,4,0,0,9.0,16.0,0.0,1.0,17.0,9.0,19.0,11.0,3.0,3.0,1201.2653678708261,1445.2139692128512,-198.293546934402,45.655054407623176,6.0,6.6,4.0,3.6,50.8,1.2,2.2,1.2,2.8,3.8,7.0,7.4,4.2,2.6,48.4,2.2,0.8,2.4,2.8,2.2,0.0,3.0,4.37,3.2,1.85
46rqEMjk,2022,2022-07-24 18:30:00,,U Cluj,Univ. Craiova,1,1,42.0,58.0,16.0,14.0,4.0,1.0,7.0,10.0,3.0,3.0,3,3,0,0,12.0,6.0,5.0,1.0,6.0,15.0,24.0,24.0,0.0,3.0,1212.9528714471344,1382.581398405922,-122.36561923323279,47.26290772555481,6.0,7.0,3.3333333333333335,1.6666666666666667,44.666666666666664,1.3333333333333333,0.6666666666666666,1.6666666666666667,4.0,3.3333333333333335,8.0,10.0,4.8,2.8,49.8,1.8,1.2,1.4,3.0,2.6,,,4.3,3.43,1.8
SbnaI4CI,2022,2022-07-24 21:30:00,,Rapid Bucuresti,FCSB,2,0,40.0,60.0,12.0,16.0,5.0,3.0,2.0,7.0,4.0,4.0,4,3,0,0,14.0,11.0,0.0,2.0,14.0,14.0,37.0,22.0,3.0,3.0,1243.1977938918071,1420.6689117672363,-129.95446855350883,47.516649321920426,8.0,8.0,3.0,6.6,54.8,1.0,1.4,0.8,1.2,2.0,7.0,13.8,5.8,7.0,55.6,2.2,0.8,2.2,2.4,1.0,1.5,1.5,3.06,3.13,2.29
pGGDySCt,2022,2022-07-25 18:30:00,,Chindia Targoviste,FC Hermannstadt,1,1,46.0,54.0,12.0,9.0,5.0,2.0,6.0,5.0,3.0,3.0,0,1,0,0,15.0,10.0,0.0,2.0,11.0,9.0,17.0,19.0,1.0,4.0,1168.2650979656562,1144.4820977973272,72.73951640484233,48.95651623651335,7.0,12.8,5.0,6.4,54.0,1.8,1.4,1.2,1.6,0.8,10.0,8.0,2.4,4.2,49.0,1.2,0.4,2.0,3.2,2.8,1.3333333333333333,1.3333333333333333,2.65,2.73,2.96
KYriKQs6,2022,2022-07-25 21:30:00,,UTA Arad,Petrolul Ploiesti,2,0,44.0,56.0,11.0,14.0,4.0,3.0,3.0,8.0,5.0,5.0,1,2,0,0,12.0,9.0,0.0,0.0,6.0,9.0,29.0,22.0,3.0,2.0,1182.230700763241,1189.6605781436717,41.37187264993531,48.80175003036598,9.0,9.2,4.4,4.8,52.6,0.6,0.8,1.4,2.2,3.4,7.0,,,,,,,,,,,,1.87,3.13,4.43
ITELZ5sg,2022,2022-07-29 18:30:00,,FC Arges,U Cluj,3,1,64.0,36.0,9.0,12.0,4.0,3.0,4.0,8.0,1.0,3.0,2,1,0,1,12.0,12.0,0.0,3.0,10.0,9.0,21.0,12.0,2.0,1.0,1175.6103714773326,1216.3360927320093,9.01098144159937,49.736702696276055,5.0,8.8,3.2,5.0,46.4,0.4,2.4,0.6,2.2,2.8,5.0,9.25,3.5,2.0,44.0,1.25,0.75,1.5,3.75,2.5,,,2.78,2.87,2.69
I3qQW3RB,2022,2022-07-29 21:30:00,,Farul Constanta,Chindia Targoviste,0,0,64.0,36.0,14.0,9.0,4.0,3.0,5.0,6.0,8.0,0.0,4,2,0,0,12.0,10.0,2.0,0.0,8.0,14.0,27.0,15.0,3.0,4.0,1258.1283419791778,1166.201548550358,142.69665351047206,50.769860081652354,7.0,11.4,4.4,5.6,56.0,1.4,1.2,2.0,1.8,2.6,4.0,13.2,5.4,5.8,53.6,1.8,1.2,1.4,1.0,0.6,0.0,3.0,1.89,3.06,4.47
EVxZUsdO,2022,2022-07-30 18:30:00,,FC Voluntari,UTA Arad,3,0,41.0,59.0,13.0,14.0,6.0,3.0,4.0,7.0,0.0,6.0,2,4,0,0,9.0,8.0,0.0,0.0,6.0,6.0,15.0,20.0,3.0,3.0,1234.561456923497,1194.6967363087085,90.34277163547904,50.47805102069057,6.0,8.0,3.4,3.2,48.6,1.0,0.8,1.6,4.0,4.0,4.0,8.8,4.2,4.8,50.0,0.8,0.8,1.4,2.0,3.4,1.3333333333333333,1.3333333333333333,3.15,2.85,2.43
OtpMXqC5,2022,2022-07-30 21:30:00,,CFR Cluj,CS Mioveni,4,2,62.0,38.0,16.0,8.0,8.0,2.0,5.0,4.0,3.0,3.0,1,5,0,0,5.0,14.0,4.0,1.0,12.0,8.0,22.0,23.0,0.0,4.0,1423.7759249737628,1142.9851092403567,332.23753198225563,51.4467162488495,6.0,8.2,4.0,2.6,46.4,2.2,1.4,1.8,2.8,2.0,8.0,7.6,2.6,3.4,42.6,0.6,2.0,0.6,1.6,2.4,3.0,0.0,1.27,4.97,11.06
hMywU1BU,2022,2022-07-31 18:00:00,,Petrolul Ploiesti,Sepsi Sf. Gheorghe,1,1,33.0,67.0,9.0,13.0,3.0,4.0,3.0,5.0,3.0,9.0,1,5,0,0,15.0,15.0,4.0,0.0,11.0,18.0,23.0,27.0,3.0,2.0,1177.1945425982042,1322.7380361716182,-93.82376595031769,51.71972762309628,5.0,,,,,,,,3.5,2.5,7.0,12.4,6.4,7.2,54.2,3.2,0.8,2.6,2.8,2.6,,,4.02,3.16,1.94
rcsmDt6e,2022,2022-07-31 20:15:00,,Univ. Craiova,Rapid Bucuresti,0,1,57.0,43.0,16.0,7.0,6.0,4.0,9.0,2.0,6.0,1.0,5,2,0,0,15.0,12.0,1.0,2.0,15.0,16.0,15.0,27.0,3.0,6.0,1379.1981771210471,1262.3960194197127,168.71963640611943,51.91747870478506,7.0,10.6,4.6,3.0,51.4,2.0,1.2,1.6,3.4,2.6,6.0,8.8,3.2,6.4,52.2,1.2,1.4,0.8,1.8,1.6,3.0,0.0,1.95,3.24,3.88
pjoIYPda,2022,2022-07-31 22:30:00,,FCSB,U Craiova 1948,1,1,53.0,47.0,21.0,9.0,8.0,6.0,6.0,3.0,5.0,4.0,2,5,0,0,13.0,13.0,2.0,1.0,14.0,15.0,21.0,25.0,5.0,7.0,1401.4706862393307,1222.7034121099146,229.59670644995094,50.82943232053479,7.0,14.4,4.8,7.0,56.0,1.4,1.2,1.6,2.6,1.6,7.0,8.4,4.0,3.8,52.0,1.6,2.0,1.8,2.4,3.4,2.0,0.5,1.68,3.82,4.4
W6mUVNtI,2022,2022-08-01 20:30:00,,FC Hermannstadt,FC Botosani,1,1,42.0,58.0,11.0,12.0,3.0,4.0,5.0,6.0,4.0,5.0,4,4,0,0,10.0,19.0,1.0,0.0,19.0,9.0,11.0,24.0,3.0,2.0,1146.5456472126255,1254.997982376254,-58.05709069285081,50.395244470777726,7.0,7.8,2.6,3.8,51.2,1.2,0.6,1.6,2.4,2.4,9.0,9.2,4.6,4.4,48.4,2.0,1.4,1.8,2.0,2.8,1.5,1.5,,,
4fIrkost,2022,2022-08-05 19:00:00,,U Cluj,Petrolul Ploiesti,0,1,70.0,30.0,17.0,6.0,0.0,3.0,9.0,1.0,6.0,1.0,2,4,0,0,14.0,13.0,0.0,1.0,12.0,14.0,42.0,20.0,2.0,0.0,1202.5606609269919,1179.8312236873878,73.24885440308162,50.51941716347765,7.0,9.8,3.4,2.2,42.4,1.2,1.2,1.2,3.2,2.2,5.0,10.666666666666666,3.3333333333333335,4.333333333333333,45.0,0.3333333333333333,1.3333333333333333,0.3333333333333333,2.6666666666666665,2.6666666666666665,,,,,
xpAenqRb,2022,2022-08-06 19:00:00,,CS Mioveni,FCSB,1,1,29.0,71.0,12.0,9.0,3.0,6.0,6.0,3.0,4.0,4.0,2,1,0,0,18.0,7.0,2.0,4.0,9.0,15.0,28.0,33.0,5.0,2.0,1139.3449575837328,1395.6815149092365,-206.72295872444738,49.61359860105627,6.0,7.6,2.4,2.8,40.8,1.0,2.4,0.6,2.2,3.0,5.0,15.8,5.6,7.2,56.6,1.4,1.4,1.2,2.6,2.2,0.5,2.0,,,
roHnl5dn,2022,2022-08-06 21:45:00,,Rapid Bucuresti,FC Arges,2,1,60.0,40.0,12.0,7.0,3.0,4.0,6.0,2.0,2.0,6.0,1,1,1,0,8.0,11.0,2.0,2.0,12.0,8.0,20.0,16.0,3.0,1.0,1276.9033045430497,1189.38580328235,137.5312095822835,50.0137083215839,6.0,9.2,3.8,5.8,49.4,1.4,1.4,1.2,2.2,2.4,8.0,10.0,3.8,4.6,48.4,1.0,1.4,1.2,2.2,2.8,3.0,0.0,,,
SY28qsBH,2022,2022-08-07 16:00:00,,Sepsi Sf. Gheorghe,UTA Arad,0,0,70.0,30.0,15.0,9.0,1.0,4.0,8.0,2.0,7.0,4.0,2,4,0,1,8.0,14.0,1.0,3.0,14.0,9.0,30.0,20.0,4.0,1.0,1320.1013550824346,1181.7811999332562,188.80157127753318,50.48141612835481,6.0,12.2,6.0,6.6,55.8,2.8,0.8,2.2,3.0,2.4,7.0,9.4,4.0,5.2,51.8,0.8,1.2,1.4,2.4,3.4,1.3333333333333333,1.3333333333333333,,,
W69ao3t5,2022,2022-08-07 18:30:00,,Chindia Targoviste,CFR Cluj,0,2,67.0,33.0,20.0,11.0,3.0,5.0,10.0,5.0,9.0,2.0,3,1,0,2,9.0,14.0,2.0,1.0,12.0,8.0,17.0,22.0,3.0,3.0,1170.0923360298484,1427.4160766303867,-207.21400072846836,50.10973987206979,8.0,11.6,3.8,4.4,50.2,1.2,1.2,1.0,1.4,1.2,7.0,9.2,4.0,3.2,49.6,1.8,1.8,1.8,2.8,1.8,0.0,3.0,,,
Q96imPBh,2022,2022-08-07 21:30:00,,U Craiova 1948,Univ. Craiova,1,2,63.0,37.0,15.0,10.0,4.0,4.0,5.0,4.0,9.0,2.0,3,7,1,0,14.0,16.0,0.0,2.0,15.0,11.0,25.0,19.0,2.0,3.0,1228.4925834400087,1364.6908919977102,-86.58231664222058,49.61599191548096,6.0,9.0,4.4,3.6,51.4,1.6,2.2,1.4,3.0,4.0,7.0,13.0,5.2,3.6,51.8,1.8,1.0,1.6,3.4,3.0,0.0,3.0,,,
4bQySEup,2022,2022-08-08 18:00:00,,FC Hermannstadt,FC Voluntari,2,1,42.0,58.0,7.0,12.0,4.0,2.0,3.0,6.0,1.0,5.0,2,2,0,0,4.0,8.0,1.0,2.0,10.0,5.0,22.0,26.0,1.0,2.0,1148.201283115291,1247.4769932989493,-50.22659061220338,49.049119571454966,6.0,8.4,2.6,3.4,49.0,1.2,0.8,1.2,2.6,2.8,8.0,8.8,4.0,2.4,47.6,1.4,0.6,2.0,3.0,3.8,2.0,1.0,2.41,2.83,3.19
Ac83pNeB,2022,2022-08-08 21:00:00,,FC Botosani,Farul Constanta,1,1,48.0,52.0,9.0,24.0,5.0,6.0,4.0,10.0,4.0,11.0,2,6,0,0,12.0,14.0,0.0,4.0,18.0,11.0,26.0,32.0,5.0,4.0,1253.3423464735883,1254.2375544996873,49.011585319889264,49.90679334598835,7.0,8.8,3.4,3.8,48.4,1.8,1.0,2.0,1.8,2.8,9.0,12.0,4.2,6.4,58.0,1.2,1.0,2.0,1.8,2.8,0.0,3.0,2.97,2.96,2.45
COTqQhAd,2022,2022-08-12 21:30:00,,FC Arges,U Craiova 1948,0,2,46.0,54.0,12.0,9.0,3.0,4.0,7.0,5.0,6.0,3.0,1,3,0,0,16.0,8.0,1.0,2.0,7.0,15.0,34.0,19.0,2.0,3.0,1183.1496991920712,1220.9342855196621,12.017103265127616,49.80168959271857,5.0,10.2,3.8,3.8,48.6,1.2,1.6,1.2,1.4,2.6,5.0,10.8,4.6,4.6,54.0,1.2,2.2,0.8,2.8,3.8,1.5,1.5,,,
vy5vnzXF,2022,2022-08-13 19:00:00,,UTA Arad,U Cluj,2,1,54.0,46.0,14.0,12.0,3.0,2.0,5.0,7.0,4.0,8.0,3,3,0,0,14.0,12.0,2.0,3.0,15.0,13.0,23.0,32.0,1.0,1.0,1186.7368833503897,1190.4830800947068,44.95816118140601,48.70435792572318,6.0,8.6,3.4,4.2,47.2,0.6,1.2,1.0,3.2,3.0,8.0,11.4,2.4,2.8,45.4,0.8,1.4,0.6,2.6,2.0,,,2.31,2.95,3.26
bLPuRYfj,2022,2022-08-13 21:45:00,,Petrolul Ploiesti,Rapid Bucuresti,1,0,35.0,65.0,11.0,16.0,1.0,3.0,6.0,9.0,3.0,10.0,1,4,0,0,11.0,8.0,0.0,1.0,9.0,10.0,14.0,22.0,3.0,0.0,1191.908804519673,1283.1394086333285,-41.872758103886326,49.35784600976927,8.0,9.5,3.25,3.5,41.25,0.5,1.0,1.0,3.0,2.0,7.0,9.8,3.4,5.0,51.4,1.4,1.0,1.8,1.8,3.0,,,2.93,2.93,2.51
ET7Slxmc,2022,2022-08-14 16:00:00,,Univ. Craiova,CS Mioveni,1,0,70.0,30.0,14.0,7.0,7.0,1.0,3.0,6.0,5.0,2.0,1,1,0,0,16.0,14.0,1.0,2.0,10.0,12.0,20.0,18.0,1.0,6.0,1372.2491899180568,1144.6797538574347,277.7672365777339,50.19780051711184,6.0,13.2,4.8,3.6,50.0,1.4,1.0,1.6,4.8,2.8,7.0,8.8,2.4,3.2,37.2,1.2,2.4,0.8,2.4,2.8,3.0,0.0,1.43,4.22,7.08
0p6zmGH9,2022,2022-08-14 18:30:00,,CFR Cluj,FC Botosani,0,1,54.0,46.0,13.0,6.0,3.0,2.0,8.0,3.0,8.0,1.0,1,3,0,0,21.0,10.0,1.0,1.0,9.0,19.0,36.0,24.0,1.0,3.0,1433.9993827182377,1251.940963096658,232.50841135052792,50.449991728948035,7.0,10.4,4.4,3.2,47.2,1.8,1.6,1.8,2.2,2.0,5.0,8.4,3.2,3.6,48.8,1.2,1.2,1.6,2.0,3.2,1.3333333333333333,1.3333333333333333,1.6,3.59,5.67
hK6Wmd23,2022,2022-08-14 21:30:00,,FCSB,Chindia Targoviste,3,2,75.0,25.0,31.0,8.0,10.0,2.0,9.0,4.0,12.0,3.0,1,3,0,1,7.0,13.0,0.0,1.0,10.0,8.0,14.0,18.0,0.0,7.0,1390.3467186355347,1163.5090299419974,276.0993339534457,49.26164525990833,8.0,14.2,5.2,5.6,59.4,1.2,1.2,1.2,2.6,2.2,7.0,15.0,4.2,6.0,54.0,1.0,1.2,1.0,1.8,1.6,3.0,0.0,1.68,3.44,5.11
z3bmpE1S,2022,2022-08-15 17:00:00,,FC Voluntari,Sepsi Sf. Gheorghe,0,0,39.0,61.0,4.0,12.0,2.0,4.0,1.0,7.0,4.0,3.0,3,2,0,0,11.0,14.0,2.0,1.0,13.0,10.0,23.0,31.0,4.0,2.0,1236.0413429718376,1315.145671665301,-29.588471549786846,49.515857143676726,6.0,10.2,3.6,3.2,50.6,1.2,0.6,1.8,2.4,3.0,8.0,13.0,5.4,7.4,59.4,2.4,0.6,1.8,2.6,2.8,2.3333333333333335,0.3333333333333333,3.51,2.95,2.19
MafqofnM,2022,2022-08-15 19:30:00,,Farul Constanta,FC Hermannstadt,0,0,58.0,42.0,15.0,10.0,2.0,1.0,8.0,7.0,6.0,3.0,3,3,0,0,11.0,11.0,6.0,3.0,12.0,15.0,24.0,19.0,1.0,2.0,1255.6389378766178,1159.6369334424028,145.5815794614116,49.5795750271966,6.0,15.2,4.8,7.8,56.2,1.2,1.2,1.6,2.6,2.8,7.0,8.8,3.4,2.2,48.4,1.6,1.0,1.6,2.2,2.6,,,1.71,3.26,5.25
WYqJvhPk,2022,2022-08-19 18:00:00,,CS Mioveni,FC Arges,0,1,56.0,44.0,6.0,6.0,1.0,3.0,2.0,1.0,2.0,1.0,2,4,0,0,14.0,14.0,3.0,3.0,14.0,12.0,31.0,29.0,2.0,1.0,1141.3172043662853,1168.5186102987993,22.081092310245367,49.28249824275934,5.0,9.0,2.0,3.6,35.8,0.6,2.2,0.2,2.0,3.6,6.0,9.8,3.8,3.8,47.2,1.2,1.8,1.2,1.4,2.4,0.5,2.0,2.99,2.76,2.62
hroFuY9q,2022,2022-08-19 21:00:00,,U Craiova 1948,Petrolul Ploiesti,0,1,69.0,31.0,23.0,7.0,5.0,1.0,16.0,6.0,12.0,0.0,4,0,0,0,15.0,13.0,5.0,2.0,15.0,20.0,21.0,9.0,0.0,5.0,1235.565374412934,1203.1081979509072,80.94207290880627,48.484896446779445,6.0,11.8,5.0,4.6,54.4,1.6,1.2,1.4,3.2,4.0,5.0,9.8,2.8,3.4,40.0,0.6,0.8,1.4,2.6,2.2,,,1.89,3.17,4.23
t4R91FW2,2022,2022-08-20 21:30:00,,Rapid Bucuresti,UTA Arad,1,0,52.0,48.0,11.0,10.0,6.0,3.0,3.0,7.0,3.0,4.0,3,5,0,1,12.0,20.0,0.0,2.0,19.0,11.0,20.0,25.0,3.0,5.0,1271.9400152020942,1195.4500578043376,124.05322029554804,47.5632628977915,6.0,10.8,3.2,4.4,51.8,1.0,0.6,1.8,2.6,3.0,7.0,10.4,3.4,4.6,48.0,0.8,1.2,1.4,3.0,2.4,1.6666666666666667,0.6666666666666666,2.14,2.96,3.62
MDZHag1F,2022,2022-08-22 17:00:00,,U Cluj,Sepsi Sf. Gheorghe,0,1,47.0,53.0,13.0,10.0,3.0,3.0,8.0,5.0,4.0,2.0,2,3,0,1,10.0,12.0,1.0,4.0,16.0,11.0,39.0,32.0,2.0,3.0,1181.769905640759,1314.296099885036,-84.46989362235718,48.056300621919966,8.0,13.0,2.2,4.2,46.2,0.8,1.6,0.4,2.6,1.2,7.0,13.4,4.8,5.8,62.0,1.4,0.6,1.4,2.8,2.8,,,3.39,3.0,2.22
04YLbDGL,2022,2022-08-22 19:30:00,,Farul Constanta,FC Voluntari,2,1,49.0,51.0,22.0,12.0,6.0,6.0,11.0,5.0,3.0,4.0,4,2,0,0,10.0,17.0,4.0,1.0,14.0,11.0,19.0,14.0,5.0,4.0,1251.677914084121,1236.8909147521026,62.272133120674425,47.48513378865599,7.0,15.4,4.2,7.2,57.0,1.0,0.4,1.8,3.0,2.6,7.0,9.6,3.2,3.2,49.0,1.0,0.6,1.4,2.6,3.2,1.3333333333333333,1.3333333333333333,1.77,3.26,4.88
tv8ocLdE,2022,2022-08-26 18:45:00,,FC Voluntari,U Cluj,0,0,44.0,56.0,7.0,20.0,0.0,2.0,5.0,11.0,6.0,4.0,2,2,0,0,13.0,10.0,0.0,1.0,10.0,11.0,21.0,20.0,2.0,0.0,1228.664301534408,1174.154347863906,102.61208345048499,48.102129779983095,3.0,10.6,3.6,3.4,48.4,1.0,1.0,0.8,2.2,3.2,4.0,14.0,2.4,4.8,48.2,0.6,1.6,0.2,2.2,1.2,,,2.55,2.87,2.94
SEI0iV8e,2022,2022-08-26 21:30:00,,UTA Arad,U Craiova 1948,2,1,41.0,59.0,9.0,22.0,4.0,3.0,4.0,9.0,2.0,8.0,4,2,0,0,17.0,12.0,2.0,2.0,14.0,18.0,16.0,28.0,2.0,2.0,1188.8762214826247,1223.2769270930949,13.486141531966268,47.88684714243641,6.0,11.6,3.4,4.6,47.0,0.8,1.0,1.4,3.4,2.6,7.0,14.8,5.0,6.6,58.2,1.4,1.0,1.4,3.4,3.0,1.3333333333333333,1.3333333333333333,2.49,2.89,3.01
UwwQcXVR,2022,2022-08-27 19:00:00,,Petrolul Ploiesti,CS Mioveni,0,0,56.0,44.0,10.0,15.0,1.0,1.0,6.0,8.0,6.0,5.0,2,2,0,0,8.0,9.0,2.0,1.0,8.0,5.0,26.0,27.0,1.0,1.0,1215.3966452707464,1130.68251375322,133.32188109558797,48.607749578061686,7.0,9.4,2.2,2.4,37.0,0.8,0.6,2.0,1.6,2.6,8.0,8.6,1.6,3.2,38.4,0.6,1.8,0.2,2.4,3.4,,,2.09,3.02,3.72
0SG8k9w8,2022,2022-08-27 21:45:00,,Sepsi Sf. Gheorghe,Rapid Bucuresti,1,2,60.0,40.0,25.0,10.0,8.0,5.0,8.0,3.0,7.0,0.0,0,2,0,0,10.0,6.0,1.0,1.0,4.0,10.0,20.0,20.0,3.0,7.0,1321.911657661889,1278.513851523807,91.73109814651843,48.33329200843641,5.0,13.2,4.0,5.6,62.4,1.2,0.2,1.8,2.8,2.6,7.0,11.6,4.2,4.0,52.0,1.2,0.4,2.4,2.8,3.0,0.6666666666666666,1.6666666666666667,2.01,3.06,3.94
WnPigivq,2022,2022-08-28 13:30:00,,FC Arges,Chindia Targoviste,2,1,44.0,56.0,12.0,12.0,5.0,6.0,6.0,4.0,6.0,2.0,2,1,0,0,15.0,13.0,3.0,3.0,15.0,14.0,30.0,24.0,5.0,3.0,1179.1533009118646,1160.1195381584187,66.4235136491543,47.38975089570833,8.0,8.8,3.2,3.2,46.6,1.0,1.8,1.2,2.0,2.0,13.0,13.0,3.4,4.2,46.8,1.0,1.8,0.4,1.8,3.0,0.6666666666666666,1.6666666666666667,2.31,2.82,3.43
2m9sb1s8,2022,2022-08-28 18:30:00,,CFR Cluj,Farul Constanta,1,3,48.0,52.0,17.0,15.0,7.0,5.0,2.0,6.0,3.0,6.0,2,1,0,0,11.0,16.0,2.0,3.0,14.0,12.0,24.0,26.0,2.0,6.0,1418.1547631310416,1259.9045273018157,206.24832183470357,47.99808600547777,14.0,12.2,4.8,4.4,48.0,1.6,1.2,1.8,2.0,1.6,5.0,18.0,4.0,7.2,56.8,1.0,0.4,1.8,3.6,2.8,2.3333333333333335,0.3333333333333333,2.29,2.97,3.27
MyI4jkO1,2022,2022-08-28 21:30:00,,FCSB,FC Hermannstadt,2,2,63.0,37.0,18.0,14.0,6.0,5.0,6.0,7.0,5.0,4.0,1,1,0,0,13.0,13.0,2.0,0.0,13.0,15.0,25.0,11.0,3.0,4.0,1393.7362104191134,1163.5979572348995,276.5108757821615,46.37262259794766,14.0,17.4,6.0,6.4,64.4,1.2,1.4,1.2,2.0,2.2,13.0,9.6,3.2,2.6,47.4,1.4,0.6,1.8,2.2,2.6,1.5,1.5,1.5,3.93,6.39
EBEdhBgk,2022,2022-08-29 21:00:00,,Univ. Craiova,FC Botosani,1,0,60.0,40.0,24.0,6.0,6.0,1.0,8.0,3.0,7.0,1.0,2,3,0,0,17.0,14.0,1.0,0.0,14.0,18.0,20.0,16.0,1.0,5.0,1375.6117394092062,1267.785582683854,153.7024914277024,45.876334702350334,15.0,13.0,4.8,3.8,54.2,1.2,1.0,1.6,3.8,3.0,15.0,9.4,3.6,3.8,47.8,1.4,0.8,2.2,2.4,2.8,1.3333333333333333,1.3333333333333333,1.4,4.3,7.55
folMjJZs,2022,2022-08-30 16:30:00,,CS Mioveni,UTA Arad,1,1,43.0,57.0,13.0,5.0,7.0,2.0,4.0,2.0,3.0,2.0,1,3,0,0,11.0,17.0,0.0,1.0,11.0,11.0,22.0,13.0,1.0,6.0,1134.3419480148905,1198.4882539576283,-17.83168972830208,46.31461621443582,2.0,9.6,1.6,3.2,39.4,0.6,1.4,0.4,2.4,3.6,3.0,11.2,3.4,4.0,46.4,0.8,1.2,1.4,4.0,2.4,0.3333333333333333,2.3333333333333335,2.98,2.69,2.68
2BiUlc4f,2022,2022-08-30 19:15:00,,U Craiova 1948,Sepsi Sf. Gheorghe,1,0,37.0,63.0,7.0,18.0,2.0,2.0,4.0,7.0,1.0,13.0,3,1,1,0,18.0,11.0,3.0,1.0,9.0,14.0,17.0,36.0,2.0,1.0,1213.6648946180912,1309.3311094921812,-49.31313962584454,46.35307524824545,3.0,15.6,4.4,7.2,58.4,1.0,1.2,0.8,3.4,2.8,2.0,15.0,4.0,5.6,62.2,0.6,0.6,1.2,2.4,2.8,0.3333333333333333,2.3333333333333335,3.06,3.13,2.3
OQuwmyZ6,2022,2022-08-30 22:00:00,,Rapid Bucuresti,U Cluj,1,0,50.0,50.0,15.0,7.0,5.0,1.0,3.0,2.0,6.0,4.0,2,2,0,0,14.0,17.0,2.0,1.0,15.0,15.0,24.0,24.0,1.0,4.0,1291.0943996935148,1177.024783031195,161.27843375936845,47.20881709704861,3.0,11.2,4.2,3.2,52.0,1.2,0.6,2.4,2.4,3.8,4.0,14.8,2.0,5.0,51.0,0.4,1.4,0.2,2.0,1.2,,,2.33,2.9,3.25
z17kduCK,2022,2022-08-31 16:30:00,,Chindia Targoviste,Petrolul Ploiesti,2,3,66.0,34.0,26.0,14.0,9.0,4.0,8.0,7.0,8.0,1.0,1,3,0,1,7.0,10.0,2.0,2.0,10.0,9.0,23.0,14.0,1.0,7.0,1152.0084033614928,1211.737211009076,-12.095114359408626,47.633693288174605,3.0,12.2,3.8,3.4,46.0,0.8,1.6,0.4,1.8,3.6,3.0,8.6,1.8,2.6,37.0,0.8,0.2,2.2,1.6,2.4,,,2.88,2.74,2.73
z1qsnelD,2022,2022-08-31 19:15:00,,CFR Cluj,FC Voluntari,4,0,52.0,48.0,18.0,9.0,7.0,0.0,7.0,8.0,3.0,1.0,2,2,0,1,10.0,11.0,1.0,2.0,11.0,10.0,19.0,13.0,0.0,3.0,1396.481917697307,1225.7938663671189,217.59784347917912,46.909792148991095,3.0,13.4,5.4,3.6,47.8,1.6,1.8,1.2,1.8,1.8,5.0,9.6,3.2,3.8,46.6,1.0,0.8,1.0,2.2,3.0,3.0,0.0,1.48,3.73,7.57
t2jYmHJ0,2022,2022-08-31 22:00:00,,Farul Constanta,FCSB,3,1,33.0,67.0,11.0,11.0,7.0,3.0,2.0,7.0,1.0,6.0,1,4,0,0,19.0,21.0,0.0,0.0,18.0,18.0,14.0,20.0,2.0,4.0,1281.5773727355504,1387.1190384778158,-57.965119245239975,47.576546497025454,3.0,18.0,4.6,6.8,55.0,1.2,0.6,1.8,3.6,3.8,3.0,19.0,6.6,6.0,64.4,1.4,1.6,1.2,1.6,2.6,1.0,2.0,2.89,3.17,2.39
l4BgeaRQ,2022,2022-09-01 18:00:00,,FC Botosani,FC Arges,0,0,69.0,31.0,23.0,9.0,8.0,3.0,8.0,4.0,13.0,4.0,4,1,0,0,13.0,9.0,2.0,2.0,10.0,15.0,27.0,23.0,3.0,8.0,1261.9418291893808,1187.2644357087904,123.48993376710405,48.812540286513794,2.0,8.8,3.2,3.2,47.8,0.8,0.6,1.6,2.6,3.4,4.0,9.2,3.8,4.0,47.6,1.4,1.2,1.8,2.0,2.2,1.0,2.0,,,
YymQkwkl,2022,2022-09-01 21:00:00,,FC Hermannstadt,Univ. Craiova,1,0,33.0,67.0,9.0,9.0,2.0,2.0,6.0,5.0,2.0,9.0,3,2,0,0,13.0,10.0,3.0,0.0,8.0,13.0,27.0,28.0,2.0,1.0,1170.215129176197,1381.4554929036794,-162.68371190527,48.55665182221249,3.0,10.2,3.0,3.0,43.4,1.2,1.0,1.4,2.2,2.8,3.0,15.6,4.8,4.6,56.4,1.0,0.6,2.0,3.6,2.2,0.0,3.0,,,
nuDa4x4s,2022,2022-09-02 18:45:00,,Sepsi Sf. Gheorghe,CS Mioveni,0,1,71.0,29.0,8.0,11.0,3.0,5.0,4.0,5.0,3.0,1.0,2,1,0,0,10.0,11.0,5.0,3.0,11.0,13.0,28.0,27.0,4.0,3.0,1297.9212181748057,1134.8547351323523,212.70071782017453,49.63423477772097,2.0,16.0,3.6,6.4,61.4,0.4,0.6,1.0,1.6,2.6,3.0,10.6,2.6,3.2,40.4,0.4,0.8,0.6,1.6,3.0,2.0,1.0,,,
f5G72GYg,2022,2022-09-02 21:30:00,,U Cluj,U Craiova 1948,1,1,45.0,55.0,15.0,12.0,4.0,4.0,8.0,6.0,4.0,6.0,0,3,0,0,10.0,14.0,2.0,0.0,14.0,13.0,33.0,23.0,3.0,3.0,1171.3597671495152,1225.0747859354667,-5.24004040810928,48.47497837784226,2.0,13.8,1.6,5.2,53.8,0.2,1.0,0.2,2.2,1.8,3.0,15.2,3.6,6.6,56.4,1.0,1.0,1.2,3.0,1.8,,,,,
SfWS9btK,2022,2022-09-03 19:00:00,,UTA Arad,Chindia Targoviste,1,1,70.0,30.0,14.0,4.0,2.0,2.0,7.0,1.0,4.0,2.0,1,4,0,0,19.0,17.0,3.0,1.0,13.0,22.0,20.0,24.0,1.0,1.0,1197.9754668401665,1142.3563881723794,104.10536772453315,48.48628905674596,4.0,9.4,3.2,3.2,46.0,1.0,0.8,1.6,3.8,3.0,3.0,15.0,4.6,4.4,50.0,1.0,2.0,0.2,2.0,3.6,1.0,2.0,,,
GK4G0f36,2022,2022-09-03 21:45:00,,FC Voluntari,Rapid Bucuresti,0,1,46.0,54.0,11.0,14.0,0.0,3.0,6.0,10.0,2.0,4.0,2,1,0,0,15.0,10.0,1.0,1.0,11.0,16.0,27.0,23.0,2.0,0.0,1216.9038083933274,1296.7594155751947,-31.5875550149035,48.26805216696371,3.0,8.8,2.0,4.0,48.0,0.4,1.6,0.4,2.2,3.0,3.0,12.8,4.4,4.2,53.4,1.2,0.6,2.4,2.4,2.8,2.0,0.5,,,
l4XOAvRD,2022,2022-09-04 21:30:00,,Petrolul Ploiesti,FC Botosani,2,1,36.0,64.0,12.0,11.0,6.0,2.0,3.0,4.0,3.0,7.0,3,2,0,0,12.0,14.0,2.0,0.0,11.0,13.0,22.0,26.0,1.0,4.0,1221.3892261981894,1258.5299829986966,10.445295330936233,47.5860521314435,4.0,9.6,2.0,2.2,37.2,1.2,0.4,2.6,2.0,3.2,3.0,11.2,4.0,4.8,52.2,0.6,0.6,1.2,3.2,3.6,,,,,
pWQX8IeQ,2022,2022-09-05 18:45:00,,FC Arges,FC Hermannstadt,0,1,41.0,59.0,20.0,6.0,5.0,4.0,10.0,0.0,5.0,2.0,0,2,0,0,9.0,11.0,0.0,0.0,11.0,9.0,28.0,30.0,3.0,5.0,1190.6762818994746,1184.5829019163102,54.406890922940875,48.3135109397764,4.0,9.2,3.6,4.6,41.0,0.8,1.0,1.4,1.8,3.4,3.0,10.2,3.0,2.8,39.2,1.2,0.8,1.8,2.6,2.4,0.3333333333333333,2.3333333333333335,,,
t2C33dJm,2022,2022-09-05 21:30:00,,Univ. Craiova,Farul Constanta,4,3,65.0,35.0,17.0,10.0,8.0,6.0,4.0,0.0,3.0,3.0,4,1,0,0,14.0,11.0,0.0,1.0,10.0,12.0,22.0,22.0,3.0,4.0,1367.0877201635662,1298.0572899287283,116.4774451522967,47.44701491745887,4.0,14.6,5.0,5.8,58.2,0.8,0.6,1.8,3.4,1.8,4.0,17.4,5.2,5.4,48.8,1.8,0.8,2.2,3.0,3.6,3.0,0.0,,,
lnINbYXI,2022,2022-09-09 18:45:00,,FC Botosani,UTA Arad,1,2,54.0,46.0,15.0,15.0,2.0,7.0,9.0,6.0,2.0,3.0,3,2,0,0,22.0,14.0,4.0,4.0,18.0,26.0,28.0,22.0,5.0,1.0,1248.8305322209246,1195.06564164307,101.71948347992316,47.95459290206843,4.0,11.0,3.6,5.2,53.4,0.6,0.8,1.0,2.8,4.0,5.0,10.4,2.8,3.2,54.0,1.2,1.0,1.6,3.2,3.0,2.3333333333333335,0.3333333333333333,2.67,2.85,2.81
lQKV6VPu,2022,2022-09-10 13:00:00,,Chindia Targoviste,Sepsi Sf. Gheorghe,1,2,42.0,58.0,9.0,11.0,4.0,5.0,4.0,3.0,3.0,5.0,3,0,0,0,8.0,7.0,3.0,1.0,7.0,7.0,28.0,21.0,3.0,3.0,1145.266213369476,1282.464466176423,-90.20717316892797,46.99107963801917,6.0,14.0,4.4,4.8,48.8,1.2,2.2,0.2,2.4,3.0,7.0,14.6,4.0,5.6,61.6,0.4,0.8,0.8,1.6,2.6,0.6666666666666666,1.6666666666666667,,,
AeJJaEIC,2022,2022-09-10 15:00:00,,FC Hermannstadt,Petrolul Ploiesti,2,1,57.0,43.0,10.0,5.0,3.0,2.0,5.0,1.0,6.0,2.0,2,2,0,0,9.0,7.0,0.0,0.0,7.0,8.0,13.0,28.0,1.0,1.0,1196.1361822138772,1231.0886769759613,11.479051938165867,46.43154670025004,4.0,9.2,3.2,2.4,42.6,1.2,0.6,2.2,2.2,2.8,5.0,10.8,2.6,2.6,38.4,1.4,0.6,2.6,1.8,3.4,,,,,
hIHn3mP4,2022,2022-09-10 21:30:00,,U Craiova 1948,Rapid Bucuresti,1,0,61.0,39.0,15.0,5.0,6.0,0.0,6.0,3.0,10.0,4.0,4,0,0,1,14.0,9.0,3.0,2.0,9.0,15.0,20.0,20.0,0.0,5.0,1224.9239768834175,1305.852749382131,-33.77199631146436,47.15677618724912,8.0,14.6,3.6,6.0,54.8,1.0,0.8,1.4,3.0,2.0,6.0,13.2,4.4,4.6,52.2,1.0,0.4,2.4,2.4,2.2,2.3333333333333335,0.3333333333333333,,,
2TOZ5kun,2022,2022-09-11 18:30:00,,Farul Constanta,FC Arges,3,0,62.0,38.0,10.0,7.0,5.0,2.0,4.0,4.0,2.0,2.0,2,4,0,0,13.0,9.0,6.0,2.0,11.0,19.0,21.0,25.0,2.0,2.0,1291.2895834672677,1179.1230016019076,160.14603202324406,47.979450157883946,5.0,14.6,5.2,3.8,45.4,2.2,1.4,2.0,2.0,3.6,5.0,11.8,3.8,4.4,41.2,0.6,0.8,1.4,1.6,3.8,2.0,1.0,,,
zsNs4T9b,2022,2022-09-11 21:30:00,,CFR Cluj,Univ. Craiova,2,0,34.0,66.0,11.0,10.0,5.0,5.0,4.0,5.0,3.0,11.0,1,3,0,0,15.0,10.0,2.0,0.0,9.0,11.0,12.0,26.0,5.0,3.0,1405.3719756710984,1373.855426625027,80.235349527979,48.71880048190736,11.0,15.0,6.0,3.8,49.8,2.2,1.2,1.8,1.4,1.2,6.0,14.8,5.4,5.2,59.8,1.6,1.0,2.4,3.2,1.8,1.3333333333333333,1.3333333333333333,,,
djOw59fh,2022,2022-09-12 18:00:00,,CS Mioveni,U Cluj,0,1,61.0,39.0,20.0,9.0,4.0,4.0,11.0,4.0,8.0,3.0,0,4,0,0,10.0,14.0,0.0,2.0,13.0,10.0,20.0,26.0,3.0,4.0,1150.311487130735,1171.5105762015644,28.339690554281106,49.53877962511054,9.0,10.4,3.0,2.6,40.4,0.4,0.6,1.0,1.4,2.6,9.0,13.4,2.4,4.8,48.8,0.4,1.0,0.4,1.8,2.0,,,,,
W8Gj27vB,2022,2022-09-12 21:00:00,,FCSB,FC Voluntari,1,1,58.0,42.0,25.0,12.0,9.0,3.0,12.0,6.0,6.0,3.0,2,2,1,0,15.0,16.0,1.0,3.0,18.0,14.0,12.0,28.0,2.0,8.0,1370.639121284638,1207.8104745863911,211.55638549935998,48.727738801113304,11.0,18.0,6.6,6.4,65.8,1.6,1.8,1.2,1.8,2.8,8.0,8.6,1.6,3.4,45.6,0.2,1.4,0.4,2.2,3.0,2.3333333333333335,0.3333333333333333,,,
pCtQG6g4,2022,2022-09-16 18:00:00,,FC Voluntari,U Craiova 1948,1,0,39.0,61.0,13.0,19.0,3.0,5.0,8.0,10.0,4.0,8.0,3,3,0,0,16.0,6.0,2.0,1.0,5.0,15.0,8.0,15.0,5.0,2.0,1213.244055721189,1235.8929631585486,25.671312778643824,48.32022021600346,3.0,10.2,1.8,3.2,46.2,0.4,1.6,0.4,2.0,3.8,5.0,15.8,4.0,7.4,56.2,0.8,0.8,1.4,3.2,1.4,3.0,0.0,2.97,2.93,2.5
QVFf1RgH,2022,2022-09-16 21:00:00,,Petrolul Ploiesti,Farul Constanta,1,3,53.0,47.0,12.0,10.0,3.0,3.0,6.0,5.0,3.0,2.0,5,2,1,0,13.0,11.0,0.0,1.0,11.0,12.0,26.0,24.0,0.0,2.0,1221.4189504826402,1301.1475877875798,-30.71373244529559,49.01490485964413,6.0,9.6,2.8,2.4,40.0,1.4,1.0,2.0,2.0,3.0,5.0,13.6,5.8,3.0,46.2,2.8,1.4,2.4,1.8,3.8,,,3.9,3.04,2.02
x6Jb0o9N,2022,2022-09-17 16:45:00,,UTA Arad,FC Hermannstadt,1,2,54.0,46.0,9.0,13.0,5.0,2.0,4.0,3.0,3.0,6.0,4,4,0,0,8.0,13.0,0.0,0.0,12.0,8.0,23.0,22.0,0.0,4.0,1207.9124851637266,1205.8059087071983,50.15434131988786,48.04776486335963,7.0,10.6,3.6,3.0,52.4,1.2,1.0,1.6,3.0,3.0,7.0,9.8,3.0,3.4,45.6,1.2,0.6,2.2,2.2,2.8,0.6666666666666666,1.6666666666666667,2.24,2.83,3.6
KU83a5OT,2022,2022-09-17 19:00:00,,Sepsi Sf. Gheorghe,FC Botosani,7,0,55.0,45.0,18.0,12.0,11.0,1.0,3.0,7.0,4.0,3.0,1,2,0,1,9.0,15.0,2.0,0.0,12.0,10.0,22.0,24.0,1.0,4.0,1289.924905346678,1235.983688700268,101.13146048789577,47.19024384148571,7.0,14.4,4.2,6.0,61.0,0.8,1.0,1.2,1.2,2.8,8.0,12.2,3.0,4.8,54.6,0.6,1.0,0.8,3.0,4.0,1.3333333333333333,1.3333333333333333,1.48,4.1,6.27
lpmHISOi,2022,2022-09-17 21:30:00,,Rapid Bucuresti,CS Mioveni,2,1,73.0,27.0,23.0,5.0,7.0,2.0,10.0,2.0,11.0,2.0,1,2,0,1,4.0,9.0,4.0,4.0,12.0,8.0,26.0,22.0,1.0,5.0,1294.8837631069998,1139.4976094774386,203.998895643555,48.6127420139937,7.0,11.0,3.8,3.4,47.0,1.0,0.4,2.4,1.6,3.2,5.0,13.0,3.6,3.8,46.6,0.4,0.6,1.0,1.2,2.0,1.3333333333333333,1.3333333333333333,1.85,3.07,4.71
MweVfPWp,2022,2022-09-18 18:30:00,,U Cluj,Chindia Targoviste,1,0,46.0,54.0,9.0,17.0,4.0,2.0,4.0,12.0,1.0,0.0,4,2,0,0,8.0,7.0,3.0,1.0,7.0,10.0,27.0,19.0,2.0,3.0,1182.3244538548608,1137.8057741992209,93.48553634063774,48.9668566849977,6.0,12.8,2.8,3.8,47.4,0.4,0.6,1.0,2.0,2.6,8.0,11.8,4.6,3.6,43.8,1.4,2.2,0.2,2.4,3.0,,,2.05,2.94,4.01
W8xMHnvb,2022,2022-09-18 21:30:00,,Univ. Craiova,FCSB,2,1,52.0,48.0,14.0,14.0,4.0,7.0,6.0,4.0,6.0,2.0,2,6,0,0,18.0,16.0,0.0,1.0,16.0,18.0,22.0,31.0,6.0,3.0,1362.9223713823178,1365.20554014984,47.2366163782151,49.51978514573747,7.0,14.8,5.6,7.0,65.6,1.2,1.2,1.8,2.4,1.8,6.0,18.8,6.8,6.6,66.8,1.6,1.8,1.2,1.8,2.2,1.0,2.0,2.26,3.07,3.19
AglDJ89o,2022,2022-09-19 20:30:00,,FC Arges,CFR Cluj,0,1,38.0,62.0,11.0,16.0,4.0,7.0,5.0,5.0,4.0,8.0,2,3,0,0,18.0,12.0,2.0,5.0,18.0,19.0,27.0,20.0,6.0,4.0,1169.2649972815955,1416.3050309138075,-196.87159325022003,50.16844038199208,8.0,10.8,3.6,3.6,39.6,0.6,1.0,1.4,2.2,3.8,7.0,14.0,5.4,3.8,44.2,1.8,0.8,1.8,1.4,2.2,0.0,3.0,4.71,3.27,1.78
l6OiV58c,2022,2022-09-30 21:00:00,,Univ. Craiova,FC Voluntari,1,1,61.0,39.0,25.0,4.0,5.0,3.0,13.0,0.0,4.0,3.0,1,2,0,0,16.0,13.0,2.0,2.0,11.0,15.0,20.0,12.0,2.0,4.0,1371.5711078657125,1222.5065176363978,198.8676972689766,49.8031070396619,11.0,14.8,5.0,7.2,62.0,1.4,1.4,1.8,2.6,2.8,14.0,10.4,1.2,3.2,43.8,0.4,1.2,1.0,2.2,4.0,1.3333333333333333,1.3333333333333333,1.48,3.89,6.72
AFPmWogi,2022,2022-10-01 19:00:00,,CS Mioveni,U Craiova 1948,2,2,46.0,54.0,12.0,11.0,3.0,3.0,9.0,6.0,2.0,10.0,2,1,0,1,12.0,7.0,2.0,1.0,7.0,13.0,20.0,25.0,1.0,1.0,1134.7760805307187,1226.6305012433397,-42.43914641587344,49.415274296747654,13.0,12.8,3.8,3.8,40.8,0.6,0.8,1.0,1.2,2.6,15.0,15.0,4.0,6.6,54.6,0.8,0.8,1.4,3.0,1.8,1.6666666666666667,0.6666666666666666,,,
vZuUFQ8A,2022,2022-10-01 21:30:00,,CFR Cluj,Petrolul Ploiesti,1,0,68.0,32.0,17.0,4.0,2.0,1.0,9.0,3.0,5.0,2.0,1,0,0,0,13.0,9.0,0.0,1.0,10.0,12.0,30.0,26.0,1.0,1.0,1421.1761421448764,1208.5237505321802,262.15882523927144,49.50643362657518,12.0,15.0,5.8,5.0,50.0,1.6,0.8,1.8,1.8,2.4,15.0,10.6,3.2,3.0,44.4,1.4,1.6,1.4,3.0,2.0,,,,,
bydVD4wN,2022,2022-10-02 13:00:00,,FC Hermannstadt,Sepsi Sf. Gheorghe,1,2,47.0,53.0,6.0,15.0,3.0,5.0,2.0,6.0,4.0,6.0,3,5,0,0,9.0,11.0,2.0,1.0,12.0,11.0,36.0,28.0,3.0,2.0,1217.239522332184,1308.8915476467846,-41.87398504078283,49.77804027381779,14.0,10.4,3.2,4.0,46.4,1.6,0.8,2.6,2.4,3.2,14.0,16.0,5.8,6.4,61.4,2.0,1.0,1.2,0.8,2.4,0.5,2.0,,,
IPvYEpOG,2022,2022-10-02 18:30:00,,Farul Constanta,UTA Arad,2,0,44.0,56.0,13.0,11.0,4.0,0.0,7.0,7.0,4.0,1.0,2,2,1,0,10.0,14.0,2.0,2.0,15.0,10.0,16.0,20.0,0.0,2.0,1314.0427877380398,1196.478871538741,166.6819135909136,49.11799739161478,15.0,11.2,5.2,2.8,45.8,3.0,1.4,2.4,1.4,3.2,15.0,10.4,4.0,2.8,53.6,1.4,1.2,1.6,2.8,2.0,1.0,1.0,,,
8Ao572Gj,2022,2022-10-02 21:30:00,,FCSB,FC Arges,3,2,61.0,39.0,26.0,6.0,12.0,4.0,10.0,2.0,6.0,1.0,3,5,0,0,14.0,16.0,4.0,0.0,12.0,19.0,22.0,17.0,2.0,9.0,1356.5568036664454,1164.3938860505266,241.86847549511526,49.70555787919654,14.0,19.8,7.0,6.2,62.2,1.6,2.0,1.0,2.8,2.4,13.0,11.8,3.8,4.2,38.4,0.4,1.2,0.8,1.8,4.8,2.0,1.0,,,
xSfZCOhT,2022,2022-10-03 18:00:00,,FC Botosani,U Cluj,1,1,43.0,57.0,8.0,9.0,3.0,2.0,3.0,3.0,6.0,3.0,1,3,0,0,21.0,13.0,2.0,0.0,13.0,23.0,25.0,19.0,1.0,2.0,1217.0170464001615,1189.6968333313912,77.32433054941134,50.00411748064111,15.0,13.4,2.8,5.2,54.4,0.4,2.4,0.2,2.8,4.2,14.0,12.0,3.0,3.2,47.2,0.6,0.4,1.6,2.4,2.6,,,,,
f7s18r1p,2022,2022-10-03 21:00:00,,Chindia Targoviste,Rapid Bucuresti,2,1,35.0,65.0,13.0,16.0,6.0,3.0,5.0,8.0,5.0,4.0,3,4,0,0,16.0,18.0,1.0,1.0,16.0,16.0,21.0,26.0,2.0,4.0,1130.4333947226905,1299.6052920537197,-119.3319954507665,49.83990188026265,15.0,13.6,4.6,3.0,49.6,1.0,1.8,0.2,2.2,2.2,15.0,13.4,4.0,5.0,51.2,1.2,0.6,2.4,1.2,2.8,0.6666666666666666,1.6666666666666667,,,
UwFnKu0d,2022,2022-10-07 18:00:00,,FC Voluntari,CS Mioveni,3,1,50.0,50.0,9.0,17.0,4.0,8.0,3.0,5.0,2.0,5.0,1,2,0,0,13.0,9.0,3.0,0.0,8.0,12.0,29.0,20.0,7.0,1.0,1227.6776208752544,1135.9915382617523,142.5239100189615,50.83782740545928,6.0,9.8,1.8,2.6,42.8,0.6,1.4,1.0,2.2,4.4,5.0,12.2,4.2,3.2,41.2,1.0,1.2,1.0,1.2,2.6,2.0,0.5,,,
jmGrLLpj,2022,2022-10-07 21:00:00,,FC Arges,Univ. Craiova,1,0,27.0,73.0,11.0,17.0,4.0,4.0,4.0,6.0,2.0,7.0,4,0,0,1,9.0,16.0,2.0,1.0,12.0,8.0,14.0,26.0,4.0,3.0,1160.413091364599,1366.400004626856,-154.50065840669276,51.486254855564155,4.0,10.6,3.6,3.2,37.4,0.4,1.6,0.2,2.4,5.6,7.0,15.0,4.8,6.6,62.2,1.4,1.6,1.4,2.4,3.0,1.0,2.0,,,
xtz8RN7M,2022,2022-10-08 15:00:00,,U Cluj,FC Hermannstadt,1,0,51.0,49.0,9.0,15.0,1.0,2.0,4.0,8.0,1.0,5.0,7,1,1,0,18.0,12.0,0.0,1.0,13.0,14.0,23.0,26.0,2.0,0.0,1191.8863746697707,1208.4389505694771,35.99682142901406,52.549397328720566,4.0,9.8,3.0,3.0,47.4,0.8,0.6,1.6,2.6,3.0,6.0,8.8,2.8,4.0,48.4,1.4,0.8,2.4,2.8,3.0,,,,,
W2ZBQsNS,2022,2022-10-08 21:30:00,,Rapid Bucuresti,FC Botosani,1,1,73.0,27.0,24.0,8.0,6.0,2.0,10.0,4.0,6.0,1.0,2,5,0,0,12.0,11.0,2.0,0.0,9.0,12.0,37.0,21.0,1.0,5.0,1286.2996183844314,1214.827505061782,124.69408211876362,53.22196879611427,5.0,14.6,3.6,5.8,56.2,1.0,0.8,1.8,1.6,2.2,5.0,13.8,3.2,6.2,55.0,0.6,2.4,0.4,2.4,3.4,2.3333333333333335,0.3333333333333333,,,
veH4S3hG,2022,2022-10-09 15:30:00,,Sepsi Sf. Gheorghe,Farul Constanta,0,1,59.0,41.0,19.0,10.0,5.0,1.0,11.0,7.0,5.0,1.0,2,4,0,0,15.0,18.0,2.0,0.0,18.0,17.0,27.0,24.0,0.0,5.0,1317.6921194094914,1321.8769275724633,48.778978111468405,52.96378627444039,7.0,14.0,5.2,6.2,60.0,2.2,0.8,1.8,1.8,2.2,6.0,10.8,5.0,2.4,44.2,2.8,1.2,2.4,1.6,2.0,1.5,1.5,,,
IuTeUPN3,2022,2022-10-09 21:30:00,,Petrolul Ploiesti,FCSB,0,2,52.0,48.0,16.0,16.0,3.0,6.0,7.0,5.0,7.0,4.0,0,1,0,0,8.0,7.0,1.0,1.0,9.0,9.0,20.0,33.0,4.0,3.0,1204.9023285689454,1360.537598352373,-103.52609495418892,52.10917482923861,8.0,9.4,3.2,2.2,39.6,1.4,1.8,1.2,2.6,2.0,7.0,18.8,7.4,5.0,59.4,1.6,2.0,1.0,3.2,2.8,,,,,
YBLwM1Vq,2022,2022-10-10 17:30:00,,U Craiova 1948,Chindia Targoviste,0,1,61.0,39.0,9.0,18.0,3.0,4.0,3.0,7.0,3.0,4.0,1,3,0,0,14.0,13.0,1.0,1.0,11.0,8.0,30.0,31.0,3.0,3.0,1225.415043512306,1143.739068391979,133.03150387779533,51.35552875746807,8.0,12.8,4.0,7.0,53.6,1.0,0.8,1.6,2.8,1.6,6.0,13.8,4.6,3.6,45.4,1.2,1.6,0.8,2.6,2.0,1.6666666666666667,0.6666666666666666,1.87,3.15,4.38
dWRaTqwA,2022,2022-10-10 20:30:00,,UTA Arad,CFR Cluj,1,1,49.0,51.0,11.0,19.0,6.0,5.0,3.0,12.0,12.0,3.0,3,2,1,0,11.0,9.0,0.0,4.0,13.0,9.0,25.0,16.0,4.0,5.0,1188.6447317043176,1424.7975641081111,-185.8212181620056,50.33161424178797,8.0,10.8,3.2,2.6,56.6,1.0,1.4,1.0,2.4,2.0,8.0,15.8,5.6,4.4,52.8,1.8,0.6,2.4,1.8,2.4,0.3333333333333333,2.3333333333333335,3.43,2.83,2.29
O0zMYvFk,2022,2022-10-14 18:15:00,,FC Arges,FC Voluntari,0,0,36.0,64.0,8.0,18.0,2.0,6.0,5.0,7.0,5.0,4.0,3,4,1,0,6.0,10.0,2.0,0.0,8.0,8.0,27.0,19.0,6.0,2.0,1174.5883243400178,1236.3233202099862,-11.036579565044349,50.69841630492394,6.0,11.0,3.8,2.8,36.6,0.6,1.6,0.6,3.0,4.8,7.0,9.8,2.6,2.8,43.2,1.2,0.8,1.6,2.0,5.2,1.3333333333333333,1.3333333333333333,2.36,2.98,3.11
QPfousxM,2022,2022-10-14 21:00:00,,FC Hermannstadt,Rapid Bucuresti,0,2,42.0,58.0,11.0,13.0,2.0,4.0,6.0,6.0,1.0,2.0,0,3,0,0,11.0,13.0,3.0,0.0,13.0,13.0,34.0,25.0,2.0,2.0,1199.4713310042277,1282.857184762113,-32.66362109108809,50.72223266679729,6.0,10.0,2.8,4.6,51.6,1.2,1.0,1.8,2.4,2.6,5.0,16.4,3.8,5.8,60.8,1.0,1.0,1.4,1.6,2.2,,,3.02,2.56,2.8
4Ggkv1iS,2022,2022-10-15 15:30:00,,FC Botosani,U Craiova 1948,1,0,42.0,58.0,19.0,7.0,7.0,1.0,8.0,2.0,5.0,4.0,1,3,0,0,12.0,12.0,1.0,2.0,14.0,12.0,26.0,30.0,1.0,6.0,1218.2699386841002,1211.7628499699047,56.268084793525304,49.76099607932981,6.0,10.8,2.0,3.8,46.6,0.8,2.6,0.4,2.6,3.8,4.0,13.2,4.2,7.4,58.4,0.8,1.0,1.0,2.4,1.8,1.3333333333333333,1.3333333333333333,3.0,3.08,2.37
IaestNMF,2022,2022-10-15 18:00:00,,Farul Constanta,U Cluj,2,0,60.0,40.0,15.0,4.0,5.0,2.0,5.0,2.0,4.0,0.0,1,2,0,0,12.0,14.0,2.0,1.0,15.0,13.0,35.0,22.0,2.0,3.0,1333.2717468418202,1200.85399423502,182.8083351854948,50.39058257869473,6.0,10.6,3.8,2.4,45.8,2.4,1.0,2.4,2.2,2.6,7.0,10.2,3.0,2.4,47.6,1.0,0.4,2.2,3.6,2.6,,,1.77,3.13,5.17
rs3UrPxc,2022,2022-10-15 21:00:00,,Univ. Craiova,Petrolul Ploiesti,2,1,69.0,31.0,21.0,9.0,11.0,2.0,7.0,5.0,7.0,3.0,2,1,0,0,9.0,8.0,0.0,5.0,13.0,9.0,27.0,18.0,1.0,9.0,1352.224771651437,1194.8537142786715,208.3105910913282,50.93953371856258,8.0,16.6,5.2,6.2,63.4,1.4,1.6,1.4,2.0,3.4,5.0,9.8,3.0,3.4,43.2,0.8,1.8,0.6,2.0,1.4,,,1.34,4.55,8.77
AcWHZKaq,2022,2022-10-16 14:00:00,,Chindia Targoviste,CS Mioveni,1,0,54.0,46.0,14.0,8.0,7.0,2.0,4.0,5.0,4.0,5.0,3,5,0,0,15.0,14.0,3.0,0.0,10.0,17.0,34.0,29.0,2.0,6.0,1157.3912619343803,1127.3458389270206,81.33240118199978,51.28697817464002,5.0,12.2,3.6,2.8,40.0,1.0,1.0,1.4,3.0,2.4,8.0,13.0,4.4,3.6,42.6,1.0,1.6,0.8,1.4,2.6,1.3333333333333333,1.3333333333333333,2.02,3.02,3.97
dp7Ysqh3,2022,2022-10-16 20:30:00,,FCSB,UTA Arad,2,1,53.0,47.0,16.0,13.0,6.0,2.0,10.0,5.0,3.0,5.0,3,2,0,0,14.0,19.0,2.0,1.0,18.0,16.0,23.0,27.0,1.0,4.0,1370.5862126426468,1193.535425879464,228.91533312952356,51.86454636634071,6.0,18.4,7.4,4.8,56.4,1.6,1.6,1.4,3.2,2.8,6.0,12.0,4.0,4.6,55.0,1.0,1.4,1.0,2.4,1.6,2.3333333333333335,0.3333333333333333,1.51,3.99,5.95
v9dws379,2022,2022-10-17 21:00:00,,CFR Cluj,Sepsi Sf. Gheorghe,2,1,49.0,51.0,20.0,10.0,6.0,3.0,8.0,5.0,8.0,3.0,5,3,0,0,18.0,12.0,2.0,2.0,12.0,20.0,27.0,25.0,2.0,4.0,1419.9068699329648,1306.2973001401344,165.79090732993313,52.18133753710283,7.0,16.2,5.2,4.4,53.4,1.8,0.2,2.6,1.8,3.0,8.0,14.2,5.8,4.6,59.2,2.2,0.8,1.8,2.0,2.0,2.0,1.0,2.05,3.04,3.79
6qGKgtiF,2022,2022-10-21 20:30:00,,Rapid Bucuresti,Farul Constanta,1,1,62.0,38.0,32.0,13.0,7.0,3.0,17.0,7.0,6.0,2.0,1,3,0,0,12.0,13.0,1.0,5.0,16.0,11.0,33.0,20.0,2.0,6.0,1295.673672595013,1340.5910953733915,7.680925249961547,52.598348028340105,6.0,16.2,4.0,5.4,61.6,1.2,1.0,1.4,2.0,2.6,6.0,11.6,3.6,2.6,50.8,2.2,0.2,3.0,2.2,2.2,0.5,2.0,2.44,2.92,3.04
x8Wdzhjf,2022,2022-10-22 17:00:00,,FC Voluntari,Chindia Targoviste,0,3,64.0,36.0,7.0,16.0,1.0,8.0,4.0,4.0,9.0,4.0,2,1,0,0,9.0,14.0,6.0,1.0,16.0,15.0,17.0,17.0,5.0,1.0,1236.0057687183414,1165.092171157056,123.49536768032135,52.58177011903613,7.0,11.2,3.8,3.2,46.8,1.2,0.6,1.8,2.4,5.2,6.0,14.2,4.6,3.2,44.8,1.0,0.8,1.8,2.8,2.6,1.6666666666666667,0.6666666666666666,2.52,2.85,3.02
GhrlxELs,2022,2022-10-22 21:45:00,,U Craiova 1948,FC Hermannstadt,1,1,56.0,44.0,11.0,12.0,4.0,1.0,3.0,5.0,6.0,5.0,3,3,0,0,17.0,18.0,1.0,3.0,21.0,19.0,22.0,24.0,0.0,3.0,1203.3683633117057,1186.654843171328,67.5530223806029,50.839502240225166,7.0,12.2,3.6,7.0,59.0,0.6,1.0,0.8,2.4,2.4,8.0,11.0,2.4,4.4,48.2,1.0,1.4,1.2,2.0,2.0,,,2.22,2.93,3.47
bHXhyYzl,2022,2022-10-23 13:30:00,,CS Mioveni,FC Botosani,0,0,54.0,46.0,10.0,2.0,2.0,1.0,4.0,0.0,8.0,1.0,3,5,0,1,10.0,18.0,3.0,4.0,17.0,13.0,23.0,21.0,1.0,2.0,1119.6449297043448,1226.6644253422992,-56.32400808550665,50.695487552447744,6.0,12.4,3.8,4.4,46.0,0.8,1.8,0.2,2.2,3.2,7.0,12.4,3.0,3.4,42.2,0.8,2.2,1.0,2.4,3.2,0.6666666666666666,1.6666666666666667,2.36,2.98,3.12
dEYTWIq2,2022,2022-10-23 18:15:00,,UTA Arad,Univ. Craiova,1,2,27.0,73.0,8.0,21.0,3.0,8.0,3.0,6.0,2.0,6.0,3,4,1,0,15.0,14.0,1.0,2.0,16.0,14.0,18.0,27.0,6.0,2.0,1189.3115436026355,1356.8573643991363,-116.72980213809865,50.816018658402115,6.0,11.8,4.0,4.8,50.4,1.0,1.6,0.8,2.6,2.2,7.0,17.4,5.8,7.0,64.2,1.0,1.2,1.4,1.6,3.0,1.3333333333333333,1.3333333333333333,3.48,3.05,2.15
CMGGfMy9,2022,2022-10-23 21:00:00,,U Cluj,CFR Cluj,1,2,58.0,42.0,15.0,8.0,6.0,4.0,6.0,4.0,4.0,3.0,3,5,0,0,12.0,14.0,0.0,1.0,12.0,10.0,28.0,23.0,2.0,5.0,1193.5346457034489,1425.4670098161284,-181.62343571176075,50.3089284009189,8.0,8.0,2.6,1.6,46.6,0.8,0.6,2.0,4.0,2.6,6.0,16.6,5.0,5.4,52.8,1.4,0.4,2.6,2.4,3.4,,,4.01,2.95,2.03
INZPXbUe,2022,2022-10-24 18:15:00,,Petrolul Ploiesti,FC Arges,2,0,53.0,47.0,9.0,6.0,4.0,2.0,5.0,2.0,2.0,5.0,0,6,0,1,9.0,12.0,4.0,0.0,8.0,12.0,16.0,24.0,2.0,2.0,1190.2211215309724,1174.9058758316626,65.23404132490782,49.91879562559797,8.0,9.2,2.2,3.4,42.2,0.6,2.0,0.0,1.6,3.0,10.0,8.6,3.2,2.8,35.6,0.6,1.4,0.8,3.6,5.4,,,2.14,3.06,3.49
YVHCe2M2,2022,2022-10-24 21:00:00,,Sepsi Sf. Gheorghe,FCSB,0,1,49.0,51.0,11.0,9.0,3.0,6.0,5.0,2.0,4.0,1.0,3,3,0,0,15.0,14.0,2.0,3.0,15.0,15.0,35.0,32.0,5.0,3.0,1300.7371602569708,1374.8100949194752,-23.290319326919644,50.78261533558473,7.0,14.6,5.8,4.6,55.2,2.4,1.0,1.8,2.2,2.0,8.0,19.4,8.0,4.2,53.6,1.8,1.2,2.0,3.0,2.2,1.0,1.0,2.17,3.4,3.08
2PYNli5m,2022,2022-10-28 18:00:00,,Chindia Targoviste,FC Botosani,2,2,47.0,53.0,10.0,7.0,2.0,4.0,3.0,1.0,4.0,1.0,3,3,0,0,18.0,18.0,1.0,2.0,13.0,16.0,26.0,23.0,2.0,0.0,1188.3224095412022,1225.0573439295742,13.347881969640184,50.0828163580123,6.0,15.6,5.4,3.4,43.6,1.4,0.4,2.4,2.4,2.2,5.0,9.8,2.8,3.2,40.6,0.6,1.8,1.2,2.8,2.6,0.3333333333333333,2.3333333333333335,1.8,3.28,4.57
YgGafDsQ,2022,2022-10-28 21:00:00,,U Craiova 1948,Farul Constanta,1,2,52.0,48.0,16.0,15.0,7.0,5.0,8.0,7.0,6.0,8.0,1,2,0,0,12.0,8.0,2.0,0.0,6.0,14.0,29.0,28.0,3.0,6.0,1201.4481674746735,1340.812134164111,-89.3099498831923,50.05401680624528,5.0,11.4,3.2,6.2,58.0,0.6,1.2,0.4,2.2,2.4,7.0,12.2,3.2,2.6,46.0,1.8,0.4,2.6,2.4,3.0,0.3333333333333333,2.3333333333333335,3.14,3.18,2.23
6sy1ZB50,2022,2022-10-29 19:00:00,,FC Voluntari,Petrolul Ploiesti,0,1,67.0,33.0,19.0,9.0,1.0,2.0,9.0,6.0,7.0,6.0,2,2,0,0,5.0,14.0,3.0,1.0,14.0,8.0,31.0,19.0,1.0,1.0,1212.7755303341953,1201.7387176641291,60.529483453528655,49.49267078346253,7.0,10.2,3.4,4.4,51.2,1.0,1.0,1.6,2.4,4.6,5.0,10.0,2.6,3.4,44.2,0.8,1.6,0.6,1.2,3.2,3.0,0.0,2.38,2.97,3.12
SdP9XkzD,2022,2022-10-29 21:30:00,,Sepsi Sf. Gheorghe,Univ. Craiova,0,1,51.0,49.0,19.0,8.0,3.0,2.0,9.0,2.0,2.0,6.0,2,2,0,0,10.0,16.0,1.0,1.0,12.0,9.0,35.0,20.0,1.0,3.0,1291.4065072226717,1363.6185678322458,-23.598747115200922,48.61331349437324,5.0,14.6,5.4,4.4,53.4,2.0,1.0,1.2,2.8,2.4,6.0,19.6,6.4,6.0,65.6,1.4,1.0,2.0,1.8,2.8,1.6666666666666667,0.6666666666666666,2.33,3.08,3.07
pYZ4YVK6,2022,2022-10-30 18:15:00,,UTA Arad,FC Arges,0,1,63.0,37.0,21.0,7.0,5.0,1.0,7.0,4.0,8.0,2.0,3,4,2,0,18.0,9.0,4.0,0.0,6.0,21.0,26.0,22.0,0.0,5.0,1182.550340169526,1163.3882796985058,67.07623776023593,47.9141772892158,7.0,10.4,3.2,4.6,46.6,0.8,1.8,0.2,2.8,3.2,6.0,8.4,3.2,3.4,37.4,0.6,1.2,0.8,4.0,5.4,1.0,2.0,2.22,3.07,3.35
f3HeegSJ,2022,2022-10-30 21:00:00,,Rapid Bucuresti,CFR Cluj,2,1,61.0,39.0,19.0,10.0,5.0,3.0,7.0,3.0,6.0,6.0,4,5,0,0,13.0,18.0,2.0,1.0,17.0,14.0,26.0,30.0,2.0,3.0,1295.4526338042933,1430.668780153741,-88.1949922140102,47.021154135437335,9.0,21.6,5.4,5.8,66.2,1.4,1.0,1.6,2.2,2.0,7.0,16.0,4.8,5.4,54.4,1.4,0.6,2.6,3.2,3.4,1.0,2.0,2.53,2.85,3.0
OYZJkXks,2022,2022-10-31 18:00:00,,CS Mioveni,FC Hermannstadt,0,2,46.0,54.0,15.0,6.0,3.0,5.0,10.0,0.0,2.0,6.0,3,0,0,0,14.0,9.0,1.0,1.0,8.0,12.0,22.0,23.0,3.0,3.0,1121.2520111170697,1188.5750390083601,-19.365476137691076,47.95755175359927,8.0,10.4,3.4,4.4,44.6,0.8,1.6,0.4,2.8,2.8,8.0,11.4,2.0,4.2,45.6,0.8,1.4,0.8,2.2,2.4,1.3333333333333333,1.3333333333333333,2.83,2.73,2.78
t0TDW9kJ,2022,2022-10-31 21:00:00,,U Cluj,FCSB,2,1,35.0,65.0,15.0,25.0,5.0,7.0,8.0,11.0,7.0,7.0,1,1,1,0,9.0,6.0,1.0,0.0,6.0,9.0,23.0,36.0,6.0,3.0,1188.3328753658363,1384.1407479537743,-148.8519227364609,46.955949851477,8.0,9.2,3.0,1.8,50.4,0.8,1.0,1.4,3.8,2.2,7.0,16.2,7.4,3.2,52.2,1.8,1.0,2.4,3.2,2.4,1.0,1.0,3.85,3.1,2.02
GSbc3jKt,2022,2022-11-04 18:00:00,,FC Botosani,FC Voluntari,0,1,57.0,43.0,17.0,11.0,3.0,2.0,8.0,5.0,4.0,7.0,5,3,0,0,18.0,21.0,0.0,2.0,21.0,17.0,28.0,19.0,1.0,3.0,1225.4413379531345,1201.0507664796714,72.39952779797204,48.00895632450901,7.0,8.8,3.4,2.8,42.2,1.0,0.8,1.4,3.0,1.8,5.0,11.4,3.0,5.0,56.8,0.8,1.2,1.0,2.2,3.8,2.3333333333333335,0.3333333333333333,,,
vVTnqmZO,2022,2022-11-04 21:00:00,,Farul Constanta,CS Mioveni,2,1,63.0,37.0,14.0,5.0,8.0,1.0,3.0,2.0,4.0,2.0,1,1,0,0,12.0,13.0,3.0,0.0,11.0,15.0,27.0,18.0,0.0,6.0,1348.2967478012145,1107.897319088773,287.50432164466906,47.1048929322276,7.0,13.2,3.6,3.8,46.2,1.6,0.4,2.6,2.4,3.8,4.0,12.4,3.6,4.4,48.4,0.6,1.6,0.4,3.0,2.4,2.3333333333333335,0.3333333333333333,,,
AkxWnVZa,2022,2022-11-05 15:00:00,,FC Arges,Sepsi Sf. Gheorghe,0,5,48.0,52.0,7.0,18.0,1.0,9.0,3.0,5.0,6.0,8.0,0,0,0,0,9.0,15.0,2.0,3.0,16.0,8.0,23.0,33.0,4.0,1.0,1175.2952550822188,1282.0846911539059,-59.4438932434914,47.34554282819559,5.0,7.6,2.6,3.0,37.2,0.8,1.0,1.4,4.4,5.2,6.0,14.8,3.8,4.0,52.6,0.6,1.2,0.6,3.0,2.4,1.3333333333333333,1.3333333333333333,,,
dnYRmBKg,2022,2022-11-05 18:00:00,,Petrolul Ploiesti,UTA Arad,2,1,42.0,58.0,7.0,9.0,4.0,2.0,3.0,4.0,1.0,4.0,2,3,1,0,8.0,12.0,3.0,2.0,12.0,12.0,26.0,20.0,1.0,2.0,1213.463481518653,1170.643364785813,88.77277334764563,45.952656614805704,6.0,9.4,2.4,4.0,40.2,0.8,1.0,1.2,0.6,3.4,5.0,12.8,3.2,5.6,48.4,0.6,1.6,0.2,2.6,3.2,0.0,3.0,,,
hERznkk6,2022,2022-11-05 21:00:00,,Univ. Craiova,U Cluj,1,0,67.0,33.0,16.0,10.0,7.0,1.0,8.0,7.0,6.0,2.0,1,4,0,1,8.0,9.0,1.0,0.0,5.0,9.0,25.0,16.0,1.0,6.0,1372.9403839010117,1202.3729616729297,217.08251150703836,46.515089278956296,6.0,18.4,6.0,6.0,65.0,1.2,0.8,2.0,1.8,2.2,5.0,10.4,3.2,3.0,48.2,1.0,1.2,1.4,3.2,3.0,1.0,1.0,,,
tz8V7WBP,2022,2022-11-06 16:15:00,,FC Hermannstadt,Chindia Targoviste,0,1,59.0,41.0,13.0,9.0,4.0,6.0,5.0,3.0,9.0,3.0,2,3,0,0,10.0,14.0,3.0,1.0,15.0,13.0,31.0,26.0,5.0,4.0,1201.929731036657,1187.938415517642,60.84055176775246,46.849236248737405,5.0,10.0,2.6,4.2,47.2,0.8,1.2,0.8,1.4,2.2,8.0,14.2,5.4,4.2,42.2,1.8,0.6,2.6,2.6,2.0,0.6666666666666666,1.6666666666666667,,,
W4Qvo94C,2022,2022-11-06 21:00:00,,FCSB,Rapid Bucuresti,3,1,40.0,60.0,13.0,10.0,4.0,4.0,6.0,4.0,3.0,7.0,1,1,0,1,14.0,18.0,1.0,3.0,15.0,14.0,17.0,26.0,3.0,1.0,1370.100661646681,1307.9379353797858,108.1319538080777,45.96922754118251,6.0,18.4,7.4,4.2,55.6,1.8,1.0,2.4,2.2,2.4,7.0,20.8,5.0,4.8,63.8,1.4,1.0,1.6,2.8,2.2,1.0,2.0,,,
0vVrpTJI,2022,2022-11-07 21:00:00,,CFR Cluj,U Craiova 1948,3,1,46.0,54.0,19.0,10.0,6.0,2.0,8.0,5.0,10.0,0.0,2,3,0,0,13.0,10.0,0.0,3.0,12.0,12.0,19.0,22.0,1.0,3.0,1418.1834785782485,1193.96355383757,270.9299655502907,46.71004080961228,8.0,14.8,4.0,5.0,49.8,1.4,1.0,2.0,3.6,3.2,10.0,10.8,3.6,5.8,56.2,0.8,1.4,0.4,1.8,2.6,2.0,1.0,,,
Akb12AZn,2022,2022-11-11 21:00:00,,Sepsi Sf. Gheorghe,Petrolul Ploiesti,2,0,55.0,45.0,13.0,3.0,8.0,0.0,2.0,2.0,6.0,1.0,2,1,0,0,11.0,8.0,5.0,0.0,8.0,16.0,30.0,23.0,0.0,6.0,1300.6565073324377,1220.9625837073274,126.77244690668431,47.07852328157406,6.0,15.4,4.6,4.4,52.4,1.2,1.0,0.6,2.0,2.2,6.0,10.0,3.0,3.8,42.2,1.2,1.0,1.8,1.0,3.4,1.0,1.0,1.54,3.8,5.87
hYgMcnlI,2022,2022-11-12 17:30:00,,Chindia Targoviste,Farul Constanta,1,1,57.0,43.0,15.0,12.0,7.0,4.0,6.0,5.0,5.0,2.0,0,0,0,0,10.0,11.0,3.0,4.0,15.0,11.0,23.0,19.0,3.0,6.0,1199.6718649517072,1351.5054130807878,-104.06507133295736,47.7684767961232,6.0,13.4,5.4,3.8,43.4,1.6,0.4,2.6,2.6,2.4,7.0,13.4,4.4,3.8,50.0,1.6,0.6,2.6,2.2,3.8,2.3333333333333335,0.3333333333333333,,,
6HiA0l4a,2022,2022-11-12 20:30:00,,Rapid Bucuresti,Univ. Craiova,2,2,53.0,47.0,12.0,13.0,3.0,4.0,6.0,7.0,4.0,5.0,2,4,0,0,15.0,14.0,2.0,2.0,18.0,16.0,24.0,18.0,2.0,1.0,1298.0604251340555,1377.3956768314265,-31.348617635665732,47.986634061705296,5.0,19.6,5.2,5.4,62.8,1.4,1.2,1.6,2.2,1.6,6.0,16.6,6.4,6.4,66.2,1.2,0.6,2.4,1.8,2.0,1.0,2.0,,,
EmrVeQIU,2022,2022-11-13 15:45:00,,UTA Arad,FC Voluntari,1,1,58.0,42.0,17.0,14.0,4.0,3.0,10.0,8.0,5.0,4.0,3,3,0,0,10.0,8.0,0.0,4.0,9.0,9.0,24.0,25.0,2.0,3.0,1163.1442625971385,1213.1049450434236,-1.9065599997120444,48.05412244657308,7.0,12.4,3.6,6.2,48.8,0.8,1.6,0.2,2.8,3.2,8.0,12.8,2.8,5.8,57.6,0.8,1.0,1.4,2.4,3.6,1.0,2.0,2.39,2.93,3.11
vVkIbSYB,2022,2022-11-13 18:00:00,,CS Mioveni,CFR Cluj,0,1,38.0,62.0,10.0,7.0,3.0,1.0,6.0,5.0,5.0,5.0,0,0,0,0,5.0,9.0,1.0,0.0,7.0,6.0,17.0,25.0,0.0,3.0,1104.6886538091996,1423.0965782044054,-270.349686349349,48.0582380458569,8.0,11.0,3.2,4.4,46.6,0.4,1.6,0.2,2.8,3.4,5.0,15.2,4.8,6.0,45.4,1.8,1.2,2.0,3.8,3.2,0.0,3.0,4.71,3.2,1.8
p8jEa8J5,2022,2022-11-13 21:00:00,,U Craiova 1948,FCSB,0,2,57.0,43.0,16.0,14.0,4.0,4.0,8.0,6.0,8.0,5.0,1,1,0,0,13.0,15.0,0.0,1.0,15.0,12.0,23.0,20.0,2.0,4.0,1189.0504542114131,1379.9781718924112,-143.13075604131132,47.796961639686714,6.0,10.6,3.4,3.8,56.2,0.6,1.6,0.2,2.2,3.0,7.0,15.8,5.8,3.6,51.4,1.8,0.8,2.4,1.8,2.6,0.6666666666666666,1.6666666666666667,3.46,3.36,2.01
ltc51Ulg,2022,2022-11-14 18:00:00,,U Cluj,FC Arges,1,1,53.0,47.0,19.0,2.0,5.0,1.0,9.0,0.0,2.0,0.0,2,3,0,0,13.0,12.0,2.0,0.0,11.0,15.0,23.0,18.0,0.0,4.0,1197.917668742515,1156.7234389036869,88.34433571283239,47.15010587400443,8.0,10.6,3.0,2.8,43.4,0.8,1.2,1.2,3.4,3.8,9.0,7.8,2.0,4.0,39.0,0.4,1.4,1.4,3.4,4.2,0.0,3.0,1.94,3.13,4.04
zcqRd63O,2022,2022-11-14 21:00:00,,FC Botosani,FC Hermannstadt,0,0,52.0,48.0,14.0,8.0,5.0,2.0,3.0,4.0,2.0,2.0,3,3,0,0,15.0,9.0,1.0,2.0,10.0,13.0,22.0,26.0,2.0,5.0,1213.3871593893823,1190.1962816025916,70.154283603865,46.963405817074324,10.0,10.6,3.4,2.4,45.0,0.8,0.8,1.2,3.8,1.8,8.0,11.4,2.8,5.2,49.6,0.6,1.0,0.8,1.2,2.6,1.3333333333333333,1.3333333333333333,2.9,2.77,2.67
lAvOwCvd,2022,2022-11-29 19:00:00,,Chindia Targoviste,Univ. Craiova,1,1,50.0,50.0,10.0,8.0,1.0,3.0,7.0,2.0,0.0,9.0,0,3,0,1,17.0,17.0,2.0,2.0,17.0,18.0,25.0,24.0,2.0,0.0,1202.5806284928017,1376.495831699856,-127.10121244303218,46.81399076402211,17.0,12.8,6.0,4.0,47.0,1.6,0.6,2.2,2.0,2.4,16.0,15.8,6.4,6.0,61.0,1.6,0.8,2.6,2.6,1.6,1.0,2.0,3.89,2.94,2.07
vkpD0Zo9,2022,2022-11-30 19:00:00,,FC Hermannstadt,CFR Cluj,2,3,56.0,44.0,7.0,7.0,4.0,4.0,2.0,1.0,1.0,2.0,2,4,0,0,14.0,14.0,0.0,3.0,13.0,13.0,26.0,32.0,1.0,2.0,1192.1884823099545,1426.580263620008,-187.31503855606843,47.0767427539852,15.0,10.0,2.8,4.6,49.4,0.6,0.8,1.0,1.6,3.6,17.0,12.8,4.0,6.4,47.6,1.8,1.0,2.4,3.4,2.8,0.0,3.0,4.45,2.91,1.96
S0wSxWg2,2022,2022-12-01 19:00:00,,FC Botosani,FCSB,2,3,49.0,51.0,15.0,22.0,5.0,11.0,4.0,8.0,7.0,4.0,0,3,0,0,2.0,11.0,0.0,2.0,12.0,2.0,29.0,25.0,8.0,3.0,1211.3949586820195,1388.6029154348416,-130.51196373367338,46.69599301914872,16.0,11.8,4.0,2.6,50.0,0.6,0.6,1.2,3.4,1.2,17.0,15.4,5.4,3.8,50.4,1.8,0.8,2.4,1.8,2.8,0.3333333333333333,2.3333333333333335,,,
UJ40B5IH,2022,2022-12-02 15:30:00,,UTA Arad,Sepsi Sf. Gheorghe,1,4,42.0,58.0,5.0,16.0,3.0,8.0,0.0,4.0,8.0,6.0,1,3,1,0,13.0,18.0,5.0,0.0,18.0,18.0,30.0,25.0,4.0,2.0,1163.1991372542561,1309.8558875264264,-100.44156857158168,46.21518170058863,18.0,13.6,3.2,4.8,50.6,0.8,1.6,0.2,2.8,2.8,20.0,14.2,5.2,4.6,51.6,1.6,0.8,1.2,2.0,2.2,1.3333333333333333,1.3333333333333333,,,
4CJzH9lt,2022,2022-12-02 19:00:00,,Petrolul Ploiesti,U Cluj,2,0,48.0,52.0,15.0,12.0,5.0,4.0,7.0,6.0,7.0,3.0,0,1,0,0,5.0,8.0,0.0,3.0,8.0,8.0,18.0,25.0,4.0,3.0,1211.7632035133388,1195.4283346501136,61.61643289660469,45.28156403337952,20.0,7.4,2.4,2.6,40.8,1.2,1.0,1.8,1.2,3.8,18.0,12.6,3.8,3.0,43.8,0.8,1.4,0.8,2.4,3.4,3.0,0.0,,,
8A34APXN,2022,2022-12-03 15:30:00,,FC Voluntari,FC Hermannstadt,3,0,53.0,47.0,12.0,10.0,6.0,1.0,6.0,7.0,1.0,3.0,1,1,0,0,13.0,12.0,2.0,2.0,11.0,11.0,19.0,12.0,1.0,3.0,1213.050070386306,1187.1118191788014,72.09431877214433,46.15606756463967,19.0,13.8,2.6,6.2,56.0,0.4,1.0,1.0,2.8,2.8,2.0,9.2,3.2,4.6,52.2,1.0,1.0,1.0,2.0,3.4,1.0,2.0,,,
QR7qFmJh,2022,2022-12-03 19:00:00,,Univ. Craiova,U Craiova 1948,0,2,64.0,36.0,14.0,8.0,6.0,2.0,4.0,4.0,4.0,3.0,4,2,1,0,14.0,15.0,2.0,7.0,21.0,15.0,19.0,30.0,0.0,6.0,1372.9924718336813,1180.4257106689827,239.75611441206843,47.189353247369866,4.0,13.2,4.8,6.4,57.2,1.4,0.8,2.2,2.8,1.4,19.0,12.0,3.6,4.8,55.4,0.6,1.8,0.2,2.2,2.8,3.0,0.0,,,
CrAeCo3B,2022,2022-12-04 13:15:00,,Farul Constanta,FC Botosani,8,0,60.0,40.0,29.0,7.0,14.0,3.0,8.0,2.0,4.0,3.0,0,0,0,1,15.0,8.0,0.0,0.0,6.0,17.0,13.0,18.0,3.0,6.0,1348.5966495396933,1204.9841411012183,189.10689569613373,45.494387257658744,21.0,13.8,5.0,4.0,50.4,1.6,0.8,2.2,1.4,4.0,2.0,11.0,3.6,3.0,51.4,0.8,1.2,0.6,3.2,2.6,2.3333333333333335,0.3333333333333333,,,
YiBiDRm5,2022,2022-12-04 15:30:00,,CFR Cluj,Chindia Targoviste,2,0,44.0,56.0,12.0,7.0,5.0,2.0,4.0,4.0,6.0,5.0,2,2,0,0,9.0,16.0,2.0,1.0,16.0,11.0,28.0,26.0,2.0,3.0,1431.656926751161,1206.0839883589763,272.1359810229758,46.56304263079092,3.0,10.2,3.6,5.2,46.6,2.0,1.2,2.4,3.2,2.8,4.0,12.0,4.8,3.2,46.2,1.6,0.8,1.8,1.4,2.4,3.0,0.0,,,
r3IvGT3n,2022,2022-12-04 19:00:00,,FC Arges,Rapid Bucuresti,1,1,58.0,42.0,21.0,11.0,8.0,3.0,7.0,3.0,3.0,6.0,2,2,0,0,8.0,14.0,2.0,1.0,13.0,8.0,22.0,22.0,2.0,7.0,1159.2127729960882,1298.9602702656261,-92.81808116630236,46.92941610323556,20.0,6.0,1.4,3.6,43.0,0.4,1.6,1.0,3.2,4.2,21.0,17.2,4.6,5.0,58.8,1.6,1.4,1.6,2.2,1.8,0.0,3.0,,,
vVBmE7Yb,2022,2022-12-05 19:00:00,,FCSB,CS Mioveni,5,1,73.0,27.0,17.0,10.0,7.0,2.0,8.0,5.0,7.0,3.0,2,0,0,0,13.0,16.0,0.0,1.0,15.0,12.0,28.0,21.0,1.0,2.0,1395.0137330156429,1101.204968393597,340.93391025061965,47.12514562857373,4.0,16.6,6.4,4.0,50.0,2.0,1.0,2.4,1.8,3.2,22.0,9.6,2.2,4.4,44.2,0.2,1.2,0.2,2.4,3.2,1.6666666666666667,0.6666666666666666,,,
AiVz9XDG,2022,2022-12-09 19:00:00,,Sepsi Sf. Gheorghe,FC Voluntari,1,1,55.0,45.0,9.0,11.0,3.0,3.0,3.0,8.0,1.0,2.0,3,2,0,0,16.0,7.0,2.0,4.0,11.0,18.0,8.0,26.0,2.0,2.0,1322.3041230892145,1226.8272128227086,142.97162236097665,47.494712094470714,7.0,15.4,6.2,5.2,53.0,2.2,0.6,1.8,2.0,1.8,6.0,12.6,2.6,5.6,53.8,1.0,1.0,1.4,2.2,2.6,0.3333333333333333,2.3333333333333335,,,
dlRW9DbA,2022,2022-12-10 19:00:00,,FC Hermannstadt,Farul Constanta,4,0,36.0,64.0,8.0,14.0,5.0,3.0,2.0,8.0,2.0,7.0,2,3,1,1,16.0,15.0,1.0,0.0,13.0,16.0,17.0,31.0,3.0,1.0,1173.3346767423989,1362.8453878481223,-142.30831162935942,47.202399476363944,7.0,8.8,3.2,4.2,52.8,0.8,1.4,0.8,1.6,3.4,6.0,16.6,6.8,4.0,50.4,2.8,0.8,2.2,1.2,4.2,1.0,1.0,,,
EPySAgq4,2022,2022-12-11 14:30:00,,U Cluj,UTA Arad,0,0,54.0,46.0,18.0,15.0,6.0,4.0,8.0,6.0,6.0,5.0,4,1,0,0,17.0,14.0,2.0,2.0,16.0,17.0,33.0,31.0,4.0,6.0,1183.7682875666449,1150.750901691468,82.30198005688362,49.28459418170673,8.0,14.2,4.2,3.6,46.2,0.8,1.4,0.8,2.2,3.4,8.0,12.0,3.4,5.4,49.6,0.8,2.0,0.2,2.6,2.8,0.0,3.0,,,
zZxOBZTc,2022,2022-12-11 17:30:00,,FC Botosani,CFR Cluj,1,1,54.0,46.0,14.0,11.0,4.0,5.0,4.0,4.0,4.0,4.0,3,3,0,0,14.0,12.0,2.0,0.0,12.0,16.0,39.0,33.0,4.0,3.0,1190.7354027927893,1436.5419063837564,-196.69632231318792,49.110181277779354,7.0,12.0,4.0,3.4,50.2,0.8,2.8,0.4,2.2,3.4,7.0,11.0,3.8,5.8,47.0,2.0,1.0,2.4,2.6,2.2,2.3333333333333335,0.3333333333333333,,,
6aYJCFEi,2022,2022-12-11 20:30:00,,Chindia Targoviste,FCSB,0,2,57.0,43.0,10.0,8.0,3.0,4.0,6.0,3.0,2.0,3.0,4,2,0,0,11.0,19.0,1.0,2.0,17.0,10.0,33.0,58.0,2.0,3.0,1201.199008726381,1399.9412858942692,-149.2477081297302,49.4945690381581,7.0,10.2,3.6,3.4,50.2,1.0,1.2,1.2,1.6,2.8,6.0,18.2,6.6,5.2,54.4,2.8,1.2,2.4,1.6,2.8,0.0,3.0,,,
Oz9Z43eo,2022,2022-12-12 17:30:00,,U Craiova 1948,FC Arges,1,0,55.0,45.0,15.0,5.0,4.0,2.0,5.0,2.0,9.0,1.0,2,2,0,0,11.0,13.0,5.0,1.0,13.0,16.0,24.0,19.0,2.0,3.0,1203.0252571984643,1161.8225000005973,90.06619250965446,48.863435311787526,8.0,12.2,3.8,4.6,51.0,1.0,1.6,0.8,2.0,2.8,7.0,8.6,2.6,3.2,47.4,0.6,1.8,1.0,3.0,3.4,2.0,1.0,1.75,3.38,4.75
S8ZFDeao,2022,2022-12-12 20:30:00,,CS Mioveni,Univ. Craiova,0,1,39.0,61.0,6.0,16.0,1.0,3.0,4.0,7.0,0.0,5.0,1,2,0,0,10.0,12.0,1.0,3.0,15.0,11.0,24.0,17.0,2.0,1.0,1096.2774155149707,1350.3929253041997,-204.6922568065736,49.42325298265539,7.0,10.0,2.2,4.0,40.4,0.4,2.0,0.2,1.4,2.4,9.0,11.8,4.4,6.0,55.4,1.0,1.0,1.6,2.8,1.0,0.0,3.0,6.33,3.63,1.54
2X289qmU,2022,2022-12-14 19:00:00,,Rapid Bucuresti,Petrolul Ploiesti,3,1,43.0,57.0,15.0,14.0,6.0,7.0,7.0,6.0,10.0,5.0,2,1,0,0,7.0,10.0,1.0,1.0,10.0,7.0,21.0,17.0,6.0,3.0,1296.350543261117,1223.4232505968075,121.99750955309378,49.07021688878413,10.0,16.8,4.4,5.8,55.6,1.4,1.6,1.2,2.0,2.8,12.0,8.6,3.0,3.4,44.2,1.4,0.6,2.4,1.0,2.8,0.0,3.0,1.85,3.1,4.64
xU5C1zl0,2022,2022-12-15 20:00:00,,FCSB,CFR Cluj,0,1,64.0,36.0,10.0,17.0,5.0,7.0,3.0,7.0,6.0,4.0,0,3,0,0,17.0,17.0,3.0,2.0,19.0,22.0,40.0,23.0,6.0,5.0,1408.3564022458768,1431.4167362453732,26.712693755859846,49.77302775535621,3.0,14.8,6.0,4.4,50.0,3.0,0.8,3.0,1.8,2.8,4.0,11.2,4.2,5.4,48.4,2.0,0.8,2.6,2.2,2.2,2.3333333333333335,0.3333333333333333,2.37,3.04,3.02
l2l4ApkL,2022,2022-12-16 20:00:00,,FC Voluntari,Farul Constanta,1,1,58.0,42.0,21.0,12.0,7.0,2.0,6.0,6.0,8.0,2.0,2,1,0,0,15.0,13.0,3.0,1.0,8.0,13.0,24.0,26.0,1.0,6.0,1230.7247143974655,1335.0827917768852,-55.392600252849434,48.965477126570185,7.0,13.4,3.0,4.2,50.0,1.2,0.6,1.6,2.2,2.0,6.0,16.8,6.8,5.0,55.6,2.6,1.4,2.0,1.2,3.2,1.3333333333333333,1.3333333333333333,3.26,2.97,2.29
ABk0BQZE,2022,2022-12-17 15:00:00,,Sepsi Sf. Gheorghe,U Cluj,2,1,58.0,42.0,11.0,11.0,4.0,6.0,5.0,5.0,1.0,3.0,3,4,0,0,10.0,17.0,0.0,1.0,18.0,9.0,23.0,25.0,5.0,2.0,1318.4066215144576,1181.4427821809466,186.0478880492078,49.084048715696746,7.0,15.0,6.2,4.6,54.2,2.4,0.6,2.0,2.0,1.2,6.0,14.8,4.2,4.0,45.4,0.6,1.0,1.0,2.4,3.8,3.0,0.0,1.53,3.77,6.33
Mk95kqDe,2022,2022-12-17 20:30:00,,Univ. Craiova,Chindia Targoviste,3,0,72.0,28.0,14.0,11.0,6.0,3.0,4.0,4.0,4.0,3.0,3,3,0,1,15.0,9.0,3.0,2.0,10.0,15.0,17.0,12.0,3.0,3.0,1355.1000732224832,1192.7838923747734,211.78305534941182,49.46687450170206,5.0,13.4,4.6,5.8,57.8,1.0,1.0,1.6,2.8,0.6,6.0,10.2,3.8,3.0,52.2,0.6,1.2,1.0,1.8,2.8,2.3333333333333335,0.3333333333333333,1.48,3.73,7.39
tvh8jPck,2022,2022-12-18 12:00:00,,FC Arges,CS Mioveni,2,2,51.0,49.0,11.0,13.0,5.0,7.0,4.0,2.0,4.0,3.0,0,4,0,1,11.0,19.0,2.0,5.0,23.0,13.0,21.0,18.0,5.0,3.0,1154.3582643890259,1091.5702675966872,112.84746942900051,50.05947263666194,5.0,8.4,2.6,2.4,47.0,0.6,1.6,1.0,2.2,3.6,5.0,9.2,2.0,2.4,37.4,0.4,2.2,0.0,1.0,2.6,2.3333333333333335,0.3333333333333333,2.43,2.78,3.22
2mg4i5rq,2022,2022-12-18 14:30:00,,Petrolul Ploiesti,U Craiova 1948,1,1,36.0,64.0,13.0,15.0,3.0,2.0,4.0,10.0,3.0,8.0,4,1,1,0,14.0,4.0,1.0,2.0,5.0,13.0,18.0,25.0,1.0,2.0,1214.0524390425132,1210.4894928100357,53.387037630853,49.82409139837546,3.0,9.6,3.6,4.0,45.0,1.2,1.2,1.8,1.2,3.0,5.0,13.0,3.8,5.2,50.8,1.0,1.4,1.2,1.8,3.2,3.0,0.0,2.83,2.88,2.63
EqdiDn52,2022,2022-12-18 20:30:00,,UTA Arad,Rapid Bucuresti,1,1,45.0,55.0,11.0,9.0,3.0,5.0,3.0,2.0,5.0,6.0,2,2,0,0,17.0,10.0,3.0,2.0,11.0,17.0,27.0,33.0,4.0,2.0,1153.0764070771663,1305.7213548154114,-102.93520297392934,49.709744764315595,7.0,13.4,3.6,6.0,53.4,0.6,1.6,0.4,2.2,2.8,4.0,13.4,4.2,6.6,51.8,1.8,1.6,1.6,2.2,3.6,0.3333333333333333,2.3333333333333335,2.99,2.9,2.49
0t89l3S1,2022,2022-12-19 20:00:00,,FCSB,FC Botosani,1,0,61.0,39.0,18.0,13.0,6.0,5.0,9.0,3.0,7.0,5.0,1,2,0,1,15.0,10.0,2.0,0.0,7.0,14.0,31.0,12.0,5.0,5.0,1397.5890605287298,1195.8605729311726,251.65415486739107,49.925667269833845,4.0,14.2,6.2,5.0,54.8,2.4,0.8,2.4,1.6,3.4,8.0,13.4,4.0,4.0,50.4,0.6,2.6,0.4,2.2,4.2,2.3333333333333335,0.3333333333333333,1.35,4.73,7.77
Sn0eC6K8,2022,2022-12-20 20:00:00,,CFR Cluj,FC Hermannstadt,0,1,56.0,44.0,16.0,6.0,3.0,1.0,9.0,4.0,2.0,3.0,3,1,1,0,17.0,11.0,0.0,2.0,12.0,14.0,31.0,17.0,0.0,3.0,1442.1840779625202,1201.097272813636,291.29778937471974,50.21098422583553,5.0,10.8,4.4,4.2,46.4,1.6,0.6,2.6,2.4,3.0,10.0,9.2,3.2,3.4,49.2,1.2,1.4,0.8,2.0,3.4,3.0,0.0,1.6,3.44,6.12
25EwPq4E,2022,2023-01-20 16:30:00,,U Cluj,FC Voluntari,2,1,64.0,36.0,30.0,2.0,9.0,1.0,12.0,1.0,9.0,2.0,3,3,0,1,10.0,14.0,4.0,2.0,12.0,13.0,24.0,17.0,0.0,7.0,1176.3384383675423,1232.305668919153,-7.019975757110615,48.94725479450011,34.0,14.0,4.4,3.2,46.8,0.4,1.2,0.4,3.0,3.0,34.0,13.8,4.2,4.4,48.2,1.4,0.6,1.8,2.2,2.0,1.0,1.0,2.17,2.83,3.79
ncWj1tC7,2022,2023-01-20 20:00:00,,Rapid Bucuresti,Sepsi Sf. Gheorghe,3,0,43.0,57.0,8.0,15.0,4.0,5.0,3.0,5.0,4.0,6.0,1,2,0,0,8.0,14.0,2.0,3.0,12.0,8.0,29.0,28.0,5.0,1.0,1302.8423880751682,1323.5109653278619,29.043829315786297,49.71240656848003,32.0,11.4,4.2,6.6,50.6,1.6,1.6,1.2,1.8,3.6,34.0,13.4,6.4,4.4,55.6,2.8,0.6,2.6,2.2,2.0,2.3333333333333335,0.3333333333333333,2.92,2.93,2.54
Iyg8944R,2022,2023-01-21 17:00:00,,CS Mioveni,Petrolul Ploiesti,1,0,47.0,53.0,13.0,18.0,2.0,7.0,6.0,7.0,4.0,7.0,1,4,0,0,14.0,15.0,4.0,1.0,15.0,14.0,27.0,28.0,7.0,1.0,1094.7086841071737,1212.5278172550484,-66.91602913532915,50.90310401254559,34.0,8.8,2.8,2.6,38.0,0.8,2.2,0.2,1.2,2.6,34.0,10.4,3.8,3.4,45.6,1.2,1.4,1.4,1.6,3.0,1.0,1.0,2.85,2.84,2.67
29Uv4rSl,2022,2023-01-21 20:00:00,,FC Botosani,Univ. Craiova,1,0,34.0,66.0,7.0,14.0,1.0,2.0,4.0,5.0,3.0,5.0,4,4,0,0,11.0,11.0,2.0,4.0,15.0,13.0,28.0,31.0,2.0,0.0,1192.05634685115,1363.0013816886149,-119.14924096194795,51.795793875516814,33.0,12.6,4.4,4.2,46.8,0.6,2.6,0.4,1.6,5.0,34.0,13.0,4.4,5.4,58.8,1.4,1.0,1.6,3.2,1.0,0.3333333333333333,2.3333333333333335,4.63,3.5,1.74
EqYr32se,2022,2023-01-22 15:30:00,,U Craiova 1948,UTA Arad,1,1,42.0,58.0,16.0,10.0,3.0,2.0,5.0,8.0,5.0,7.0,1,2,0,0,12.0,17.0,2.0,0.0,11.0,9.0,23.0,25.0,1.0,2.0,1212.0141145975006,1155.9553738174095,108.85210872214566,52.79336794205458,35.0,12.8,2.8,5.6,53.2,1.0,1.2,1.4,1.8,3.0,34.0,11.4,3.2,5.4,49.8,0.8,1.6,0.6,2.0,3.6,1.3333333333333333,1.3333333333333333,2.1,3.03,3.68
86Xn2Md1,2022,2023-01-22 20:45:00,,FC Hermannstadt,FCSB,0,1,39.0,61.0,5.0,11.0,2.0,2.0,1.0,4.0,2.0,4.0,1,2,0,0,11.0,13.0,0.0,1.0,13.0,11.0,28.0,30.0,1.0,2.0,1217.946998564775,1401.3932866087523,-130.88049834486242,52.565789699114916,33.0,7.8,2.6,2.2,46.2,1.4,1.2,1.4,1.8,3.0,34.0,15.0,6.6,5.4,58.4,2.2,0.8,2.4,1.6,3.6,1.3333333333333333,1.3333333333333333,3.83,3.19,1.99
Kpuz5OCr,2022,2023-01-23 17:00:00,,Chindia Targoviste,FC Arges,1,1,47.0,53.0,30.0,6.0,5.0,2.0,12.0,2.0,8.0,3.0,3,4,0,0,18.0,11.0,1.0,1.0,9.0,17.0,20.0,23.0,1.0,4.0,1184.8825839086417,1151.2198478785394,85.74840720848988,52.08567117838773,36.0,10.6,3.2,3.0,49.6,0.4,1.8,0.4,1.8,2.6,36.0,9.2,3.4,2.8,49.8,0.8,2.0,0.6,1.4,3.6,0.6666666666666666,1.6666666666666667,2.04,2.88,4.19
OEFZPPl8,2022,2023-01-23 20:00:00,,Farul Constanta,CFR Cluj,0,3,61.0,39.0,7.0,10.0,2.0,3.0,3.0,5.0,2.0,3.0,3,2,0,0,14.0,13.0,1.0,1.0,13.0,12.0,25.0,24.0,0.0,2.0,1333.5018372551976,1425.3343522113812,-39.928277628748674,51.90423732743488,38.0,16.2,6.2,3.8,54.4,2.4,1.4,1.6,1.0,3.2,34.0,12.6,4.8,3.6,45.2,1.4,0.8,2.0,3.0,2.4,1.3333333333333333,1.3333333333333333,2.73,2.75,2.89
AgdUEat7,2022,2023-01-27 20:00:00,,U Cluj,Rapid Bucuresti,0,0,66.0,34.0,9.0,11.0,2.0,3.0,3.0,6.0,7.0,6.0,4,2,0,0,11.0,12.0,3.0,0.0,11.0,11.0,41.0,22.0,3.0,2.0,1186.5404620206077,1318.7183539960424,-81.42405740942286,50.75383456601178,7.0,18.0,6.0,4.6,53.0,0.8,1.2,1.0,2.8,1.8,7.0,11.0,4.2,6.0,47.2,2.0,1.0,1.8,1.8,4.4,0.0,3.0,2.61,2.78,2.99
GCfEIssr,2022,2023-01-28 14:30:00,,UTA Arad,CS Mioveni,1,2,64.0,36.0,20.0,6.0,4.0,3.0,9.0,2.0,9.0,2.0,2,4,0,0,12.0,14.0,2.0,3.0,14.0,14.0,38.0,22.0,1.0,3.0,1158.9897503899383,1106.6112156134566,103.3049885369926,50.926453760510874,5.0,11.6,3.2,6.0,49.8,0.8,1.4,0.8,1.8,3.6,6.0,10.4,3.0,3.0,40.0,0.8,1.8,0.8,1.2,2.8,2.3333333333333335,0.3333333333333333,1.97,3.13,4.02
dSDsO3JK,2022,2023-01-28 17:00:00,,Petrolul Ploiesti,Chindia Targoviste,1,2,46.0,54.0,15.0,11.0,6.0,4.0,5.0,4.0,7.0,2.0,2,2,0,0,13.0,11.0,3.0,2.0,8.0,15.0,38.0,40.0,2.0,5.0,1200.6252857487655,1182.4634658959371,68.1216192482882,49.95979939545989,7.0,12.6,4.4,4.6,47.8,0.8,1.4,0.8,2.0,3.0,5.0,13.6,2.8,3.6,47.6,0.4,1.8,0.4,2.4,2.2,3.0,0.0,2.63,2.77,2.98
f3gIH1dl,2022,2023-01-28 20:00:00,,Univ. Craiova,FC Hermannstadt,2,0,64.0,36.0,16.0,7.0,6.0,2.0,3.0,3.0,9.0,1.0,3,4,0,0,16.0,16.0,0.0,1.0,17.0,14.0,30.0,20.0,2.0,4.0,1349.700394134778,1211.5454182884125,187.21957876813258,49.06460292176714,7.0,13.2,4.0,5.4,62.6,1.0,0.8,1.4,3.2,0.8,5.0,7.2,2.6,2.2,44.4,1.4,1.4,1.2,1.4,2.2,2.0,1.0,1.69,3.39,5.3
AVHoNNYQ,2022,2023-01-29 13:30:00,,FC Arges,FC Botosani,0,2,47.0,53.0,10.0,17.0,3.0,4.0,3.0,6.0,10.0,3.0,3,3,0,0,11.0,11.0,1.0,1.0,9.0,10.0,27.0,18.0,2.0,3.0,1153.638965891244,1205.357334404987,-2.1150833396834514,49.60328517405944,5.0,9.0,3.6,2.2,50.8,1.0,1.2,0.8,2.2,3.6,7.0,11.2,3.6,4.4,43.2,0.8,2.6,0.8,1.8,5.0,1.3333333333333333,1.3333333333333333,2.65,2.88,2.82
SU6PFuR0,2022,2023-01-29 19:00:00,,FCSB,Farul Constanta,2,3,46.0,54.0,15.0,18.0,3.0,8.0,7.0,7.0,4.0,6.0,7,5,1,0,23.0,13.0,1.0,2.0,13.0,15.0,14.0,18.0,5.0,1.0,1407.7948668851147,1318.1631337695565,138.18081501816414,48.54908190260574,6.0,12.8,4.8,5.4,60.4,1.8,0.4,2.4,1.4,3.4,5.0,14.8,5.0,3.4,54.0,2.0,1.8,1.0,1.4,3.2,2.0,1.0,1.88,3.3,4.16
Od0YDJeD,2022,2023-01-30 20:00:00,,FC Voluntari,CFR Cluj,0,1,48.0,52.0,6.0,8.0,0.0,2.0,3.0,2.0,5.0,5.0,2,1,0,0,10.0,8.0,3.0,0.0,8.0,12.0,24.0,25.0,1.0,0.0,1222.1036452660876,1440.6730556970224,-171.05382349913089,47.515586931803796,10.0,12.0,4.0,3.4,46.8,1.4,1.0,1.2,2.2,2.8,7.0,13.2,4.6,3.8,44.2,1.4,0.4,2.0,2.6,2.4,0.0,3.0,4.05,2.96,2.03
GjmKyNmK,2022,2023-02-03 17:00:00,,Chindia Targoviste,UTA Arad,2,1,45.0,55.0,16.0,7.0,6.0,2.0,8.0,3.0,2.0,1.0,1,1,0,0,16.0,8.0,1.0,3.0,9.0,16.0,28.0,30.0,1.0,4.0,1194.399418878507,1146.1010255225917,95.4060295853983,47.10763622948297,6.0,13.8,3.4,4.0,48.4,0.6,1.8,0.8,2.8,2.8,6.0,12.2,3.2,6.8,51.0,0.8,1.6,0.6,1.6,3.4,1.3333333333333333,1.3333333333333333,,,
tYWbUvtf,2022,2023-02-03 20:00:00,,U Craiova 1948,U Cluj,5,0,47.0,53.0,13.0,17.0,9.0,2.0,2.0,7.0,4.0,5.0,0,1,0,0,6.0,10.0,1.0,3.0,12.0,7.0,22.0,22.0,2.0,4.0,1208.9797380249718,1188.8420512805956,67.79439758996159,47.656710845585344,12.0,14.0,3.0,6.6,50.8,1.0,0.8,1.6,1.4,2.6,7.0,16.0,5.4,5.6,55.6,0.6,1.0,1.0,3.2,2.4,1.0,1.0,,,
YRsPzs3Q,2022,2023-02-04 14:30:00,,FC Hermannstadt,FC Arges,1,1,58.0,42.0,18.0,11.0,3.0,2.0,8.0,4.0,3.0,4.0,1,3,0,0,8.0,16.0,1.0,1.0,17.0,9.0,17.0,17.0,1.0,2.0,1204.3629882578484,1139.5829222718614,113.79067918824353,49.010613202256465,6.0,7.2,2.2,2.2,40.4,1.0,1.2,1.2,1.8,2.8,6.0,10.6,4.0,4.2,50.8,0.8,1.4,0.6,2.2,3.2,3.0,0.0,,,
2mL7SIA6,2022,2023-02-04 20:00:00,,Rapid Bucuresti,FC Voluntari,4,1,48.0,52.0,24.0,9.0,10.0,1.0,6.0,7.0,7.0,2.0,1,1,0,0,14.0,13.0,2.0,3.0,16.0,16.0,16.0,14.0,0.0,6.0,1316.4167647360546,1216.6643025684766,148.52586016378746,48.773397996209546,8.0,10.8,4.2,6.4,43.4,1.6,0.6,1.8,1.8,4.4,5.0,10.4,3.4,3.6,48.0,1.2,1.0,1.0,2.0,2.4,1.3333333333333333,1.3333333333333333,,,
zyUjW0Bs,2022,2023-02-05 15:30:00,,CS Mioveni,Sepsi Sf. Gheorghe,1,1,52.0,48.0,7.0,9.0,4.0,2.0,3.0,6.0,3.0,2.0,1,4,0,1,17.0,22.0,2.0,1.0,22.0,19.0,29.0,28.0,1.0,3.0,1119.4999404808032,1307.6349994069876,-138.58642490746342,49.548634018721025,8.0,9.6,3.0,2.4,39.6,1.2,1.8,1.4,2.0,3.4,15.0,12.8,5.6,4.0,56.6,1.8,1.2,2.0,2.6,2.0,1.0,2.0,,,
OdM3Tbe0,2022,2023-02-05 21:00:00,,CFR Cluj,FCSB,0,1,42.0,58.0,7.0,16.0,5.0,6.0,1.0,8.0,2.0,6.0,2,4,0,0,15.0,15.0,0.0,1.0,16.0,15.0,26.0,23.0,5.0,5.0,1446.1123983946334,1394.0149339410889,101.93034358919022,49.83287913564571,6.0,12.4,4.0,3.6,45.8,1.2,0.4,2.0,2.4,2.0,7.0,12.4,4.0,4.8,55.0,1.2,0.8,1.8,2.4,4.2,1.0,2.0,,,
x0lGx3YD,2022,2023-02-06 17:00:00,,FC Botosani,Petrolul Ploiesti,5,0,40.0,60.0,10.0,21.0,6.0,2.0,2.0,8.0,1.0,7.0,1,1,0,0,13.0,22.0,2.0,2.0,20.0,15.0,18.0,24.0,2.0,1.0,1219.4133780243694,1188.6893327661955,79.59299291393813,48.86894765576428,8.0,11.6,3.4,3.6,44.0,0.8,2.0,1.4,2.4,4.0,9.0,15.0,5.6,5.8,48.0,1.0,1.4,0.8,2.2,2.2,0.0,3.0,,,
UcTfVKQm,2022,2023-02-06 20:00:00,,Farul Constanta,Univ. Craiova,2,1,43.0,57.0,20.0,15.0,7.0,2.0,9.0,6.0,6.0,3.0,1,2,0,0,11.0,18.0,2.0,2.0,19.0,14.0,17.0,23.0,1.0,5.0,1331.9430667135823,1356.882824165342,25.228633261655204,50.168390713414865,8.0,16.0,5.8,4.2,56.2,2.4,2.0,1.4,2.4,2.2,9.0,14.8,4.6,5.4,65.4,1.2,0.6,1.8,3.2,1.2,0.0,3.0,,,
r1gUqKus,2022,2023-02-10 17:00:00,,U Cluj,CS Mioveni,2,2,66.0,34.0,21.0,8.0,10.0,3.0,6.0,2.0,9.0,1.0,1,2,0,0,12.0,12.0,0.0,4.0,24.0,24.0,18.0,19.0,1.0,8.0,1170.790019858314,1123.2898753731322,98.36417033348812,50.86402584830626,6.0,17.0,5.0,6.0,55.8,0.6,1.6,1.0,3.2,2.6,5.0,9.0,3.4,2.4,44.6,1.2,1.0,1.6,2.2,3.2,3.0,0.0,,,
239VsbAg,2022,2023-02-10 20:00:00,,Rapid Bucuresti,U Craiova 1948,1,2,56.0,44.0,14.0,10.0,5.0,5.0,6.0,3.0,5.0,5.0,2,0,0,0,9.0,10.0,0.0,2.0,12.0,9.0,26.0,18.0,3.0,4.0,1326.7532450362075,1227.0317694472533,150.37866232832494,50.65718673937056,6.0,13.4,5.6,6.6,44.6,2.2,0.6,2.2,1.6,3.0,7.0,13.4,4.0,5.8,48.8,2.0,0.4,2.2,1.2,2.6,0.0,3.0,,,
ADOFQduJ,2022,2023-02-11 14:30:00,,UTA Arad,FC Botosani,3,1,47.0,53.0,6.0,9.0,3.0,2.0,2.0,5.0,2.0,4.0,1,1,0,0,14.0,11.0,3.0,3.0,13.0,17.0,34.0,45.0,1.0,0.0,1138.7800306412269,1236.7392854597106,-48.35782744021981,49.60142737826401,7.0,12.6,3.0,5.4,53.6,0.8,1.2,0.6,1.6,3.4,4.0,12.2,4.0,3.2,44.0,1.8,0.4,2.0,2.6,3.2,1.3333333333333333,1.3333333333333333,,,
MihYrvem,2022,2023-02-11 20:00:00,,Univ. Craiova,CFR Cluj,2,0,54.0,46.0,13.0,15.0,4.0,3.0,6.0,8.0,7.0,1.0,0,1,0,0,14.0,11.0,3.0,1.0,12.0,17.0,24.0,21.0,3.0,2.0,1347.6076890334568,1433.259978662881,-34.84352005327196,50.80876957615218,5.0,15.0,3.8,5.2,64.0,1.4,0.6,1.8,2.8,2.2,5.0,11.6,4.0,3.2,45.0,1.0,0.4,1.8,2.2,2.4,1.0,2.0,,,
QL62l0XP,2022,2023-02-12 17:00:00,,FC Arges,Farul Constanta,0,0,41.0,59.0,4.0,13.0,1.0,4.0,3.0,5.0,2.0,4.0,2,1,0,0,12.0,8.0,1.0,0.0,8.0,14.0,21.0,24.0,4.0,1.0,1142.7457916858204,1341.2182018454675,-146.49696441450078,51.975445745146295,8.0,8.6,2.8,4.4,47.6,0.8,1.4,0.6,2.4,3.2,5.0,14.2,4.4,4.6,52.8,1.2,2.2,1.4,2.6,1.8,0.0,3.0,,,
tf8ZtIPa,2022,2023-02-12 20:00:00,,FC Voluntari,FCSB,1,2,46.0,54.0,8.0,17.0,3.0,3.0,4.0,9.0,4.0,4.0,3,3,0,0,20.0,13.0,1.0,1.0,14.0,21.0,20.0,29.0,1.0,2.0,1206.3278222683236,1406.8673536728413,-148.26534462970744,52.27418677481017,8.0,9.8,2.4,3.8,47.8,0.8,1.8,0.4,2.0,3.4,6.0,14.0,4.4,5.4,58.0,1.0,0.8,1.8,2.8,4.6,0.6666666666666666,1.6666666666666667,,,
CI2bktIJ,2022,2023-02-13 17:00:00,,Sepsi Sf. Gheorghe,Chindia Targoviste,2,2,63.0,37.0,16.0,14.0,8.0,5.0,5.0,7.0,6.0,3.0,3,2,0,0,10.0,18.0,1.0,2.0,20.0,11.0,33.0,29.0,3.0,6.0,1303.8450645146586,1201.720413759872,153.95078372773196,51.82613297294528,8.0,12.0,4.4,3.2,55.2,1.6,1.4,1.6,3.0,2.6,10.0,15.6,4.2,3.4,46.2,1.0,1.6,1.4,2.6,2.4,2.3333333333333335,0.3333333333333333,1.66,3.49,5.43
WMPBRxQC,2022,2023-02-13 20:00:00,,Petrolul Ploiesti,FC Hermannstadt,2,0,34.0,66.0,7.0,21.0,3.0,8.0,3.0,7.0,5.0,5.0,4,3,1,0,8.0,6.0,0.0,2.0,8.0,9.0,28.0,27.0,8.0,1.0,1171.3634253308544,1201.2001188438894,21.677277709312875,51.51397122234782,7.0,16.2,5.0,5.8,50.4,0.6,2.4,0.2,2.4,1.6,9.0,8.8,2.6,2.2,42.6,1.2,0.8,1.4,1.8,2.4,0.0,3.0,2.48,2.89,3.04
88OFMmvo,2022,2023-02-17 17:00:00,,Chindia Targoviste,U Cluj,2,2,49.0,51.0,17.0,13.0,5.0,4.0,7.0,3.0,6.0,5.0,2,3,0,0,10.0,10.0,2.0,4.0,11.0,12.0,28.0,19.0,2.0,3.0,1205.8825704345047,1168.0321650725048,90.35894555013124,52.50854018813118,4.0,16.4,4.6,3.6,42.2,1.4,1.6,1.6,2.2,3.2,7.0,17.6,5.8,6.6,58.2,1.0,2.0,1.0,2.6,2.0,0.0,3.0,2.46,2.83,3.17
zFG1piWi,2022,2023-02-17 20:00:00,,CS Mioveni,Rapid Bucuresti,0,0,50.0,50.0,3.0,21.0,0.0,3.0,3.0,8.0,1.0,6.0,6,2,0,0,17.0,9.0,0.0,1.0,10.0,17.0,27.0,19.0,3.0,0.0,1126.0477301589415,1312.676453554787,-134.31095673307254,52.317766662773096,7.0,9.4,3.8,2.6,43.6,1.6,1.2,1.8,2.4,4.4,7.0,13.2,5.4,5.6,47.2,1.8,0.8,1.6,1.6,2.4,1.3333333333333333,1.3333333333333333,4.28,3.18,1.9
lKBsudfC,2022,2023-02-18 14:30:00,,FC Hermannstadt,UTA Arad,0,0,52.0,48.0,9.0,15.0,1.0,5.0,5.0,5.0,2.0,4.0,4,6,0,0,13.0,20.0,4.0,1.0,21.0,18.0,33.0,25.0,5.0,1.0,1187.9391993001113,1154.8779266130691,85.65534416156265,52.59407147452036,4.0,11.4,3.2,2.8,48.6,0.4,1.2,0.8,2.0,2.0,7.0,10.8,2.8,4.8,53.8,1.4,1.4,1.0,1.6,2.4,2.3333333333333335,0.3333333333333333,2.4,3.0,3.06
zH7wtxu6,2022,2023-02-18 20:00:00,,Farul Constanta,Petrolul Ploiesti,2,0,53.0,47.0,23.0,8.0,6.0,3.0,8.0,4.0,4.0,3.0,0,4,0,0,12.0,13.0,2.0,0.0,12.0,14.0,28.0,21.0,3.0,4.0,1337.2349881166158,1184.6243448746325,205.02347001403018,52.41282677204694,6.0,14.0,4.6,4.0,51.8,1.2,1.4,1.6,2.2,1.8,5.0,14.8,4.2,5.8,45.8,0.8,1.8,0.8,3.0,2.6,3.0,0.0,1.59,3.69,5.7
dOHcoXGo,2022,2023-02-19 17:00:00,,CFR Cluj,FC Arges,3,1,40.0,60.0,21.0,7.0,7.0,0.0,9.0,3.0,6.0,3.0,2,1,0,0,16.0,10.0,0.0,0.0,10.0,16.0,29.0,18.0,0.0,4.0,1417.704296409626,1146.7290054146722,323.88665869270176,52.91136769774796,7.0,11.2,3.2,2.6,47.0,0.8,0.8,1.2,1.8,1.8,7.0,8.4,2.6,4.6,46.8,0.8,1.2,0.8,2.4,3.4,3.0,0.0,1.42,4.15,7.77
Iw66qBob,2022,2023-02-19 20:00:00,,FCSB,Univ. Craiova,1,1,37.0,63.0,12.0,13.0,7.0,3.0,5.0,6.0,8.0,7.0,3,2,0,0,16.0,10.0,2.0,2.0,12.0,17.0,16.0,16.0,2.0,6.0,1412.8414043643731,1363.1633712867117,102.87405269275519,53.196019615093846,7.0,15.4,4.0,5.0,56.0,1.4,0.8,2.4,3.4,3.8,8.0,14.4,4.0,5.6,62.6,1.6,0.6,1.8,2.4,2.6,1.0,2.0,2.04,3.35,3.47
Wr1nvG9I,2022,2023-02-20 17:00:00,,FC Botosani,Sepsi Sf. Gheorghe,1,1,53.0,47.0,15.0,11.0,5.0,2.0,6.0,6.0,3.0,3.0,3,3,0,1,15.0,10.0,3.0,1.0,16.0,20.0,30.0,28.0,1.0,4.0,1220.6413894878683,1299.6829078400258,-26.061300173998234,52.980218178159184,9.0,11.2,3.6,3.2,43.8,1.8,0.8,1.8,2.2,2.4,7.0,12.0,4.4,3.2,56.2,1.2,1.6,1.2,3.0,2.8,1.0,2.0,3.6,3.22,2.05
GOO9rV04,2022,2023-02-20 20:00:00,,U Craiova 1948,FC Voluntari,2,1,61.0,39.0,13.0,11.0,4.0,3.0,3.0,4.0,9.0,4.0,3,3,0,0,10.0,14.0,1.0,2.0,16.0,11.0,24.0,17.0,2.0,2.0,1241.1085609286738,1200.3537715767918,93.79116009282711,53.036370740945216,10.0,13.8,4.6,6.2,50.4,2.0,0.6,2.2,0.8,2.2,8.0,9.2,2.4,4.2,48.0,0.8,2.0,0.2,2.2,3.2,0.0,3.0,1.8,3.38,4.49
IioubA0i,2022,2023-02-24 18:00:00,,U Craiova 1948,CS Mioveni,2,1,56.0,44.0,12.0,8.0,4.0,4.0,5.0,2.0,6.0,4.0,1,3,0,0,11.0,16.0,2.0,0.0,17.0,13.0,30.0,29.0,3.0,2.0,1248.4727530897205,1129.7317943155717,172.32964392717258,53.588685153023725,3.0,13.4,4.6,6.2,51.6,2.2,0.8,2.2,1.0,2.2,6.0,7.4,2.4,2.2,43.8,1.2,0.8,1.8,2.8,4.4,1.0,1.0,1.46,4.02,6.89
lxNHt9VG,2022,2023-02-24 20:30:00,,UTA Arad,Farul Constanta,0,1,54.0,46.0,14.0,11.0,1.0,3.0,7.0,3.0,6.0,3.0,2,1,0,0,6.0,17.0,1.0,7.0,25.0,7.0,42.0,36.0,2.0,1.0,1157.294522646048,1343.882200459296,-132.5932195436044,53.99445826964357,6.0,11.6,3.2,4.6,54.4,1.2,1.2,1.0,2.4,1.8,6.0,16.2,5.4,4.4,54.0,1.4,1.2,2.0,2.0,1.2,0.6666666666666666,1.6666666666666667,2.97,3.06,2.42
6DHMuTpN,2022,2023-02-25 14:30:00,,Sepsi Sf. Gheorghe,FC Hermannstadt,2,1,56.0,44.0,9.0,10.0,3.0,3.0,2.0,4.0,4.0,5.0,5,3,1,0,13.0,21.0,0.0,1.0,21.0,12.0,24.0,23.0,2.0,1.0,1298.9342070028786,1185.5226032671324,166.9291562282142,53.51755249246788,4.0,12.4,4.2,3.6,54.6,1.2,1.6,1.2,3.0,3.2,7.0,12.0,3.2,2.6,50.2,0.2,1.2,0.4,2.6,2.4,2.3333333333333335,0.3333333333333333,1.66,3.42,5.46
p4GQvm0T,2022,2023-02-25 17:00:00,,U Cluj,FC Botosani,2,0,47.0,53.0,7.0,11.0,4.0,3.0,2.0,7.0,2.0,5.0,1,3,0,0,11.0,11.0,1.0,0.0,11.0,13.0,24.0,25.0,3.0,2.0,1170.5758120772791,1221.3900903250155,3.118314854444634,53.93259310218116,8.0,18.0,5.4,7.0,60.0,1.2,2.0,1.2,2.4,2.2,5.0,11.6,3.6,2.8,46.6,2.0,0.8,2.0,2.4,1.6,1.0,1.0,2.06,3.14,3.7
2q3hz78p,2022,2023-02-25 20:00:00,,Rapid Bucuresti,Chindia Targoviste,2,0,72.0,28.0,17.0,10.0,6.0,2.0,8.0,6.0,7.0,3.0,0,4,0,1,10.0,18.0,2.0,1.0,17.0,14.0,31.0,27.0,2.0,4.0,1308.9923893981568,1203.3389234297304,160.63719982728162,54.983733858855125,8.0,15.6,5.0,5.6,46.2,1.6,0.6,1.6,1.6,2.0,8.0,17.6,5.0,4.2,46.4,1.8,1.4,1.8,2.0,3.0,0.6666666666666666,1.6666666666666667,1.88,3.21,4.29
drpqcUFc,2022,2023-02-26 17:45:00,,FC Voluntari,Univ. Craiova,1,0,37.0,63.0,8.0,17.0,1.0,3.0,6.0,4.0,2.0,4.0,4,1,0,0,16.0,17.0,2.0,1.0,18.0,18.0,18.0,24.0,3.0,0.0,1192.989579415745,1366.0407237791737,-117.4649538556871,55.586190507741634,5.0,7.2,1.6,3.4,44.2,0.8,2.2,0.0,2.4,3.4,6.0,14.2,3.4,6.2,60.8,1.2,0.8,1.4,2.2,3.2,1.3333333333333333,1.3333333333333333,3.02,3.04,2.4
Gn7dZQNj,2022,2023-02-26 20:30:00,,FC Arges,FCSB,1,2,53.0,47.0,9.0,23.0,1.0,7.0,5.0,10.0,3.0,5.0,1,1,0,0,10.0,12.0,2.0,2.0,14.0,12.0,19.0,25.0,5.0,0.0,1142.933646516727,1409.9640518719111,-210.44988559549643,56.580519759687604,7.0,7.6,1.6,4.4,48.6,0.6,1.4,0.6,2.6,3.2,7.0,14.2,4.2,5.2,51.2,1.4,1.0,2.0,3.8,3.2,0.0,3.0,6.9,4.13,1.45
AoODskGA,2022,2023-02-27 20:00:00,,Petrolul Ploiesti,CFR Cluj,2,5,50.0,50.0,12.0,16.0,3.0,12.0,3.0,2.0,3.0,7.0,0,1,0,0,9.0,10.0,2.0,0.0,10.0,12.0,26.0,22.0,7.0,1.0,1177.9771325319523,1421.4996553075712,-187.2861707179029,56.23635205771597,9.0,13.8,4.2,5.8,48.0,0.6,2.0,0.6,3.0,3.2,8.0,12.2,4.0,3.4,43.8,1.4,0.8,1.8,1.6,1.8,0.0,3.0,5.48,3.37,1.68
vRy0gnFM,2022,2023-02-28 16:00:00,,FC Hermannstadt,U Cluj,0,1,51.0,49.0,9.0,6.0,2.0,3.0,3.0,3.0,5.0,6.0,5,1,0,0,14.0,11.0,3.0,1.0,14.0,22.0,26.0,28.0,2.0,2.0,1179.9887284709553,1184.5910221662655,50.974498701068796,55.57679239637899,3.0,13.0,3.4,3.2,51.2,0.4,1.4,0.4,3.0,2.4,2.0,13.4,4.4,5.6,56.6,1.2,1.8,1.2,2.0,2.8,0.0,3.0,2.53,2.81,3.08
zcNVmQxp,2022,2023-02-28 18:00:00,,Chindia Targoviste,U Craiova 1948,0,0,52.0,48.0,6.0,6.0,1.0,3.0,2.0,2.0,2.0,2.0,3,4,0,0,11.0,19.0,0.0,2.0,28.0,15.0,35.0,33.0,3.0,1.0,1195.3061681112436,1253.8830613113184,-3.8593553005532613,54.71753789952168,2.0,13.6,4.4,3.2,42.6,1.6,1.6,1.6,2.2,3.6,4.0,12.8,5.0,5.8,50.0,2.4,0.8,2.6,1.0,2.4,1.3333333333333333,1.3333333333333333,3.2,3.02,2.3
QNXefSaG,2022,2023-02-28 20:30:00,,Farul Constanta,Sepsi Sf. Gheorghe,2,0,46.0,54.0,18.0,5.0,7.0,1.0,5.0,2.0,10.0,4.0,2,0,0,0,14.0,3.0,5.0,1.0,6.0,20.0,28.0,20.0,1.0,5.0,1350.2409441549719,1304.4680817990557,100.49873100090599,54.72586864498982,4.0,17.0,5.6,4.6,51.0,1.6,0.6,2.6,1.6,1.4,3.0,12.0,4.0,4.2,54.2,1.2,1.6,1.2,3.4,2.6,2.0,1.0,2.1,3.07,3.68
WOGvn47d,2022,2023-03-01 16:00:00,,CS Mioveni,FC Voluntari,0,3,55.0,45.0,17.0,18.0,2.0,6.0,7.0,8.0,4.0,2.0,2,2,0,0,14.0,14.0,0.0,1.0,15.0,14.0,22.0,28.0,3.0,2.0,1124.3214860939738,1206.2473027750248,-26.437813093612476,55.488003587438584,4.0,6.4,2.8,2.2,43.2,1.2,1.2,1.2,3.2,3.4,2.0,8.4,1.6,3.4,44.4,0.8,1.8,0.6,2.6,2.6,0.3333333333333333,2.3333333333333335,,,
hYHzmphj,2022,2023-03-01 18:00:00,,Univ. Craiova,FC Arges,1,0,63.0,37.0,11.0,6.0,4.0,2.0,5.0,3.0,3.0,0.0,1,3,0,0,15.0,15.0,3.0,0.0,14.0,18.0,33.0,19.0,2.0,3.0,1352.783000419894,1138.344743823772,268.7258809205541,54.287624324432045,3.0,14.8,3.6,6.0,60.2,1.2,0.8,1.4,1.6,3.2,2.0,8.2,1.4,4.4,48.6,0.6,1.6,0.4,2.0,3.4,2.0,1.0,,,
Ymy4h6US,2022,2023-03-01 20:30:00,,FC Botosani,Rapid Bucuresti,1,2,52.0,48.0,15.0,10.0,4.0,4.0,5.0,5.0,7.0,5.0,3,2,0,0,10.0,13.0,2.0,1.0,15.0,12.0,32.0,24.0,2.0,3.0,1207.3748802360292,1317.0251447166436,-55.09934075631122,54.55092372430319,4.0,12.4,4.0,3.2,50.4,1.8,1.2,1.4,2.2,1.6,4.0,17.4,5.4,6.2,52.0,1.4,0.6,1.6,1.4,1.4,0.6666666666666666,1.6666666666666667,,,
rarie8pA,2022,2023-03-02 17:00:00,,CFR Cluj,UTA Arad,2,1,42.0,58.0,15.0,13.0,5.0,1.0,7.0,8.0,3.0,10.0,1,3,1,0,9.0,13.0,2.0,1.0,22.0,14.0,28.0,24.0,0.0,3.0,1430.2937841253975,1150.9357789503722,333.2768831773128,53.91887800228755,2.0,13.4,5.8,4.2,46.0,1.8,1.2,1.8,1.4,1.6,5.0,12.4,3.0,4.4,53.6,1.0,1.2,0.8,2.4,1.8,1.6666666666666667,0.6666666666666666,,,
48qmdlV3,2022,2023-03-02 20:00:00,,FCSB,Petrolul Ploiesti,4,1,62.0,38.0,22.0,11.0,12.0,5.0,6.0,4.0,12.0,2.0,1,2,0,0,12.0,16.0,0.0,0.0,25.0,15.0,22.0,10.0,4.0,8.0,1414.5529545648662,1169.183003714126,299.48087292373793,54.110922072997646,3.0,16.6,5.2,5.4,48.4,1.6,1.2,2.0,3.6,2.8,3.0,12.6,3.4,5.0,47.4,1.0,2.8,0.6,2.2,4.4,3.0,0.0,,,
IHdZ7oUF,2022,2023-03-03 20:00:00,,U Cluj,Farul Constanta,2,0,43.0,57.0,24.0,9.0,9.0,1.0,9.0,3.0,6.0,1.0,4,1,0,0,17.0,9.0,1.0,1.0,9.0,18.0,21.0,24.0,1.0,7.0,1196.0477487910296,1360.402743387622,-109.85081987277931,54.50417472381308,3.0,12.8,4.6,5.4,53.2,1.4,1.8,1.6,1.4,2.6,2.0,17.0,5.4,5.4,49.4,1.4,0.2,2.6,1.0,1.4,0.0,3.0,3.4,3.01,2.22
Qs0s6PbS,2022,2023-03-04 17:00:00,,U Craiova 1948,FC Botosani,1,0,40.0,60.0,16.0,17.0,4.0,3.0,9.0,8.0,8.0,6.0,0,3,0,0,9.0,19.0,1.0,0.0,19.0,10.0,25.0,26.0,3.0,3.0,1253.7719847050766,1198.9476039424874,110.71382564176315,55.889444879173794,3.0,10.8,5.0,5.2,51.2,2.2,0.6,2.6,1.6,2.4,2.0,12.0,4.0,4.0,50.2,1.6,1.6,0.8,2.2,1.4,1.0,2.0,,,
ni1w75qM,2022,2023-03-04 20:00:00,,Rapid Bucuresti,FC Hermannstadt,0,1,63.0,37.0,15.0,8.0,6.0,2.0,6.0,4.0,5.0,1.0,2,2,0,0,15.0,10.0,3.0,0.0,7.0,16.0,32.0,19.0,1.0,6.0,1325.4524210101854,1168.5320018461912,213.328642951421,56.408223787426785,2.0,17.2,5.6,6.0,54.8,1.8,0.8,2.0,1.4,1.6,4.0,13.4,3.4,4.0,54.2,0.4,1.2,0.4,3.2,2.0,3.0,0.0,,,
WOxA1q7q,2022,2023-03-05 13:00:00,,CS Mioveni,Chindia Targoviste,2,0,46.0,54.0,6.0,11.0,3.0,4.0,2.0,5.0,2.0,1.0,1,1,0,0,15.0,17.0,3.0,2.0,18.0,18.0,28.0,42.0,4.0,1.0,1108.3164292538866,1195.4172447174853,-31.85279901130366,55.248016452295026,3.0,8.6,2.6,2.6,47.0,0.8,1.6,0.6,2.8,3.4,4.0,12.6,3.8,3.2,42.2,1.2,1.4,1.2,2.4,3.2,1.3333333333333333,1.3333333333333333,,,
pS4MAmpc,2022,2023-03-05 15:30:00,,Petrolul Ploiesti,Univ. Craiova,0,1,51.0,49.0,17.0,10.0,3.0,4.0,4.0,5.0,2.0,6.0,0,0,0,0,12.0,8.0,5.0,3.0,11.0,17.0,27.0,25.0,3.0,3.0,1163.9396350365869,1356.2936590848426,-135.94837792075532,56.405646127500376,2.0,11.8,3.2,4.0,45.8,1.0,3.2,0.6,2.2,5.6,3.0,13.8,3.2,4.8,60.0,1.0,0.8,1.4,1.2,3.2,0.0,3.0,,,
d28Q97a3,2022,2023-03-05 21:00:00,,UTA Arad,FCSB,3,1,46.0,54.0,14.0,15.0,6.0,4.0,6.0,6.0,1.0,6.0,3,3,0,0,18.0,17.0,2.0,0.0,17.0,20.0,19.0,32.0,3.0,3.0,1148.3751913409042,1419.7963232424054,-215.48613135732535,55.93500054417579,3.0,11.0,2.4,4.6,52.4,1.0,1.2,0.8,2.6,2.2,3.0,18.0,7.0,7.0,51.6,2.0,0.8,2.6,2.4,2.6,0.3333333333333333,2.3333333333333335,,,
pStE03Mk,2022,2023-03-06 18:00:00,,FC Voluntari,FC Arges,0,0,53.0,47.0,14.0,9.0,3.0,2.0,9.0,4.0,4.0,5.0,1,4,0,0,6.0,10.0,1.0,2.0,12.0,7.0,20.0,18.0,2.0,3.0,1222.252359615112,1134.8340851588234,144.99865638948881,57.58038193320019,5.0,10.8,2.8,2.8,43.8,1.4,1.6,1.2,2.6,2.8,5.0,7.4,1.2,2.4,46.6,0.6,1.4,0.4,2.0,3.6,1.3333333333333333,1.3333333333333333,,,
vRcV8RE9,2022,2023-03-06 20:30:00,,Sepsi Sf. Gheorghe,CFR Cluj,2,2,58.0,42.0,10.0,15.0,4.0,4.0,4.0,5.0,3.0,6.0,1,2,0,0,13.0,13.0,3.0,3.0,15.0,16.0,24.0,26.0,2.0,2.0,1294.3062825664056,1432.8543717348655,-81.26372240455203,57.284366763907784,6.0,10.0,3.2,3.8,53.6,1.2,1.4,1.2,3.0,3.4,4.0,14.8,6.4,3.8,44.0,2.0,1.4,1.8,1.4,1.6,0.0,3.0,,,
YNiDJrTR,2022,2023-03-10 17:30:00,,FC Botosani,CS Mioveni,1,1,51.0,49.0,9.0,6.0,5.0,2.0,2.0,3.0,2.0,3.0,2,2,0,0,14.0,16.0,1.0,0.0,16.0,14.0,42.0,44.0,1.0,4.0,1192.0305518324474,1123.7514915899578,125.73571838975113,57.45665814726162,6.0,13.4,3.4,5.0,54.2,0.6,1.8,0.2,2.6,1.6,5.0,8.4,2.4,2.4,45.8,1.0,1.4,1.0,2.8,4.0,1.6666666666666667,0.6666666666666666,,,
IuuMbsi2,2022,2023-03-10 20:30:00,,Univ. Craiova,UTA Arad,2,1,56.0,44.0,15.0,15.0,4.0,4.0,7.0,6.0,3.0,8.0,0,1,0,0,6.0,15.0,1.0,0.0,15.0,6.0,31.0,13.0,3.0,2.0,1362.5689335291704,1170.3136098612295,249.45181925169481,57.196495583753915,5.0,12.8,3.6,5.4,58.4,1.0,0.4,2.0,0.8,2.8,4.0,12.4,3.2,4.6,50.6,1.4,1.0,1.4,3.0,2.0,1.3333333333333333,1.3333333333333333,,,
vktIaNyd,2022,2023-03-11 17:30:00,,FC Arges,Petrolul Ploiesti,0,1,55.0,45.0,10.0,12.0,3.0,3.0,5.0,9.0,4.0,2.0,0,3,0,0,8.0,13.0,3.0,2.0,15.0,11.0,29.0,28.0,2.0,3.0,1138.7809540827222,1157.664360592259,38.60134666884005,57.48475317837682,4.0,7.0,1.2,2.6,47.6,0.4,1.2,0.4,2.2,3.8,6.0,11.0,3.4,3.0,44.0,1.0,2.4,0.6,2.0,6.0,0.0,3.0,,,
xdb4L4bF,2022,2023-03-11 20:30:00,,Farul Constanta,Rapid Bucuresti,2,1,49.0,51.0,27.0,10.0,7.0,4.0,11.0,2.0,1.0,5.0,5,1,0,0,15.0,20.0,3.0,1.0,21.0,19.0,17.0,27.0,3.0,5.0,1341.932474649479,1309.9829898750952,88.6012514292172,56.65176665483332,8.0,14.8,4.2,4.4,52.2,1.0,0.4,2.0,1.0,2.6,7.0,15.4,4.8,5.6,57.8,1.0,0.8,1.4,1.6,1.8,1.6666666666666667,0.6666666666666666,,,
ja28KODL,2022,2023-03-12 21:00:00,,FC Hermannstadt,U Craiova 1948,1,0,41.0,59.0,10.0,16.0,3.0,3.0,5.0,6.0,4.0,3.0,2,0,0,0,14.0,13.0,1.0,1.0,14.0,15.0,18.0,28.0,3.0,2.0,1184.0014329812814,1260.6890368151167,-19.47305737005854,57.21454646377672,8.0,11.4,3.2,3.6,50.0,0.4,1.0,0.8,3.4,3.0,8.0,11.4,4.0,6.0,49.8,1.4,0.6,2.6,1.6,2.6,1.0,1.0,,,
4r0dNQT2,2022,2023-03-12 21:00:00,,FCSB,Sepsi Sf. Gheorghe,1,0,44.0,56.0,16.0,9.0,5.0,2.0,5.0,5.0,2.0,2.0,0,3,0,0,12.0,19.0,2.0,1.0,20.0,15.0,39.0,31.0,2.0,4.0,1397.85790472208,1296.6035010111234,159.26094218645267,58.00653847549607,7.0,17.8,6.6,7.0,50.8,2.0,1.4,2.0,2.2,2.2,6.0,10.2,3.6,4.0,55.6,1.4,1.6,1.2,2.4,3.2,1.6666666666666667,0.6666666666666666,,,
zXwuF2yq,2022,2023-03-13 17:30:00,,Chindia Targoviste,FC Voluntari,1,1,54.0,46.0,18.0,14.0,7.0,2.0,9.0,6.0,7.0,3.0,1,1,0,0,9.0,10.0,1.0,2.0,11.0,10.0,29.0,34.0,1.0,6.0,1179.982182381414,1218.3054906912132,20.11165193243278,58.434960242232016,8.0,11.6,3.4,3.0,44.0,0.8,1.6,0.6,2.4,3.2,6.0,11.8,3.2,3.2,44.0,1.2,0.8,1.4,2.6,2.0,1.3333333333333333,1.3333333333333333,2.52,2.85,3.02
rZb0Mpq9,2022,2023-03-13 20:30:00,,CFR Cluj,U Cluj,4,0,53.0,47.0,21.0,7.0,10.0,3.0,6.0,3.0,8.0,2.0,0,3,0,0,13.0,16.0,0.0,0.0,12.0,12.0,29.0,25.0,3.0,6.0,1430.5571532901477,1214.5180175291725,274.43072993864916,58.39159417767413,7.0,16.4,6.2,4.6,44.0,2.4,1.6,2.0,1.4,1.0,10.0,14.2,6.0,5.6,51.2,1.8,0.8,2.2,2.0,2.0,3.0,0.0,1.58,3.55,6.15
lv8LGLBf,2022,2023-03-16 21:00:00,,Sepsi Sf. Gheorghe,U Craiova 1948,4,0,47.0,53.0,17.0,7.0,9.0,0.0,6.0,3.0,6.0,4.0,4,1,0,0,17.0,10.0,4.0,2.0,12.0,21.0,20.0,30.0,0.0,5.0,1290.8912107879773,1250.1291433255253,99.66615419868504,58.90408673623294,4.0,8.8,2.4,3.2,54.2,1.0,1.4,1.0,2.4,3.4,4.0,12.6,3.6,5.6,52.8,1.0,0.6,2.0,1.6,2.2,2.0,1.0,1.85,3.25,4.41
fB5KODH3,2022,2023-03-17 17:30:00,,FC Voluntari,FC Hermannstadt,1,1,53.0,47.0,14.0,10.0,7.0,2.0,5.0,5.0,9.0,5.0,3,3,0,0,9.0,10.0,1.0,0.0,10.0,10.0,27.0,22.0,1.0,6.0,1218.8837048853184,1194.5613264708727,84.30759873158149,59.985220317135926,4.0,13.0,3.0,3.0,44.0,1.2,0.6,1.6,2.2,3.0,4.0,9.2,2.2,3.4,45.0,0.6,0.6,1.4,3.2,3.4,1.0,2.0,2.21,2.86,3.57
GbyEYloS,2022,2023-03-17 20:30:00,,Petrolul Ploiesti,UTA Arad,1,0,44.0,56.0,13.0,12.0,5.0,3.0,5.0,8.0,2.0,6.0,3,2,0,0,11.0,8.0,5.0,0.0,11.0,23.0,25.0,33.0,3.0,4.0,1168.770847572839,1166.4701752662575,62.1073899165458,59.80671760996405,6.0,12.0,3.4,2.4,46.2,0.8,2.4,0.6,1.8,5.0,7.0,14.2,3.4,5.8,50.0,1.0,1.2,0.8,3.0,2.2,1.5,1.5,3.05,2.92,2.43
YwOuU8gq,2022,2023-03-18 14:30:00,,FC Botosani,Chindia Targoviste,1,0,59.0,41.0,13.0,12.0,3.0,3.0,4.0,7.0,5.0,6.0,2,1,0,0,10.0,16.0,3.0,0.0,16.0,12.0,38.0,43.0,3.0,2.0,1188.5617176523447,1179.403968187309,69.58180753795091,60.42405807291514,7.0,13.4,4.0,4.6,53.8,0.6,1.4,0.4,2.8,1.8,4.0,12.4,3.8,3.8,47.4,0.6,1.4,0.6,2.2,2.2,2.3333333333333335,0.3333333333333333,2.25,2.96,3.34
UTFyRcqJ,2022,2023-03-18 20:00:00,,FCSB,Univ. Craiova,1,1,62.0,38.0,15.0,16.0,5.0,6.0,6.0,6.0,7.0,4.0,1,1,0,0,13.0,19.0,0.0,1.0,20.0,13.0,33.0,25.0,5.0,4.0,1403.5701949452261,1366.4123681241424,98.1836569717077,61.025830150623854,5.0,17.6,7.0,6.6,48.8,1.8,1.2,2.0,1.6,2.2,7.0,13.2,3.6,4.6,58.8,1.0,0.6,2.0,0.8,2.8,1.3333333333333333,1.3333333333333333,1.62,3.74,5.06
fDveSnEe,2022,2023-03-19 16:30:00,,Farul Constanta,Sepsi Sf. Gheorghe,2,1,51.0,49.0,15.0,11.0,6.0,4.0,5.0,5.0,5.0,2.0,2,1,0,0,9.0,18.0,2.0,2.0,22.0,12.0,31.0,24.0,3.0,4.0,1349.436205435391,1305.3063252000172,104.94923136070747,60.81935112533368,7.0,17.6,4.8,3.8,50.2,1.4,0.6,2.4,1.8,3.0,2.0,10.0,3.8,3.8,54.2,1.6,1.2,1.4,2.6,2.6,2.0,1.0,1.86,3.21,4.32
GWzCksMJ,2022,2023-03-19 19:00:00,,CFR Cluj,Rapid Bucuresti,2,2,33.0,67.0,13.0,22.0,5.0,6.0,4.0,9.0,2.0,10.0,2,0,0,0,12.0,9.0,3.0,2.0,10.0,16.0,28.0,21.0,4.0,3.0,1437.390387404265,1302.4792590891832,196.26057634399604,61.349448028914125,5.0,17.6,7.6,6.0,45.4,3.2,1.2,2.6,1.2,1.2,7.0,14.6,4.6,5.6,56.8,1.0,0.8,1.4,1.4,2.2,2.0,1.0,1.71,3.3,5.14
Y3waR6T1,2022,2023-03-20 18:00:00,,U Craiova 1948,CS Mioveni,3,0,50.0,50.0,20.0,7.0,9.0,2.0,7.0,3.0,3.0,0.0,0,0,0,0,11.0,11.0,2.0,2.0,12.0,13.0,23.0,29.0,2.0,6.0,1235.7140289134854,1127.2203257700605,169.45945741136165,60.96575426793679,3.0,11.4,2.8,4.6,51.2,0.6,1.2,1.4,1.2,2.8,10.0,8.0,2.2,2.8,48.8,0.8,1.2,1.0,2.8,3.2,1.6666666666666667,0.6666666666666666,1.73,3.37,4.86
GY9R4DRN,2022,2023-03-20 21:00:00,,U Cluj,FC Arges,2,0,59.0,41.0,14.0,7.0,6.0,2.0,2.0,4.0,8.0,2.0,0,1,0,0,9.0,12.0,2.0,1.0,13.0,11.0,29.0,30.0,2.0,4.0,1207.684783415055,1127.6744671021422,141.6873931084899,61.67707679557696,7.0,11.4,4.6,4.2,47.4,1.4,1.2,2.0,2.4,3.0,9.0,8.2,1.6,3.0,50.4,0.4,1.4,0.2,1.8,3.4,0.5,2.0,1.59,3.64,5.78
tb29lKIp,2022,2023-03-31 21:00:00,,U Craiova 1948,Petrolul Ploiesti,0,1,58.0,42.0,12.0,11.0,2.0,3.0,6.0,5.0,4.0,6.0,1,3,0,0,6.0,14.0,2.0,2.0,14.0,8.0,33.0,21.0,2.0,2.0,1245.1983292820212,1177.0020537455202,130.52394979586143,62.32767425936054,11.0,13.0,3.8,4.0,50.0,0.8,1.0,1.4,1.0,2.6,14.0,13.0,3.8,2.2,45.6,1.0,2.0,1.2,1.6,4.8,0.5,2.0,1.75,3.51,4.5
f16DmvYj,2022,2023-04-01 12:00:00,,UTA Arad,U Cluj,2,0,45.0,55.0,7.0,13.0,3.0,4.0,3.0,3.0,5.0,6.0,2,3,0,0,10.0,15.0,1.0,6.0,22.0,11.0,17.0,43.0,4.0,1.0,1158.2389690935763,1216.359416265503,3.1880158654257684,61.30846303735231,14.0,13.6,3.0,6.2,51.6,1.0,1.4,0.6,2.2,2.8,11.0,11.6,5.0,4.8,49.0,1.4,0.8,2.4,1.8,2.8,2.0,0.5,,,
negaBsQc,2022,2023-04-01 17:00:00,,FC Hermannstadt,FC Botosani,1,1,,,,,,,,,,,0,0,0,0,,,,,,,,,,,1196.9413625664977,1196.5853453551276,62.71540823790724,62.359391026537146,14.0,9.4,2.4,4.0,44.0,0.8,0.8,1.4,3.0,3.6,14.0,13.0,3.6,5.0,55.0,0.6,1.2,0.8,2.6,2.2,0.6666666666666666,1.6666666666666667,,,
CxZUUYLf,2022,2023-04-01 21:45:00,,Rapid Bucuresti,Farul Constanta,1,1,38.0,62.0,14.0,17.0,4.0,7.0,8.0,7.0,2.0,4.0,3,2,0,0,16.0,18.0,0.0,3.0,21.0,16.0,22.0,23.0,6.0,3.0,1307.5951759022144,1356.504164149797,13.316472187293357,62.2254604348759,13.0,14.8,5.2,6.4,60.2,1.4,1.2,1.4,1.0,2.8,13.0,16.0,4.8,4.0,49.8,1.4,0.8,2.4,2.2,3.0,0.3333333333333333,2.3333333333333335,,,
84feCNAi,2022,2023-04-02 13:30:00,,FC Arges,FC Voluntari,0,2,61.0,39.0,15.0,15.0,4.0,7.0,7.0,7.0,2.0,3.0,2,2,0,0,7.0,15.0,0.0,4.0,18.0,6.0,22.0,22.0,5.0,4.0,1118.9998342516944,1216.5036687896934,-35.30710595116693,62.19672858683212,12.0,8.2,2.0,2.8,46.6,0.2,1.2,0.2,1.8,3.4,15.0,13.6,3.8,4.0,46.8,1.2,0.4,1.8,2.2,2.8,0.6666666666666666,1.6666666666666667,,,
jTXYThy1,2022,2023-04-02 21:00:00,,Univ. Craiova,CFR Cluj,1,1,68.0,32.0,18.0,6.0,3.0,3.0,7.0,2.0,15.0,0.0,1,2,0,0,8.0,13.0,2.0,2.0,16.0,9.0,22.0,20.0,2.0,2.0,1369.165421794678,1432.274470591234,-1.8655634642882433,61.24348533226763,15.0,13.8,4.2,4.0,53.8,1.0,0.6,2.0,0.6,2.4,14.0,16.0,7.2,5.2,44.0,3.0,1.4,2.2,1.2,2.0,1.0,2.0,,,
S6AdA1u4,2022,2023-04-03 17:30:00,,CS Mioveni,Chindia Targoviste,0,1,54.0,46.0,7.0,13.0,4.0,4.0,3.0,5.0,2.0,7.0,1,2,0,0,9.0,22.0,2.0,3.0,24.0,11.0,31.0,28.0,3.0,4.0,1117.7360254015248,1171.380340484526,7.603197353022551,61.247512436023825,13.0,8.8,2.6,2.6,48.8,0.8,1.8,0.8,1.6,3.8,16.0,11.4,3.4,3.8,45.8,0.2,1.2,0.4,2.0,2.2,2.0,1.0,,,
pjXxTCj7,2022,2023-04-03 20:30:00,,Sepsi Sf. Gheorghe,FCSB,1,2,58.0,42.0,13.0,9.0,3.0,4.0,6.0,2.0,4.0,6.0,2,1,0,0,17.0,13.0,1.0,4.0,17.0,18.0,28.0,35.0,2.0,2.0,1298.2383664856113,1400.8171412746906,-42.09767255435827,60.48110223472096,15.0,10.4,4.0,3.4,52.8,1.4,1.4,0.8,1.8,3.0,16.0,18.2,6.6,6.4,53.8,1.8,1.2,2.0,1.2,2.8,0.3333333333333333,2.3333333333333335,,,
ENC87aPM,2022,2023-04-08 15:00:00,,FC Voluntari,UTA Arad,1,1,47.0,53.0,10.0,12.0,5.0,5.0,3.0,2.0,2.0,7.0,2,2,0,0,9.0,20.0,4.0,0.0,20.0,13.0,28.0,20.0,4.0,4.0,1229.2135788505532,1172.2513422827076,116.78377180518305,59.8215352373375,6.0,15.0,5.0,4.2,47.2,1.4,0.4,1.8,1.8,3.0,7.0,12.2,3.4,6.0,49.8,1.4,1.2,1.2,2.2,3.2,2.3333333333333335,0.3333333333333333,,,
6c909LfA,2022,2023-04-08 17:30:00,,U Cluj,U Craiova 1948,1,3,46.0,54.0,15.0,13.0,1.0,6.0,9.0,5.0,2.0,5.0,2,1,1,0,16.0,9.0,1.0,3.0,12.0,17.0,22.0,13.0,3.0,0.0,1202.3470430763716,1231.6088463219114,30.316717972560582,59.57852121810034,7.0,12.8,5.0,5.6,50.6,1.0,1.2,1.8,2.2,2.4,7.0,14.2,3.6,4.4,52.0,0.8,1.2,1.2,0.4,2.8,0.5,2.0,,,
bgysSW5D,2022,2023-04-08 20:30:00,,Farul Constanta,Univ. Craiova,3,2,55.0,45.0,19.0,7.0,7.0,4.0,6.0,2.0,7.0,4.0,3,0,0,0,15.0,6.0,2.0,2.0,6.0,17.0,26.0,18.0,2.0,4.0,1356.887255457047,1369.2191165114273,46.09368253045068,58.425543584830734,6.0,17.2,5.6,4.2,53.0,1.4,1.0,2.0,2.4,3.4,5.0,14.0,4.2,6.2,54.8,1.2,0.6,2.2,0.6,2.8,1.0,2.0,,,
belu2wmp,2022,2023-04-09 13:00:00,,Chindia Targoviste,FC Hermannstadt,1,2,41.0,59.0,12.0,15.0,6.0,4.0,4.0,9.0,3.0,5.0,5,1,0,1,24.0,13.0,1.0,3.0,16.0,25.0,16.0,28.0,2.0,5.0,1181.5991431685643,1195.1556213443478,45.52014388545399,59.07662206123756,5.0,12.0,3.8,4.6,49.4,0.4,0.8,1.0,1.6,2.2,7.0,9.25,2.25,3.75,44.0,0.8,0.6,1.6,2.4,4.25,2.3333333333333335,0.3333333333333333,,,
dn2D6JvT,2022,2023-04-09 15:30:00,,FC Botosani,FC Arges,1,0,53.0,47.0,12.0,7.0,2.0,2.0,7.0,3.0,5.0,4.0,2,0,0,0,12.0,11.0,2.0,1.0,14.0,14.0,27.0,25.0,2.0,1.0,1198.3710865772775,1106.2899241908347,150.31007973243982,58.228917345997,7.0,13.5,3.75,5.0,55.5,0.8,1.0,1.0,2.0,2.25,7.0,9.4,2.6,2.6,48.2,0.0,1.2,0.2,2.0,3.4,1.3333333333333333,1.3333333333333333,,,
0bFPjGrE,2022,2023-04-09 21:00:00,,CFR Cluj,FCSB,1,1,43.0,57.0,18.0,13.0,9.0,5.0,7.0,3.0,4.0,5.0,2,3,0,0,14.0,15.0,2.0,3.0,18.0,15.0,27.0,23.0,4.0,8.0,1432.2207758744846,1409.6113679064702,81.28268940444968,58.6732814364353,7.0,14.0,5.4,3.8,40.4,2.2,1.2,1.8,1.4,2.2,6.0,15.4,6.0,6.6,52.8,1.8,1.2,2.0,1.2,3.2,1.0,2.0,,,
0K848uAG,2022,2023-04-10 17:30:00,,Petrolul Ploiesti,CS Mioveni,2,0,43.0,57.0,4.0,9.0,2.0,1.0,2.0,2.0,3.0,1.0,1,1,0,0,16.0,10.0,2.0,2.0,12.0,18.0,34.0,35.0,1.0,0.0,1190.59153670563,1107.5172227174864,141.57526525882963,58.50095127068607,9.0,12.8,3.8,2.8,44.0,0.8,1.0,1.8,2.2,3.8,7.0,8.6,2.6,2.2,50.8,0.6,1.6,0.8,1.2,4.0,0.5,2.0,,,
xOxgZmDt,2022,2023-04-10 20:30:00,,Sepsi Sf. Gheorghe,Rapid Bucuresti,2,0,39.0,61.0,13.0,7.0,6.0,2.0,4.0,4.0,7.0,1.0,3,3,0,0,13.0,10.0,3.0,4.0,13.0,15.0,28.0,27.0,2.0,4.0,1289.4441398538318,1307.2120845949642,41.38389517252108,59.15183991365341,7.0,12.0,4.4,3.4,53.6,1.6,1.4,0.8,2.2,2.4,8.0,14.2,4.8,5.4,53.4,1.2,1.4,1.0,1.6,3.6,0.0,3.0,,,
SUhq1c2j,2022,2023-04-14 18:00:00,,U Craiova 1948,FC Voluntari,3,3,49.0,51.0,10.0,17.0,4.0,4.0,2.0,10.0,4.0,6.0,0,1,0,0,5.0,9.0,0.0,4.0,14.0,5.0,13.0,26.0,1.0,1.0,1246.9818814321727,1225.973391927391,81.09524589737771,60.08675639259593,6.0,13.6,4.0,3.8,54.8,1.2,1.4,1.2,0.6,2.2,6.0,13.4,4.8,4.2,47.6,1.0,0.6,1.4,1.8,3.4,1.0,2.0,2.12,3.22,3.36
AgIT89Ld,2022,2023-04-14 21:00:00,,UTA Arad,FC Botosani,0,2,60.0,40.0,12.0,9.0,1.0,2.0,8.0,6.0,6.0,1.0,2,4,0,0,15.0,19.0,1.0,2.0,21.0,16.0,35.0,22.0,0.0,1.0,1175.4915292058697,1204.295941116455,31.110397630313173,59.914809540898396,6.0,12.0,4.2,5.4,48.8,1.4,1.0,1.4,2.0,3.4,5.0,12.75,3.25,4.5,55.75,0.8,0.6,1.6,1.8,2.25,2.0,1.0,1.97,3.15,3.93
GjLy7mj9,2022,2023-04-15 12:00:00,,CS Mioveni,FC Hermannstadt,0,2,55.0,45.0,8.0,13.0,2.0,7.0,5.0,3.0,4.0,3.0,2,0,0,0,16.0,9.0,2.0,2.0,11.0,18.0,27.0,22.0,5.0,2.0,1098.838707477922,1206.4583508808887,-48.86021562320752,58.75942777975918,4.0,7.0,2.4,1.6,51.2,0.6,1.4,0.8,1.0,3.4,5.0,10.75,2.75,3.75,46.0,1.2,0.6,2.2,1.6,5.0,1.0,2.0,3.38,2.94,2.26
SCV5Woca,2022,2023-04-15 19:00:00,,CFR Cluj,Sepsi Sf. Gheorghe,2,1,48.0,52.0,23.0,5.0,11.0,1.0,8.0,3.0,6.0,2.0,1,2,0,1,10.0,15.0,3.0,1.0,3.0,2.0,19.0,19.0,0.0,9.0,1429.9230403311615,1301.9096929063987,185.86030112835988,57.846953703597116,5.0,14.6,6.2,4.0,40.6,2.0,1.2,1.4,1.6,3.0,4.0,12.6,4.8,4.2,49.8,1.6,1.0,1.2,2.6,2.4,2.3333333333333335,0.3333333333333333,1.85,3.29,4.29
6Lim0HHd,2022,2023-04-16 18:15:00,,Petrolul Ploiesti,U Cluj,0,2,60.0,40.0,10.0,10.0,3.0,6.0,3.0,0.0,2.0,6.0,3,4,0,0,9.0,12.0,2.0,2.0,14.0,11.0,32.0,30.0,4.0,3.0,1199.2700519451944,1186.9740079661103,70.52613143544863,58.23008745636455,6.0,11.4,3.2,3.0,45.0,1.0,0.2,2.4,2.0,2.4,8.0,14.6,4.6,4.8,50.0,1.0,1.8,1.2,2.4,2.6,3.0,0.0,2.84,2.99,2.54
plt1XRsg,2022,2023-04-16 21:00:00,,Univ. Craiova,Rapid Bucuresti,3,1,73.0,27.0,26.0,5.0,10.0,2.0,10.0,2.0,11.0,1.0,2,3,0,1,9.0,12.0,4.0,1.0,13.0,12.0,27.0,16.0,1.0,7.0,1360.5380701593363,1294.7465315423972,122.74857120738534,56.95703259044633,8.0,13.2,4.2,6.4,51.2,1.4,1.2,1.6,0.4,3.2,6.0,13.6,4.4,4.6,56.0,0.8,1.6,0.4,1.8,3.8,1.3333333333333333,1.3333333333333333,1.84,3.39,4.15
MTLX7Tz3,2022,2023-04-17 17:30:00,,FC Arges,Chindia Targoviste,1,0,41.0,59.0,7.0,13.0,1.0,4.0,4.0,4.0,1.0,8.0,4,2,0,0,8.0,13.0,1.0,3.0,15.0,9.0,28.0,37.0,4.0,0.0,1100.3650696516572,1170.2964136320234,-12.27353090852398,57.657813071842135,8.0,9.6,2.6,3.4,50.2,0.0,1.2,0.2,1.4,3.0,8.0,13.2,4.8,4.8,47.2,0.6,1.2,0.8,2.0,2.0,1.6666666666666667,0.6666666666666666,3.57,2.9,2.21
6cscY7Sn,2022,2023-04-17 20:30:00,,FCSB,Farul Constanta,2,1,41.0,59.0,17.0,11.0,7.0,2.0,7.0,7.0,9.0,8.0,2,2,0,0,11.0,13.0,0.0,5.0,17.0,11.0,21.0,24.0,1.0,5.0,1411.9091034497933,1365.5683018091381,104.77509824310391,58.434296602448796,7.0,13.6,4.6,5.2,51.8,1.2,1.2,1.6,1.6,4.0,9.0,17.4,5.6,3.6,54.8,1.6,1.4,2.0,2.6,3.6,1.0,2.0,1.9,3.49,3.78
C0XHTqsI,2022,2023-04-21 20:30:00,,Sepsi Sf. Gheorghe,Univ. Craiova,1,2,66.0,34.0,15.0,7.0,2.0,4.0,7.0,1.0,5.0,5.0,2,2,0,1,14.0,13.0,3.0,4.0,17.0,16.0,22.0,17.0,2.0,1.0,1296.8012428694997,1369.8818099112802,-14.115829904054863,58.96473713772562,6.0,11.8,4.6,4.2,49.0,1.8,1.2,1.2,2.4,3.4,4.0,16.4,5.4,7.4,56.0,1.8,1.4,1.6,0.8,2.8,1.3333333333333333,1.3333333333333333,2.75,3.18,2.5
d8uMowK0,2022,2023-04-22 15:00:00,,FC Hermannstadt,FC Arges,2,1,48.0,52.0,7.0,9.0,2.0,2.0,3.0,2.0,3.0,1.0,2,2,0,0,6.0,11.0,1.0,0.0,11.0,7.0,30.0,23.0,1.0,0.0,1218.6246718963828,1110.7181833930795,166.1516803541183,58.245191850814926,7.0,12.0,4.0,4.25,48.0,1.4,0.6,2.2,1.2,4.0,4.0,9.2,2.4,2.6,49.0,0.2,1.2,0.6,1.4,3.2,2.3333333333333335,0.3333333333333333,1.8,3.24,4.66
fsKu675F,2022,2023-04-22 17:30:00,,FC Botosani,U Craiova 1948,0,0,46.0,54.0,12.0,6.0,1.0,3.0,9.0,2.0,4.0,7.0,1,1,0,0,9.0,17.0,1.0,1.0,19.0,10.0,18.0,26.0,3.0,1.0,1219.701031264978,1244.6892567428722,33.673351879446955,58.66157735734123,7.0,10.75,3.0,3.25,50.75,1.2,0.4,2.2,2.0,1.75,7.0,12.4,4.2,4.0,52.8,1.8,1.8,1.4,0.6,2.0,2.0,1.0,2.41,3.1,2.94
vmZ9V5C5,2022,2023-04-22 20:30:00,,Farul Constanta,CFR Cluj,1,0,56.0,44.0,17.0,11.0,5.0,2.0,8.0,6.0,5.0,0.0,2,2,0,0,8.0,6.0,0.0,1.0,4.0,9.0,14.0,25.0,2.0,4.0,1358.4957613387805,1435.0314903680605,-17.94661469502944,58.58911433425053,5.0,17.8,5.8,5.0,55.2,1.8,1.4,2.0,2.8,3.2,7.0,16.2,7.6,4.0,41.8,2.0,1.0,1.8,1.4,2.6,1.0,2.0,2.38,3.07,3.01
r5yInJ4f,2022,2023-04-23 14:00:00,,Chindia Targoviste,UTA Arad,2,1,40.0,60.0,7.0,7.0,5.0,3.0,1.0,3.0,2.0,3.0,3,1,0,0,12.0,8.0,1.0,1.0,9.0,13.0,33.0,41.0,2.0,3.0,1159.943299890601,1160.0864390573468,59.23468163024927,59.37782079699491,5.0,13.6,4.8,6.2,48.2,0.6,1.0,0.8,2.2,1.8,8.0,11.6,3.2,6.4,51.6,0.8,1.2,0.8,1.8,2.8,1.3333333333333333,1.3333333333333333,2.53,2.93,2.94
Y9YDUPRB,2022,2023-04-23 20:30:00,,Rapid Bucuresti,FCSB,1,0,38.0,62.0,8.0,23.0,1.0,9.0,4.0,8.0,3.0,6.0,5,3,0,0,23.0,20.0,0.0,0.0,20.0,24.0,22.0,29.0,9.0,0.0,1285.4027917904532,1418.9816439201509,-73.57767498324984,60.001177146447915,6.0,11.6,3.6,3.8,48.8,1.0,2.0,0.4,2.0,5.0,6.0,14.0,5.2,5.8,49.2,1.4,0.8,2.2,1.4,3.6,1.0,2.0,3.89,3.65,1.83
lrxEmakl,2022,2023-04-24 17:30:00,,U Cluj,CS Mioveni,1,0,63.0,37.0,21.0,4.0,7.0,2.0,6.0,1.0,13.0,2.0,2,3,0,0,16.0,13.0,4.0,2.0,15.0,20.0,25.0,20.0,2.0,6.0,1203.9480728450199,1086.672386462428,178.1833611359218,60.90767475332996,7.0,11.8,4.0,4.8,49.4,1.0,1.8,1.2,2.4,3.0,9.0,7.4,2.2,2.0,53.0,0.2,1.8,0.2,1.2,3.6,2.0,0.5,1.41,4.09,7.99
AiwAluzr,2022,2023-04-24 20:30:00,,FC Voluntari,Petrolul Ploiesti,2,2,54.0,46.0,7.0,6.0,5.0,4.0,2.0,2.0,4.0,1.0,3,3,1,0,11.0,13.0,2.0,2.0,15.0,12.0,28.0,23.0,2.0,3.0,1228.2660166166916,1182.2959870662849,107.27358048747351,61.30355093706685,10.0,14.0,5.0,4.6,47.2,1.6,1.2,1.4,1.8,3.2,8.0,10.0,3.2,3.0,46.8,1.0,0.4,2.4,2.6,2.6,1.5,1.5,1.9,3.43,3.84
vXUQpcZ6,2022,2023-04-28 20:30:00,,U Craiova 1948,Chindia Targoviste,1,0,56.0,44.0,11.0,6.0,7.0,4.0,4.0,2.0,4.0,2.0,1,2,0,0,13.0,14.0,1.0,1.0,,,,,4.0,6.0,1245.6554303840815,1168.2547178833079,138.47978322567428,61.0790707249006,6.0,12.2,4.8,4.6,53.0,1.8,1.0,1.6,0.6,1.2,5.0,11.4,4.4,5.2,45.4,0.8,1.0,1.2,2.6,2.0,0.6666666666666666,1.6666666666666667,1.86,3.32,4.21
hfLK6vdQ,2022,2023-04-29 14:30:00,,CS Mioveni,FC Arges,0,2,44.0,56.0,5.0,13.0,4.0,7.0,1.0,6.0,0.0,8.0,0,1,0,0,12.0,17.0,5.0,1.0,,,,,5.0,4.0,1081.394037345936,1105.1663766393954,37.772683476341626,61.545022769800994,4.0,7.0,2.2,1.8,50.6,0.0,1.8,0.0,1.4,4.0,6.0,9.0,2.2,2.0,48.4,0.4,1.4,0.6,1.8,2.8,0.3333333333333333,2.3333333333333335,5.63,3.36,1.67
INTUqHlD,2022,2023-04-29 17:00:00,,Petrolul Ploiesti,FC Botosani,1,0,43.0,57.0,10.0,5.0,1.0,1.0,9.0,4.0,3.0,3.0,2,3,0,0,15.0,11.0,3.0,2.0,,,,,1.0,0.0,1185.289056561835,1218.7348576237687,26.923700315659516,60.36950137759327,4.0,8.8,3.4,2.8,47.0,1.2,0.8,2.0,2.6,2.6,6.0,11.5,2.0,3.75,49.5,1.0,0.2,2.2,1.8,2.25,1.5,1.5,2.59,2.92,2.85
UySMS3dO,2022,2023-04-29 21:45:00,,Sepsi Sf. Gheorghe,Farul Constanta,1,1,48.0,52.0,8.0,9.0,4.0,5.0,4.0,4.0,1.0,3.0,4,2,0,0,13.0,15.0,1.0,6.0,,,,,4.0,3.0,1287.2073057106904,1369.0118475087056,-20.743043840314158,61.061497957700915,8.0,11.4,3.2,4.0,52.8,1.2,1.6,0.6,2.0,3.8,7.0,15.8,5.4,5.8,56.6,1.6,1.2,2.0,2.2,3.0,0.0,3.0,3.08,3.28,2.24
pl2Wn7st,2022,2023-04-30 21:00:00,,Univ. Craiova,FCSB,1,2,56.0,44.0,16.0,5.0,8.0,3.0,8.0,2.0,12.0,4.0,3,6,0,0,9.0,18.0,1.0,2.0,,,,,1.0,7.0,1379.4757470700895,1406.8950091617237,33.686960198563156,61.10622229019739,9.0,14.8,5.4,7.8,51.6,1.8,1.4,1.6,1.2,2.4,7.0,15.4,6.0,6.6,52.8,1.2,1.0,1.6,2.0,3.2,1.6666666666666667,0.6666666666666666,2.57,3.2,2.66
WvXB80RD,2022,2023-05-01 15:00:00,,U Cluj,FC Voluntari,2,3,41.0,59.0,4.0,16.0,2.0,6.0,2.0,10.0,1.0,6.0,1,1,1,0,10.0,15.0,0.0,4.0,,,,,3.0,0.0,1209.2264219615117,1225.2729471211414,44.2372050058907,60.28373016552034,6.0,14.6,4.8,7.0,52.6,1.2,1.0,1.8,2.2,2.2,6.0,12.6,5.6,4.8,48.8,1.8,1.4,1.4,2.2,2.4,2.0,0.5,,,
8SQQRNBU,2022,2023-05-01 20:30:00,,Rapid Bucuresti,CFR Cluj,3,1,46.0,54.0,12.0,20.0,4.0,3.0,8.0,17.0,2.0,12.0,2,3,0,0,10.0,11.0,0.0,1.0,,,,,2.0,1.0,1297.4894265488804,1424.5154041981355,-67.58722845530679,59.43874919394827,8.0,11.2,3.0,3.4,46.2,1.0,1.6,1.0,2.8,5.8,9.0,14.2,6.0,2.4,40.0,1.2,1.2,1.2,1.8,2.8,1.3333333333333333,1.3333333333333333,,,
AVVF7KtK,2022,2023-05-02 20:00:00,,UTA Arad,FC Hermannstadt,1,0,56.0,44.0,13.0,9.0,6.0,3.0,7.0,6.0,9.0,2.0,0,0,0,0,8.0,9.0,1.0,0.0,,,,,3.0,5.0,1151.77502106464,1224.1764786500669,-11.69828012210678,60.703177463320145,9.0,10.0,3.0,5.4,54.8,0.8,1.2,0.8,1.8,3.0,10.0,11.25,3.75,4.0,49.75,1.6,0.8,2.2,1.2,3.5,0.3333333333333333,2.3333333333333335,,,
K45aadl0,2022,2023-05-05 17:30:00,,FC Voluntari,CS Mioveni,1,0,53.0,47.0,10.0,4.0,3.0,0.0,7.0,4.0,4.0,3.0,1,3,0,0,16.0,12.0,3.0,0.0,,,,,0.0,2.0,1236.5393600754358,1065.7204187831665,232.29736198453747,61.47842069226826,4.0,13.0,5.4,4.2,50.0,2.2,1.6,1.8,1.8,2.2,6.0,6.6,2.6,1.8,49.4,0.0,1.6,0.0,1.4,3.8,2.3333333333333335,0.3333333333333333,1.2,6.03,13.54
OxCj1IJm,2022,2023-05-05 20:30:00,,Chindia Targoviste,Petrolul Ploiesti,1,2,50.0,50.0,12.0,10.0,5.0,4.0,7.0,6.0,8.0,4.0,3,4,0,0,8.0,8.0,4.0,3.0,11.0,12.0,32.0,25.0,2.0,4.0,1162.0420239513026,1194.515677629937,29.316720611281426,61.79037428991589,7.0,10.2,4.6,4.4,46.0,0.8,1.0,1.2,2.8,2.8,6.0,8.2,2.6,3.0,46.8,1.2,0.8,2.0,2.4,2.2,1.5,1.5,2.25,2.95,3.42
2TAf0xZg,2022,2023-05-06 12:30:00,,FC Botosani,U Cluj,0,0,57.0,43.0,8.0,4.0,2.0,2.0,6.0,2.0,5.0,5.0,1,1,0,0,10.0,11.0,1.0,3.0,14.0,11.0,21.0,23.0,2.0,2.0,1209.5082365556666,1197.9600090072174,72.52546638091371,60.97723883246451,6.0,9.5,1.5,3.25,49.0,0.8,0.4,1.6,2.0,1.5,4.0,12.6,4.0,5.6,49.0,1.2,1.6,1.2,2.4,2.4,0.5,2.0,,,
bi6znRdn,2022,2023-05-06 21:30:00,,Farul Constanta,Rapid Bucuresti,7,2,64.0,36.0,19.0,8.0,10.0,3.0,9.0,5.0,3.0,7.0,1,5,0,0,12.0,14.0,1.0,1.0,14.0,13.0,16.0,14.0,1.0,3.0,1368.4155230754193,1314.3484701405055,114.88996800576206,60.8229150708482,6.0,14.6,5.2,5.4,56.8,1.4,1.2,1.6,2.2,3.0,5.0,9.2,2.6,1.8,42.0,1.2,1.4,1.4,3.2,5.6,1.6666666666666667,0.6666666666666666,,,
tGeuooCh,2022,2023-05-07 21:00:00,,CFR Cluj,Univ. Craiova,1,1,44.0,56.0,11.0,15.0,3.0,5.0,8.0,10.0,4.0,6.0,1,1,0,0,14.0,15.0,0.0,3.0,,,4.0,1.0,4.0,2.0,1407.6563606065104,1368.5091854077289,101.11194133357708,61.96476613479549,6.0,15.6,5.6,4.4,44.2,1.0,1.4,1.0,2.0,2.2,7.0,14.8,5.8,9.4,55.2,1.8,1.6,1.4,1.6,1.8,1.3333333333333333,1.3333333333333333,,,
UFCn2b4s,2022,2023-05-08 16:30:00,,FC Hermannstadt,U Craiova 1948,0,0,45.0,55.0,12.0,6.0,4.0,1.0,8.0,5.0,9.0,3.0,5,1,0,0,14.0,9.0,0.0,0.0,9.0,14.0,15.0,18.0,1.0,4.0,1213.839902264092,1251.8681243160868,23.724236613378253,61.75245866537302,5.0,11.0,4.0,3.25,49.0,1.4,0.8,2.0,0.6,3.25,9.0,10.4,4.4,4.8,54.2,1.4,1.0,1.6,0.8,1.6,2.0,0.5,,,
be43bG36,2022,2023-05-08 18:30:00,,FC Arges,UTA Arad,2,2,50.0,50.0,11.0,12.0,5.0,5.0,6.0,7.0,4.0,1.0,3,4,0,0,16.0,12.0,5.0,1.0,13.0,21.0,31.0,13.0,3.0,3.0,1120.839995202165,1162.111597450615,20.42972298375753,61.70132523220733,9.0,10.2,3.2,3.2,51.4,0.8,1.0,1.2,1.8,2.8,5.0,10.2,3.6,6.0,54.8,1.0,1.0,1.4,1.4,2.8,3.0,0.0,,,
K6fqp5Rb,2022,2023-05-08 21:00:00,,FCSB,Sepsi Sf. Gheorghe,3,1,46.0,54.0,11.0,9.0,7.0,5.0,4.0,4.0,5.0,6.0,2,3,0,0,12.0,12.0,0.0,2.0,14.0,12.0,21.0,19.0,4.0,4.0,1417.8615708240843,1287.8036301439768,191.71521556817243,61.657274888064904,8.0,13.4,5.6,6.0,49.2,1.4,1.0,2.0,3.0,3.6,8.0,10.8,3.2,3.8,52.6,1.2,1.4,0.8,2.6,3.8,3.0,0.0,,,
plpbKcQP,2022,2023-05-12 17:30:00,,FC Voluntari,FC Botosani,2,0,44.0,56.0,12.0,18.0,9.0,0.0,3.0,18.0,5.0,9.0,2,3,0,0,11.0,14.0,4.0,0.0,14.0,15.0,22.0,25.0,0.0,7.0,1240.698741377404,1207.4505864007824,95.43377798266147,62.18562300603986,7.0,12.0,4.6,4.4,52.8,2.0,1.6,1.8,1.6,1.4,6.0,9.2,1.6,3.6,50.6,0.6,0.2,1.6,2.2,1.6,1.3333333333333333,1.3333333333333333,,,
lnrds3BH,2022,2023-05-12 20:30:00,,Rapid Bucuresti,Sepsi Sf. Gheorghe,0,0,54.0,46.0,11.0,7.0,3.0,2.0,8.0,5.0,6.0,5.0,3,1,0,0,8.0,12.0,0.0,3.0,15.0,8.0,29.0,23.0,2.0,3.0,1299.1237892878748,1280.7589885709774,81.3268538622226,62.962053145325136,5.0,8.0,2.4,2.8,41.6,1.4,2.6,1.2,3.6,5.0,3.0,10.0,3.6,4.2,51.8,1.2,1.6,0.8,2.8,4.2,2.0,1.0,,,
4h7BdfYI,2022,2023-05-13 14:30:00,,Petrolul Ploiesti,FC Hermannstadt,0,1,60.0,40.0,11.0,3.0,4.0,2.0,7.0,1.0,2.0,2.0,2,1,0,0,16.0,11.0,0.0,5.0,16.0,16.0,31.0,26.0,1.0,4.0,1205.3574837292888,1213.1581231552161,54.98899325302341,62.78963267895085,7.0,8.0,2.8,2.6,48.4,1.4,1.0,2.0,2.6,2.6,4.0,11.2,4.0,4.4,48.2,1.2,0.6,2.0,1.6,2.8,1.5,1.5,2.96,2.96,2.48
6cofLwBJ,2022,2023-05-13 19:00:00,,U Cluj,Chindia Targoviste,2,0,57.0,43.0,10.0,9.0,5.0,2.0,5.0,7.0,4.0,4.0,3,2,0,0,4.0,14.0,1.0,0.0,14.0,5.0,29.0,19.0,2.0,3.0,1200.0176591621016,1151.2002178519508,110.73935203506198,61.92191072491116,7.0,10.8,3.6,5.4,46.6,1.2,1.2,1.4,2.0,2.6,7.0,10.0,4.8,4.6,46.8,0.8,1.4,0.6,3.0,2.4,2.0,0.5,1.99,3.13,3.89
SWgmqPt5,2022,2023-05-13 21:30:00,,Univ. Craiova,Farul Constanta,1,1,64.0,36.0,33.0,3.0,7.0,1.0,26.0,2.0,9.0,1.0,2,4,0,1,17.0,5.0,0.0,0.0,5.0,17.0,26.0,18.0,0.0,6.0,1371.3399516666952,1383.64020392805,50.35525211214076,62.65550437349539,6.0,14.2,6.2,7.6,52.8,1.8,1.6,1.4,1.6,1.8,7.0,15.0,5.8,5.2,57.2,2.6,1.4,2.0,2.0,2.6,1.0,2.0,2.24,3.2,3.13
xtxQFHYt,2022,2023-05-14 13:30:00,,CS Mioveni,UTA Arad,0,2,48.0,52.0,11.0,17.0,4.0,5.0,7.0,12.0,6.0,9.0,1,1,0,0,10.0,14.0,2.0,0.0,14.0,12.0,29.0,20.0,3.0,4.0,1061.5610374811981,1162.698935372514,-38.59033929161524,62.547558599700515,8.0,6.0,1.8,2.0,48.0,0.0,1.6,0.0,1.8,3.6,5.0,11.2,4.0,5.2,55.8,1.0,1.4,1.0,1.8,2.6,1.3333333333333333,1.3333333333333333,8.11,4.6,1.36
hI37czJC,2022,2023-05-14 18:15:00,,U Craiova 1948,FC Arges,2,1,62.0,38.0,10.0,7.0,5.0,2.0,5.0,5.0,1.0,3.0,3,3,0,1,14.0,17.0,1.0,3.0,20.0,15.0,13.0,20.0,1.0,3.0,1252.5499034249626,1120.252657280266,193.90147204740333,61.60422590270665,6.0,9.2,4.2,4.6,53.6,1.4,0.8,1.8,0.8,2.0,5.0,9.4,3.4,3.6,49.2,1.2,1.0,1.4,2.0,2.4,3.0,0.0,1.8,3.4,4.38
6NhirqdB,2022,2023-05-14 21:00:00,,FCSB,CFR Cluj,1,0,52.0,48.0,11.0,11.0,4.0,0.0,7.0,11.0,8.0,4.0,3,3,0,0,15.0,20.0,0.0,0.0,20.0,15.0,29.0,22.0,0.0,3.0,1424.9062123970837,1404.825594347544,82.0549229254234,61.974304875883675,6.0,13.8,6.2,5.8,50.0,1.6,1.0,2.0,3.2,4.0,7.0,16.6,5.6,5.2,46.6,1.0,1.4,1.0,1.8,2.6,1.3333333333333333,1.3333333333333333,1.91,3.33,3.97
CbUxDFIa,2022,2023-05-19 17:30:00,,FC Hermannstadt,U Cluj,1,2,38.0,62.0,9.0,16.0,5.0,6.0,4.0,10.0,5.0,7.0,0,0,0,0,10.0,14.0,1.0,1.0,15.0,11.0,16.0,13.0,4.0,4.0,1224.7277492090786,1209.7989078098915,77.47923792860206,62.55039652941485,6.0,8.8,3.6,3.8,44.4,1.0,0.4,2.0,1.6,2.6,5.0,9.8,4.4,5.8,48.8,1.4,0.6,2.0,2.2,2.4,0.0,3.0,2.17,3.0,3.65
GWzUEylm,2022,2023-05-19 20:00:00,,UTA Arad,U Craiova 1948,1,1,36.0,64.0,8.0,8.0,4.0,2.0,4.0,6.0,6.0,4.0,1,1,0,0,12.0,7.0,1.0,1.0,8.0,13.0,17.0,25.0,1.0,3.0,1175.2767046657655,1257.4842897339897,-20.57172247137305,61.63586259685124,5.0,12.2,4.0,5.6,55.6,1.2,1.2,1.4,1.6,2.6,5.0,8.6,4.0,3.8,55.2,1.2,0.8,1.8,1.2,2.2,1.3333333333333333,1.3333333333333333,1.95,3.13,4.08
beQYDe3g,2022,2023-05-19 20:00:00,,FC Arges,Petrolul Ploiesti,3,0,46.0,54.0,5.0,4.0,4.0,1.0,1.0,3.0,6.0,5.0,1,4,0,2,7.0,8.0,0.0,1.0,9.0,7.0,12.0,11.0,1.0,1.0,1115.318270971239,1193.7878576754263,-16.78936829743452,61.68021840675279,5.0,9.4,3.4,3.4,47.4,1.4,1.2,1.4,2.6,2.8,6.0,9.4,3.2,2.4,51.8,1.0,1.2,1.4,2.8,2.6,0.0,3.0,1.87,3.35,4.12
6LTtCZX5,2022,2023-05-19 20:00:00,,Chindia Targoviste,FC Voluntari,2,2,50.0,50.0,10.0,6.0,4.0,4.0,6.0,2.0,1.0,3.0,2,6,0,0,10.0,16.0,0.0,1.0,17.0,10.0,16.0,23.0,2.0,2.0,1141.418969204161,1251.051143234541,-46.59019202531954,63.04198200506056,6.0,9.4,4.0,4.8,47.2,0.6,1.4,0.6,2.4,2.6,7.0,12.4,5.4,5.0,52.2,2.2,1.4,2.2,1.6,0.6,1.6666666666666667,0.6666666666666666,1.71,3.45,5.06
pCSpBgmC,2022,2023-05-20 14:45:00,,FC Botosani,CS Mioveni,5,1,60.0,40.0,18.0,7.0,10.0,3.0,8.0,4.0,7.0,3.0,1,1,0,0,11.0,11.0,3.0,1.0,12.0,14.0,19.0,24.0,2.0,5.0,1197.0981845436454,1048.9832681879466,211.25687284158676,63.141956485887945,7.0,10.4,1.2,4.4,51.2,0.4,0.6,1.0,2.4,2.6,6.0,6.4,2.4,3.0,46.2,0.0,1.6,0.0,1.8,4.2,1.6666666666666667,0.6666666666666666,1.24,5.43,11.72
bLXVz1lo,2022,2023-05-20 20:30:00,,Sepsi Sf. Gheorghe,CFR Cluj,1,2,52.0,48.0,9.0,17.0,2.0,8.0,7.0,9.0,5.0,4.0,0,4,0,0,12.0,10.0,2.0,2.0,12.0,14.0,13.0,21.0,6.0,1.0,1283.0579281226346,1397.1443723004618,-50.258613107554766,63.82783107027232,8.0,8.8,2.8,3.8,53.2,0.8,1.6,0.4,2.4,4.4,5.0,15.2,3.8,5.2,47.6,0.8,1.4,0.8,2.0,2.4,0.3333333333333333,2.3333333333333335,3.49,3.28,2.06
2kn0tNQN,2022,2023-05-21 21:00:00,,Farul Constanta,FCSB,3,2,62.0,38.0,17.0,12.0,6.0,6.0,11.0,6.0,9.0,2.0,6,1,0,0,17.0,18.0,2.0,2.0,20.0,19.0,16.0,23.0,4.0,3.0,1385.0794809119816,1432.5874344441659,15.677619013085632,63.18557254526991,7.0,11.8,4.6,4.0,53.4,2.2,1.2,1.6,2.2,3.4,7.0,13.4,6.0,6.4,49.0,1.6,0.8,2.4,3.2,2.4,2.0,1.0,2.49,3.33,2.66
dCo4ustU,2022,2023-05-22 20:30:00,,Rapid Bucuresti,Univ. Craiova,2,3,63.0,37.0,17.0,10.0,6.0,6.0,11.0,4.0,3.0,1.0,2,4,0,1,9.0,10.0,1.0,0.0,10.0,10.0,21.0,21.0,3.0,4.0,1296.8248497362176,1369.9006746827636,-9.174072311250711,63.90175263529523,10.0,8.8,2.6,3.8,40.2,1.4,2.2,1.4,3.6,4.6,8.0,19.4,6.8,8.6,56.6,1.6,1.2,1.6,2.0,1.0,1.3333333333333333,1.3333333333333333,3.3,3.37,2.09
zoPs12g8,2022,2023-05-26 20:00:00,,U Craiova 1948,FC Voluntari,4,3,56.0,44.0,22.0,12.0,9.0,6.0,13.0,6.0,3.0,6.0,4,6,0,1,11.0,15.0,1.0,2.0,17.0,12.0,33.0,30.0,3.0,6.0,1256.8928789353024,1249.7181501568425,70.34628063944638,63.171551860986526,7.0,8.2,3.6,3.8,58.2,0.8,0.4,1.8,1.4,2.6,7.0,10.2,5.4,4.4,52.0,2.0,1.2,2.2,2.6,0.8,1.3333333333333333,1.3333333333333333,2.47,3.11,2.83
ETFIb4th,2022,2023-05-27 20:30:00,,FCSB,Rapid Bucuresti,1,5,58.0,42.0,16.0,12.0,5.0,8.0,11.0,4.0,4.0,5.0,2,3,1,0,14.0,9.0,1.0,0.0,9.0,15.0,23.0,13.0,3.0,4.0,1423.0383665771617,1287.0888394121016,199.72126600723936,63.771738842179246,5.0,12.4,5.8,5.0,48.4,1.6,1.2,1.8,3.0,2.8,5.0,11.2,3.4,4.2,47.4,1.6,2.2,1.4,3.4,3.8,1.0,2.0,1.47,4.5,5.69
ljbJ1qbf,2022,2023-05-28 14:00:00,,Gloria Buzau,UTA Arad,0,0,42.0,58.0,5.0,12.0,1.0,3.0,4.0,9.0,4.0,6.0,1,1,0,0,20.0,9.0,2.0,2.0,11.0,22.0,24.0,26.0,3.0,1.0,1200.0,1175.8681154644528,85.62526159143158,61.49337705588436,7.0,,,,,,,,,,8.0,11.4,4.6,5.6,50.8,1.4,1.0,1.6,1.4,2.8,,,4.1,3.27,1.86
8jFMcOeb,2022,2023-05-28 21:00:00,,Univ. Craiova,Sepsi Sf. Gheorghe,0,1,46.0,54.0,8.0,10.0,3.0,4.0,5.0,6.0,3.0,5.0,0,7,0,0,7.0,9.0,2.0,0.0,9.0,9.0,17.0,21.0,3.0,3.0,1379.6366850068796,1274.4944811226026,166.45439738505092,61.312193500773894,6.0,16.2,6.0,6.6,49.4,1.6,1.4,1.6,2.4,1.6,8.0,9.6,3.0,4.4,53.2,0.8,1.6,0.4,2.0,3.8,2.3333333333333335,0.3333333333333333,1.37,4.58,7.62
zwHEapRo,2022,2023-05-28 21:00:00,,CFR Cluj,Farul Constanta,1,2,53.0,47.0,11.0,7.0,4.0,4.0,7.0,3.0,6.0,2.0,3,2,1,0,7.0,12.0,0.0,1.0,13.0,7.0,29.0,17.0,2.0,3.0,1405.7078193004938,1394.6285487789858,71.3073255625659,60.22805504105772,8.0,14.0,3.2,4.8,47.6,0.8,1.4,0.8,2.6,2.6,7.0,13.0,5.4,4.2,54.0,2.6,1.2,2.2,3.0,3.2,1.0,2.0,1.35,4.74,7.91
AaaF2Prl,2022,2023-05-29 20:00:00,,Dinamo Bucuresti,FC Arges,6,1,55.0,45.0,10.0,10.0,7.0,2.0,3.0,8.0,2.0,7.0,2,6,0,1,17.0,20.0,0.0,0.0,20.0,17.0,17.0,19.0,1.0,1.0,1091.4182759547327,1133.4751189486758,17.26940832761352,59.32625132155654,364.0,12.6,6.0,7.2,50.8,2.0,1.4,1.6,3.4,3.4,10.0,9.0,4.0,4.4,48.4,1.8,1.2,1.4,2.0,2.2,1.0,2.0,4.26,3.21,1.87
2mBr8vAn,2022,2023-06-01 20:30:00,,CFR Cluj,U Craiova 1948,1,0,52.0,48.0,27.0,13.0,7.0,2.0,20.0,11.0,2.0,5.0,2,6,0,2,17.0,15.0,3.0,3.0,18.0,20.0,19.0,20.0,2.0,6.0,1393.6837697071448,1264.895372017872,189.70841016456916,60.92001247529638,3.0,14.0,3.6,6.0,49.4,1.0,1.6,0.8,2.8,2.2,6.0,11.4,4.8,3.0,58.6,1.6,1.0,2.2,2.0,3.0,2.0,1.0,,,
tQAZarp4,2022,2023-06-03 21:00:00,,FC Arges,Dinamo Bucuresti,4,2,46.0,54.0,15.0,10.0,4.0,5.0,11.0,5.0,8.0,5.0,4,4,1,0,21.0,11.0,0.0,2.0,13.0,21.0,28.0,14.0,3.0,0.0,1112.2249702321446,1112.668424671264,60.853406877343104,61.296861316462284,5.0,9.2,4.0,5.6,47.0,1.8,2.0,1.4,2.8,2.4,5.0,10.4,5.2,5.8,50.0,2.2,1.4,1.6,3.0,3.2,2.0,1.0,,,
AaFwa2aA,2022,2023-06-04 21:00:00,,UTA Arad,Gloria Buzau,5,1,52.0,48.0,15.0,8.0,7.0,2.0,8.0,6.0,7.0,4.0,3,3,0,0,18.0,14.0,2.0,0.0,14.0,20.0,19.0,29.0,1.0,2.0,1178.283896199259,1197.5842192651937,42.87330027993039,62.173623345865074,7.0,12.4,4.6,6.2,50.4,1.2,0.6,1.8,1.4,2.4,7.0,,,,,,,,,,1.0,1.0,,,
GGMGTCvN,2023,2023-07-14 18:30:00,,Otelul Galati,UTA Arad,1,1,44.0,56.0,13.0,8.0,5.0,4.0,8.0,4.0,3.0,3.0,2,2,0,0,20.0,14.0,0.0,1.0,15.0,20.0,24.0,18.0,3.0,4.0,1200.0,1195.8283617986076,67.66109646720861,63.48945826581622,7.0,,,,,,,,,,39.0,12.8,4.8,5.8,49.6,2.0,0.8,1.8,2.0,2.0,,,2.7,2.71,2.95
bZGjNAHj,2023,2023-07-14 21:30:00,,Rapid Bucuresti,Sepsi Sf. Gheorghe,0,0,66.0,34.0,18.0,8.0,6.0,2.0,12.0,6.0,5.0,0.0,2,6,0,0,15.0,21.0,1.0,1.0,22.0,16.0,34.0,19.0,2.0,6.0,1317.4669965627002,1288.949660585485,91.8625548740149,63.345218896799736,48.0,12.0,4.8,4.6,48.2,2.4,2.4,1.4,3.0,2.8,47.0,8.6,3.4,4.4,50.8,0.8,1.2,1.0,3.0,4.0,1.3333333333333333,1.3333333333333333,2.53,3.0,2.85
8jJ8VY9A,2023,2023-07-15 18:30:00,,FC Hermannstadt,Farul Constanta,0,1,47.0,53.0,10.0,9.0,7.0,4.0,3.0,5.0,6.0,2.0,3,6,0,0,14.0,15.0,1.0,0.0,15.0,15.0,22.0,22.0,3.0,7.0,1212.5339634415639,1406.6525983723348,-130.96722199594706,63.15141293482384,57.0,8.0,3.2,4.2,43.0,0.8,0.8,1.4,1.6,3.0,47.0,11.0,5.2,3.6,52.2,2.8,1.4,2.2,3.0,3.4,2.0,0.5,1.88,3.15,4.43
nsICUhPG,2023,2023-07-15 21:30:00,,CFR Cluj,Poli Iasi,2,0,34.0,66.0,7.0,10.0,4.0,4.0,3.0,6.0,3.0,4.0,2,4,0,0,15.0,15.0,3.0,1.0,16.0,18.0,20.0,18.0,4.0,2.0,1398.7084209226903,1053.8350761611869,407.54480212814246,62.671457366638975,44.0,15.4,4.4,4.0,49.0,1.0,1.0,1.4,2.6,2.4,787.0,8.4,5.2,5.0,49.2,1.4,1.8,1.2,3.0,1.4,3.0,0.0,1.42,4.15,7.91
Cx5Yoffi,2023,2023-07-16 18:30:00,,Petrolul Ploiesti,U Cluj,1,1,53.0,47.0,8.0,8.0,4.0,5.0,4.0,3.0,5.0,7.0,0,2,0,0,12.0,12.0,0.0,1.0,13.0,12.0,26.0,24.0,4.0,3.0,1175.6310096979894,1221.9926935774063,16.495140666391762,62.85682454580858,57.0,8.2,2.8,3.0,50.6,1.0,1.4,1.4,3.0,2.0,58.0,11.0,4.4,6.0,53.2,1.4,0.8,2.0,1.4,2.6,2.0,1.0,2.84,2.92,2.61
0lbmOj2p,2023,2023-07-16 21:30:00,,U Craiova 1948,FCSB,1,3,53.0,47.0,9.0,11.0,3.0,8.0,6.0,3.0,6.0,4.0,1,2,0,0,11.0,6.0,0.0,1.0,7.0,11.0,25.0,20.0,5.0,2.0,1259.8707208023266,1392.6602094265631,-69.96824497218813,62.821243652048395,45.0,11.8,3.8,3.2,57.0,1.4,1.2,1.6,3.0,3.4,50.0,11.0,5.0,4.6,47.6,1.8,2.0,1.8,2.8,3.4,0.6666666666666666,1.6666666666666667,3.71,3.45,1.93
jT3xoE9c,2023,2023-07-17 18:30:00,,FC Voluntari,FC Botosani,2,1,45.0,55.0,12.0,8.0,4.0,3.0,8.0,5.0,6.0,3.0,2,2,0,0,15.0,11.0,3.0,0.0,11.0,18.0,19.0,13.0,2.0,2.0,1241.715657074273,1206.2431790021037,97.44382088619795,61.97134281402876,51.0,11.2,5.6,4.8,50.0,2.2,1.6,2.0,3.2,1.6,58.0,12.2,2.8,5.6,55.2,1.0,0.8,1.0,1.8,2.8,2.0,1.0,2.1,3.06,3.65
f7LKSWgT,2023,2023-07-17 21:30:00,,Dinamo Bucuresti,Univ. Craiova,0,2,51.0,49.0,10.0,13.0,2.0,8.0,8.0,5.0,4.0,1.0,4,4,0,0,23.0,19.0,1.0,0.0,19.0,24.0,23.0,10.0,6.0,2.0,1100.9782642792268,1365.1815055439972,-201.68690059427286,62.5163406704977,44.0,11.2,5.2,6.4,52.4,2.0,1.8,1.0,2.6,1.6,50.0,16.4,5.8,6.2,51.8,1.2,1.4,1.0,2.0,2.0,0.0,3.0,4.66,3.79,1.67
xpjbtjOS,2023,2023-07-21 18:30:00,,Sepsi Sf. Gheorghe,U Craiova 1948,1,0,53.0,47.0,16.0,5.0,4.0,1.0,12.0,4.0,7.0,2.0,1,3,1,1,13.0,11.0,0.0,0.0,11.0,13.0,19.0,20.0,1.0,3.0,1291.533740078497,1248.5387096287313,105.00546791179136,62.010437462025756,6.0,8.6,3.0,4.2,48.0,0.6,1.0,1.0,3.4,4.4,4.0,12.4,4.2,3.8,56.6,1.6,1.8,1.4,3.0,3.6,2.0,1.0,1.7,3.61,4.71
necoqhvA,2023,2023-07-21 21:30:00,,UTA Arad,CFR Cluj,1,3,44.0,56.0,6.0,11.0,4.0,5.0,2.0,6.0,5.0,7.0,3,2,0,0,10.0,11.0,0.0,0.0,11.0,10.0,27.0,26.0,2.0,3.0,1197.751553385494,1401.1799833116183,-140.88800651532347,62.540423410800976,7.0,12.0,4.6,6.2,50.8,1.8,0.6,1.8,1.6,2.2,6.0,14.6,4.6,3.8,47.0,1.2,0.8,1.8,2.8,2.4,0.6666666666666666,1.6666666666666667,4.02,3.13,1.97
Q9zYZm1d,2023,2023-07-22 18:15:00,,Farul Constanta,FC Voluntari,4,1,66.0,34.0,18.0,10.0,10.0,4.0,8.0,6.0,7.0,3.0,1,1,0,0,10.0,9.0,1.0,0.0,9.0,11.0,10.0,19.0,3.0,6.0,1413.052005948133,1248.9822951605254,225.95745926235918,61.88774847475157,6.0,11.0,5.0,3.4,52.4,2.8,1.2,2.6,3.8,4.2,4.0,10.4,5.2,4.8,47.2,2.0,1.4,2.0,3.4,2.0,1.6666666666666667,0.6666666666666666,2.0,3.26,3.71
fL0gsW8M,2023,2023-07-22 21:30:00,,FCSB,Dinamo Bucuresti,2,1,50.0,50.0,20.0,7.0,6.0,2.0,14.0,5.0,9.0,1.0,3,2,0,0,19.0,13.0,0.0,0.0,13.0,19.0,19.0,13.0,1.0,4.0,1403.9922206001584,1094.2328881662675,372.2031850701842,62.44385263629321,6.0,12.2,6.0,4.6,48.2,2.0,2.0,1.8,2.0,2.4,5.0,10.8,4.6,6.8,52.6,1.8,2.0,0.8,2.8,2.4,3.0,0.0,1.33,4.93,8.23
84bspYO3,2023,2023-07-23 18:30:00,,Poli Iasi,FC Hermannstadt,1,3,62.0,38.0,8.0,9.0,3.0,3.0,5.0,6.0,0.0,4.0,1,3,1,0,10.0,6.0,0.0,0.0,6.0,10.0,34.0,28.0,0.0,2.0,1051.3635137722588,1206.1345558657656,-92.16964862919053,62.601393464316374,7.0,10.0,5.6,5.0,55.2,1.0,2.0,0.6,2.6,1.2,8.0,8.6,4.2,4.8,42.8,0.4,0.8,0.8,1.8,3.4,2.0,1.0,3.08,2.92,2.44
vgxQyAWq,2023,2023-07-23 21:30:00,,U Cluj,Rapid Bucuresti,0,3,53.0,47.0,8.0,14.0,3.0,4.0,5.0,10.0,6.0,6.0,3,1,0,0,20.0,12.0,0.0,1.0,13.0,20.0,15.0,20.0,1.0,3.0,1222.4671054942087,1314.8829170696881,-30.60012056094456,61.81569101453488,7.0,8.4,4.0,4.8,50.0,1.4,1.0,1.6,1.4,2.8,9.0,13.2,5.2,5.2,52.2,1.8,2.2,1.0,3.0,2.8,0.5,2.0,2.75,3.07,2.57
nJyUzUoj,2023,2023-07-24 18:30:00,,FC Botosani,Petrolul Ploiesti,1,1,52.0,48.0,7.0,7.0,3.0,4.0,4.0,3.0,7.0,5.0,4,0,0,0,10.0,8.0,2.0,2.0,10.0,12.0,20.0,22.0,3.0,2.0,1198.9765409158513,1175.156597781187,84.45071290195756,60.630769767293266,7.0,11.4,3.2,5.4,57.0,1.2,1.2,0.8,2.0,2.6,8.0,8.6,2.8,3.8,52.0,0.8,1.2,1.4,2.4,2.2,1.0,2.0,2.09,3.12,3.59
tIdkrCgG,2023,2023-07-24 21:30:00,,Univ. Craiova,Otelul Galati,0,0,71.0,29.0,10.0,3.0,4.0,0.0,6.0,3.0,9.0,0.0,3,4,0,0,10.0,16.0,0.0,0.0,3.0,2.0,11.0,15.0,0.0,4.0,1371.9268816569565,1198.0768084131137,234.30204889572428,60.45197565188143,7.0,15.8,5.8,4.0,50.4,1.4,1.0,1.6,2.2,2.2,10.0,,,,,,,,,,,,1.28,5.25,9.72
tIIKcig3,2023,2023-07-28 18:30:00,,U Craiova 1948,U Cluj,3,4,62.0,38.0,13.0,16.0,7.0,6.0,6.0,10.0,1.0,4.0,2,3,0,0,11.0,11.0,2.0,0.0,11.0,13.0,13.0,21.0,2.0,4.0,1241.4722303117285,1206.6681555309872,94.8151623940746,60.01108761333341,7.0,11.4,3.4,4.0,53.6,1.2,1.8,0.8,3.0,4.0,4.0,9.2,4.2,5.8,52.4,1.0,1.0,1.6,1.8,2.4,2.3333333333333335,0.3333333333333333,2.18,3.11,3.34
zuIOdB89,2023,2023-07-28 21:30:00,,Rapid Bucuresti,FC Botosani,2,2,69.0,31.0,9.0,9.0,3.0,6.0,6.0,3.0,3.0,2.0,1,3,0,0,16.0,15.0,1.0,0.0,15.0,17.0,30.0,26.0,4.0,1.0,1330.6818670329096,1196.5926193770267,193.15059437045306,59.0613467145702,5.0,14.4,5.4,5.0,54.4,2.0,0.8,1.6,2.2,2.8,4.0,11.8,3.6,6.2,56.0,1.4,1.2,1.0,2.2,3.2,2.3333333333333335,0.3333333333333333,1.41,4.24,7.49
SEEGbXwc,2023,2023-07-29 18:30:00,,FC Hermannstadt,UTA Arad,2,1,62.0,38.0,16.0,4.0,7.0,1.0,9.0,3.0,8.0,5.0,2,4,0,0,8.0,15.0,0.0,0.0,15.0,8.0,22.0,19.0,0.0,5.0,1216.610588529519,1189.0492209048352,86.2439996008909,58.68263197620718,6.0,8.6,4.2,5.2,41.6,1.0,0.8,1.4,2.4,2.8,7.0,9.8,4.4,5.4,49.2,1.6,1.2,1.2,2.0,1.8,1.3333333333333333,1.3333333333333333,2.1,2.96,3.78
OvegeNrP,2023,2023-07-29 21:30:00,,Otelul Galati,FCSB,0,2,36.0,64.0,4.0,8.0,0.0,3.0,4.0,5.0,3.0,4.0,2,2,0,0,21.0,9.0,0.0,1.0,10.0,21.0,16.0,23.0,1.0,0.0,1203.955315593754,1406.0927649738005,-142.8872581214407,59.25019125860584,5.0,,,,,,,,3.0,3.5,7.0,14.0,5.8,5.4,49.0,1.8,2.0,1.8,2.2,1.8,,,5.97,3.82,1.54
W6BXfkwM,2023,2023-07-30 18:30:00,,Farul Constanta,Poli Iasi,1,3,49.0,51.0,10.0,8.0,5.0,5.0,5.0,3.0,2.0,3.0,1,1,0,0,8.0,7.0,1.0,0.0,7.0,9.0,21.0,14.0,2.0,4.0,1420.4667281020215,1040.8874811085054,438.1819521024338,58.602705108917654,8.0,10.8,5.0,4.2,52.8,2.2,1.0,2.6,3.8,4.6,7.0,10.0,5.0,3.0,55.4,1.0,2.2,0.6,2.6,0.8,,,1.42,4.16,7.45
z9mLnVvP,2023,2023-07-30 21:30:00,,CFR Cluj,Univ. Craiova,1,1,50.0,51.0,14.0,10.0,8.0,3.0,6.0,7.0,5.0,4.0,2,2,0,0,12.0,7.0,0.0,1.0,8.0,12.0,22.0,17.0,2.0,7.0,1409.882315792277,1366.0483744763162,100.47294910930373,56.639007793343005,9.0,14.6,5.6,4.4,48.6,1.8,0.8,2.4,2.6,2.4,6.0,14.8,5.6,4.6,53.4,1.2,0.8,1.6,2.6,1.8,0.6666666666666666,1.6666666666666667,2.27,3.06,3.2
EVGSeVNF,2023,2023-07-31 18:30:00,,Petrolul Ploiesti,FC Voluntari,0,2,55.0,45.0,14.0,12.0,2.0,5.0,12.0,7.0,2.0,6.0,5,1,1,0,13.0,12.0,3.0,1.0,13.0,16.0,23.0,24.0,3.0,2.0,1177.5405193200115,1241.5675730066368,-7.599083860248129,56.42796982637713,7.0,8.0,3.4,4.2,53.0,0.8,1.4,1.0,2.0,2.4,9.0,10.4,5.4,4.6,43.4,2.0,2.2,1.4,3.4,3.2,1.3333333333333333,1.3333333333333333,2.37,2.97,3.11
QmsLjsit,2023,2023-07-31 21:30:00,,Dinamo Bucuresti,Sepsi Sf. Gheorghe,0,3,64.0,36.0,10.0,8.0,5.0,3.0,5.0,5.0,6.0,1.0,2,3,0,0,15.0,18.0,2.0,0.0,18.0,17.0,25.0,21.0,0.0,5.0,1092.1323437926253,1298.6002193954998,-151.07737097079985,55.39050463207471,9.0,10.2,4.4,5.2,53.6,2.0,2.0,0.8,3.0,2.6,10.0,10.0,2.8,4.4,47.8,0.6,0.4,1.6,3.0,3.8,0.3333333333333333,2.3333333333333335,3.53,3.19,2.08
0SlGnRp2,2023,2023-08-04 18:30:00,,UTA Arad,Poli Iasi,1,0,36.0,64.0,3.0,15.0,1.0,4.0,2.0,11.0,3.0,7.0,3,6,0,1,15.0,17.0,1.0,4.0,21.0,16.0,24.0,29.0,4.0,0.0,1181.4817638061866,1067.070111982834,169.03488554412775,54.62323372077537,6.0,9.0,3.8,5.2,49.6,1.6,1.4,1.0,2.6,2.6,5.0,9.8,4.8,3.4,56.2,1.2,2.2,0.6,2.6,1.4,1.0,2.0,,,
AcAyf9hS,2023,2023-08-04 21:30:00,,Univ. Craiova,FC Hermannstadt,1,0,58.0,42.0,14.0,12.0,6.0,4.0,8.0,8.0,8.0,7.0,1,2,0,0,18.0,6.0,2.0,1.0,7.0,20.0,18.0,12.0,4.0,5.0,1368.8622140358611,1224.1780456281676,199.71881369792686,55.0346452902334,5.0,10.2,4.8,3.6,50.8,1.2,0.8,1.6,2.6,3.2,6.0,9.4,4.8,5.0,45.0,1.4,1.0,1.8,1.8,2.6,2.0,1.0,,,
vD07lmGk,2023,2023-08-05 18:30:00,,FC Botosani,U Craiova 1948,0,1,46.0,54.0,11.0,11.0,2.0,3.0,9.0,8.0,10.0,2.0,2,6,0,0,11.0,13.0,1.0,0.0,13.0,12.0,26.0,19.0,2.0,2.0,1201.642149221867,1228.809018328219,28.228599159063606,55.39546826541577,7.0,12.0,4.4,5.6,50.8,1.8,1.6,1.0,2.6,3.0,8.0,12.4,4.4,3.4,53.2,1.6,2.4,0.6,3.2,3.8,1.3333333333333333,1.3333333333333333,,,
Sxc3kT0q,2023,2023-08-05 21:30:00,,U Cluj,Dinamo Bucuresti,1,1,56.0,44.0,19.0,10.0,7.0,4.0,12.0,6.0,7.0,4.0,1,5,0,0,15.0,8.0,0.0,1.0,9.0,15.0,27.0,22.0,3.0,6.0,1219.3313675144966,1081.9020649753008,192.0139682083652,54.584665669169404,8.0,11.6,5.0,5.6,51.4,1.8,1.6,2.0,2.2,2.8,5.0,9.4,4.2,3.6,54.8,1.8,2.4,0.6,2.8,2.2,2.0,0.5,,,
lrrbBAN2,2023,2023-08-06 18:15:00,,Petrolul Ploiesti,Farul Constanta,3,2,35.0,65.0,7.0,9.0,4.0,5.0,3.0,4.0,6.0,2.0,6,0,0,0,10.0,13.0,1.0,0.0,13.0,11.0,25.0,33.0,3.0,1.0,1163.7076500626458,1394.2840972276929,-176.3686652253116,54.20778193973548,5.0,8.8,3.0,3.8,54.0,0.4,1.6,0.4,2.2,2.2,6.0,12.2,5.8,4.4,55.4,2.2,1.4,2.4,3.2,3.8,0.0,3.0,,,
KAtPk16n,2023,2023-08-06 21:30:00,,FCSB,CFR Cluj,1,0,67.0,33.0,11.0,10.0,4.0,2.0,7.0,8.0,5.0,0.0,4,3,0,0,12.0,16.0,0.0,0.0,16.0,12.0,14.0,25.0,2.0,3.0,1414.7259136363095,1407.068476232732,62.96629165615923,55.30885425258178,8.0,13.4,5.6,4.6,51.4,2.0,2.0,1.8,2.0,1.8,7.0,14.0,5.6,4.6,49.0,1.6,0.8,2.0,2.2,2.6,2.3333333333333335,0.3333333333333333,,,
YDpTlLLh,2023,2023-08-07 18:30:00,,Sepsi Sf. Gheorghe,Otelul Galati,1,1,65.0,35.0,8.0,8.0,2.0,3.0,6.0,5.0,9.0,1.0,3,3,0,0,18.0,13.0,2.0,1.0,14.0,20.0,28.0,26.0,2.0,1.0,1308.8304982128243,1195.322166931245,169.4327307049423,55.92439942336302,6.0,10.2,3.0,3.6,45.8,1.2,0.4,2.0,3.4,4.2,8.0,6.666666666666667,1.6666666666666667,2.0,36.333333333333336,0.3333333333333333,1.0,0.6666666666666666,2.6666666666666665,2.6666666666666665,,,,,
MyjCm7Ve,2023,2023-08-07 21:30:00,,FC Voluntari,Rapid Bucuresti,2,1,36.0,64.0,9.0,11.0,5.0,3.0,4.0,8.0,2.0,5.0,3,1,0,0,16.0,11.0,2.0,0.0,11.0,18.0,16.0,31.0,2.0,3.0,1255.4004422640025,1325.6323371880694,-14.646767361329239,55.58512756273773,7.0,10.4,4.6,4.8,43.6,2.0,2.2,1.4,3.2,3.6,10.0,14.0,5.4,4.4,57.4,2.4,1.2,1.6,1.8,3.2,0.3333333333333333,2.3333333333333335,,,
fmcrj0if,2023,2023-08-11 20:30:00,,U Craiova 1948,FC Voluntari,3,1,45.0,55.0,10.0,8.0,5.0,2.0,5.0,6.0,1.0,6.0,1,2,0,0,11.0,9.0,,,9.0,11.0,17.0,18.0,1.0,2.0,1239.619719611504,1265.8217605577124,30.164685488557552,56.36672643476597,6.0,10.2,3.2,3.2,52.8,1.0,1.8,0.6,3.6,3.6,3.0,11.0,4.8,4.6,40.8,2.0,2.0,1.8,2.6,3.6,2.3333333333333335,0.3333333333333333,,,
MZbzhMMs,2023,2023-08-12 18:30:00,,Otelul Galati,U Cluj,1,1,35.0,65.0,11.0,7.0,3.0,1.0,8.0,6.0,2.0,1.0,2,2,0,0,14.0,12.0,0.0,3.0,15.0,14.0,24.0,23.0,0.0,2.0,1199.8457917395822,1214.3062511220444,42.87507039269531,57.335529775157546,5.0,7.0,2.0,1.75,36.0,0.5,1.0,0.75,2.75,2.25,6.0,13.4,5.4,6.2,51.2,1.6,1.8,1.6,1.8,3.0,,,,,
M9TvkK60,2023,2023-08-12 21:30:00,,Poli Iasi,Univ. Craiova,1,4,50.0,50.0,6.0,13.0,3.0,8.0,3.0,5.0,4.0,4.0,5,2,1,0,13.0,14.0,2.0,4.0,18.0,15.0,26.0,21.0,4.0,2.0,1061.5846243900603,1373.6731870382928,-254.84511917659302,57.24344347163957,8.0,10.6,4.4,3.4,57.6,1.2,2.2,0.6,2.8,1.4,8.0,11.0,4.8,5.0,55.0,0.8,0.4,1.6,2.0,3.2,0.0,3.0,,,
00SrlvM6,2023,2023-08-13 21:30:00,,Rapid Bucuresti,Petrolul Ploiesti,0,2,60.0,40.0,14.0,11.0,6.0,4.0,8.0,7.0,7.0,7.0,1,0,0,0,12.0,12.0,2.0,1.0,13.0,14.0,28.0,22.0,2.0,6.0,1315.2110188943595,1178.3886142339297,193.57897372107414,56.756569060644395,6.0,12.8,4.8,4.8,57.6,2.2,1.0,1.6,1.6,3.2,7.0,8.0,3.0,4.6,49.0,1.0,1.8,1.0,3.0,2.6,1.5,1.5,1.72,3.55,4.61
Gdbvitxl,2023,2023-08-14 20:30:00,,Dinamo Bucuresti,FC Botosani,1,0,55.0,45.0,16.0,5.0,3.0,1.0,13.0,4.0,7.0,5.0,3,4,0,0,10.0,15.0,0.0,2.0,17.0,10.0,37.0,16.0,1.0,2.0,1086.927181367753,1190.831447938582,-48.744914910588705,55.15935166024012,8.0,9.4,3.6,4.0,52.6,0.8,2.4,0.2,3.4,3.2,9.0,10.6,4.8,5.8,48.8,1.8,1.4,1.0,2.4,2.0,1.0,2.0,2.38,3.16,2.89
2TlE3JLg,2023,2023-08-18 18:30:00,,Petrolul Ploiesti,U Craiova 1948,4,3,33.0,67.0,10.0,13.0,7.0,7.0,3.0,6.0,3.0,5.0,2,2,0,0,17.0,11.0,1.0,1.0,11.0,17.0,14.0,20.0,4.0,3.0,1199.6848462393202,1252.5370974833918,3.1616397596219485,56.013891003693544,4.0,9.4,3.6,5.0,46.2,1.4,1.2,1.6,2.2,3.6,6.0,9.6,3.8,2.4,52.2,1.6,1.8,1.2,2.6,2.6,2.3333333333333335,0.3333333333333333,2.43,3.06,2.92
E3hI2wy0,2023,2023-08-18 21:30:00,,Univ. Craiova,UTA Arad,3,0,68.0,32.0,10.0,9.0,6.0,2.0,4.0,7.0,4.0,4.0,1,2,0,0,7.0,6.0,3.0,2.0,8.0,10.0,27.0,16.0,2.0,3.0,1380.164845851562,1186.9672513989603,249.9546606966337,56.757066244032075,6.0,12.0,5.8,5.2,55.8,1.6,0.4,2.2,2.4,3.0,14.0,7.2,3.4,4.6,45.2,1.8,1.4,1.4,3.0,3.2,2.3333333333333335,0.3333333333333333,1.34,4.76,8.07
tE055uis,2023,2023-08-19 21:45:00,,FC Voluntari,Dinamo Bucuresti,2,3,42.0,58.0,11.0,13.0,5.0,7.0,6.0,6.0,2.0,5.0,0,2,0,0,17.0,12.0,3.0,0.0,12.0,20.0,19.0,29.0,4.0,3.0,1252.9043826858247,1098.3210392804654,211.8385200151522,57.25517660979286,8.0,10.2,4.0,4.6,43.0,1.6,1.8,1.8,1.8,2.8,5.0,10.6,3.2,4.4,52.8,0.6,1.6,0.8,3.2,3.4,1.0,2.0,1.97,3.33,3.65
8QiM1cj6,2023,2023-08-20 18:15:00,,Rapid Bucuresti,Farul Constanta,3,1,46.0,54.0,9.0,15.0,4.0,6.0,5.0,9.0,7.0,4.0,1,3,0,0,14.0,8.0,0.0,1.0,9.0,14.0,19.0,20.0,5.0,1.0,1293.914786888969,1379.603133056409,-29.59111717898122,56.0972289884587,6.0,13.2,4.4,5.2,61.2,1.2,1.2,1.0,1.2,2.8,14.0,10.6,5.6,3.0,56.0,2.0,1.6,1.8,2.0,3.2,0.3333333333333333,2.3333333333333335,2.02,3.36,3.47
K4a94a6m,2023,2023-08-20 21:30:00,,FCSB,Poli Iasi,2,1,58.0,42.0,11.0,10.0,6.0,3.0,5.0,7.0,10.0,1.0,3,2,0,0,9.0,15.0,0.0,1.0,16.0,9.0,18.0,20.0,2.0,4.0,1422.9331825800593,1055.0929655767911,425.0882248768901,57.248007873621816,14.0,13.2,5.2,5.2,57.2,1.8,1.4,2.4,2.6,1.6,8.0,9.4,3.8,3.6,58.6,1.0,2.2,0.6,3.4,2.0,1.5,1.5,1.35,4.71,7.95
8QVjnIjJ,2023,2023-08-21 18:30:00,,Sepsi Sf. Gheorghe,FC Hermannstadt,1,1,51.0,49.0,8.0,12.0,3.0,2.0,5.0,10.0,5.0,4.0,1,4,0,0,16.0,12.0,1.0,2.0,14.0,17.0,29.0,27.0,1.0,2.0,1304.306873404487,1219.367072625736,142.30729547035685,57.36749469160567,14.0,10.0,3.0,4.4,48.4,1.2,0.2,2.2,4.0,3.4,16.0,11.2,5.2,6.0,45.4,1.2,1.2,1.2,2.0,2.8,3.0,0.0,1.95,3.08,4.12
AV9ZA1TJ,2023,2023-08-21 21:30:00,,U Cluj,CFR Cluj,3,4,45.0,55.0,17.0,10.0,8.0,7.0,9.0,3.0,7.0,2.0,2,3,0,0,15.0,2.0,0.0,3.0,5.0,15.0,26.0,18.0,3.0,5.0,1215.534068502284,1398.8612072889823,-126.25073958465396,57.076399202044314,9.0,11.6,4.4,5.0,51.8,1.4,1.8,1.2,2.2,2.6,15.0,13.8,5.2,3.4,45.0,1.4,0.6,2.0,2.2,2.8,0.0,3.0,3.99,3.2,1.94
rqpZbezP,2023,2023-08-25 18:30:00,,Otelul Galati,FC Voluntari,2,2,62.0,38.0,14.0,5.0,3.0,3.0,11.0,2.0,5.0,3.0,1,4,0,0,18.0,17.0,1.0,2.0,19.0,19.0,40.0,21.0,1.0,1.0,1198.6179743593425,1237.465081068036,17.74043253984655,56.58753924853995,13.0,7.8,2.2,1.8,35.8,0.6,1.0,0.8,2.6,1.8,5.0,10.0,4.2,3.8,42.4,1.6,2.2,1.2,1.4,3.2,,,2.78,2.86,2.7
fNDiHxjg,2023,2023-08-25 21:30:00,,U Craiova 1948,Rapid Bucuresti,3,5,46.0,54.0,14.0,17.0,5.0,7.0,9.0,10.0,5.0,12.0,2,2,0,0,8.0,18.0,0.0,1.0,19.0,8.0,15.0,19.0,2.0,2.0,1242.628094278878,1309.2585053578105,-10.081134385081896,56.54927669385059,7.0,10.4,4.6,2.2,55.0,2.0,2.0,1.2,2.8,2.2,5.0,11.4,4.0,5.6,57.2,1.8,1.4,1.4,1.0,3.4,3.0,0.0,3.13,3.43,2.13
4hoVayLI,2023,2023-08-26 19:00:00,,CFR Cluj,FC Botosani,3,1,62.0,38.0,11.0,10.0,3.0,5.0,8.0,5.0,7.0,6.0,2,4,0,1,10.0,12.0,1.0,1.0,13.0,11.0,20.0,17.0,4.0,0.0,1405.3793400023737,1179.4375900258697,281.4611338073971,55.51938383089304,4.0,10.4,5.2,3.4,45.6,2.0,1.2,2.0,2.4,3.4,11.0,8.0,3.0,5.4,45.8,0.8,1.4,0.4,3.0,2.0,0.6666666666666666,1.6666666666666667,1.37,4.44,8.05
Y7PrJbLt,2023,2023-08-26 21:45:00,,Dinamo Bucuresti,Petrolul Ploiesti,1,1,53.0,47.0,12.0,11.0,8.0,2.0,4.0,9.0,6.0,3.0,2,3,0,0,13.0,6.0,1.0,0.0,6.0,14.0,16.0,15.0,1.0,7.0,1113.760340898254,1209.593849443834,-39.963736774548806,55.869771771031175,7.0,11.2,4.2,4.6,54.2,1.2,1.6,1.4,2.8,2.8,8.0,9.8,4.2,4.6,42.2,2.0,1.6,2.0,2.6,3.6,,,2.79,3.12,2.5
2mDeGd5a,2023,2023-08-27 21:30:00,,Farul Constanta,Univ. Craiova,2,0,42.0,58.0,7.0,6.0,5.0,3.0,2.0,3.0,2.0,3.0,3,3,0,0,13.0,9.0,0.0,1.0,10.0,13.0,17.0,31.0,3.0,3.0,1364.2594145875676,1386.806317395039,33.40875916130176,55.955661968773335,7.0,12.2,6.0,3.4,57.4,1.8,2.0,1.2,2.2,2.8,9.0,11.4,5.4,5.8,59.6,1.8,0.4,2.2,1.8,3.0,2.3333333333333335,0.3333333333333333,3.29,3.74,1.97
nHjQ0H5C,2023,2023-08-28 18:30:00,,FC Hermannstadt,U Cluj,2,2,47.0,53.0,11.0,9.0,5.0,3.0,6.0,6.0,2.0,4.0,1,2,0,0,9.0,9.0,3.0,3.0,12.0,12.0,31.0,21.0,1.0,3.0,1223.2483458198874,1209.0159357888926,71.14705425528814,56.914644224293404,7.0,11.8,4.6,5.8,47.6,1.2,1.0,1.4,2.8,2.4,6.0,13.4,5.0,5.0,51.4,1.8,2.4,1.0,2.2,2.6,0.0,3.0,2.38,3.05,3.0
GWEmIIzm,2023,2023-08-28 21:30:00,,UTA Arad,FCSB,2,1,43.0,57.0,19.0,9.0,6.0,3.0,13.0,6.0,6.0,4.0,6,5,0,2,13.0,10.0,2.0,0.0,10.0,15.0,16.0,21.0,2.0,4.0,1180.3257798554832,1424.5263401531774,-187.437387962274,56.76317233542019,10.0,6.0,2.4,4.0,41.2,0.8,1.8,0.8,2.8,3.6,8.0,12.2,5.4,6.4,57.2,2.0,0.6,3.0,2.8,1.4,1.0,2.0,4.83,3.6,1.68
WS4CCE4O,2023,2023-09-01 18:30:00,,Petrolul Ploiesti,Otelul Galati,2,2,47.0,53.0,12.0,9.0,6.0,7.0,6.0,2.0,5.0,5.0,1,4,0,0,9.0,17.0,0.0,1.0,18.0,9.0,23.0,25.0,5.0,4.0,1208.4486468072719,1198.1078069634843,68.22346250324176,57.882622659454164,5.0,10.6,3.8,4.2,42.0,2.0,1.6,2.0,3.2,4.6,7.0,8.0,1.8,2.2,39.4,0.8,1.2,0.8,2.4,1.4,,,,,
CMMKGQGu,2023,2023-09-01 21:30:00,,Rapid Bucuresti,Dinamo Bucuresti,4,0,54.0,46.0,12.0,5.0,8.0,1.0,4.0,4.0,5.0,0.0,1,3,0,0,9.0,15.0,1.0,1.0,16.0,10.0,11.0,25.0,1.0,4.0,1322.9904101972445,1114.9055435348162,265.8220812535169,57.73721459108855,7.0,12.0,4.6,6.8,58.6,2.2,2.0,1.4,1.2,3.2,5.0,12.2,5.4,5.6,54.8,1.2,1.4,1.6,2.8,2.2,1.6666666666666667,0.6666666666666666,,,
O214EzzC,2023,2023-09-02 19:00:00,,FC Voluntari,CFR Cluj,1,4,46.0,54.0,10.0,19.0,4.0,9.0,6.0,10.0,5.0,7.0,1,1,0,0,8.0,12.0,0.0,2.0,14.0,8.0,24.0,12.0,5.0,3.0,1237.975248463894,1410.0511792042155,-113.80482063693944,58.271110103382,8.0,9.0,4.0,3.8,43.2,1.8,1.8,1.4,2.0,2.2,7.0,11.2,5.0,4.2,51.2,2.2,1.4,2.0,2.4,3.4,0.0,3.0,,,
jDLOFpWo,2023,2023-09-02 21:45:00,,FCSB,Univ. Craiova,3,0,43.0,57.0,10.0,14.0,7.0,1.0,3.0,13.0,1.0,4.0,2,7,0,0,17.0,15.0,3.0,0.0,15.0,20.0,27.0,16.0,1.0,4.0,1409.6003358327246,1374.019887321438,92.96343688212778,57.38298837084126,5.0,11.8,4.4,6.4,59.2,1.6,0.8,2.4,3.4,1.8,6.0,10.6,5.2,4.6,57.0,1.8,0.8,2.0,1.8,3.6,1.6666666666666667,0.6666666666666666,,,
pzLSE4oh,2023,2023-09-03 21:30:00,,U Craiova 1948,Farul Constanta,4,0,40.0,60.0,13.0,13.0,9.0,3.0,4.0,10.0,1.0,9.0,1,0,0,0,5.0,8.0,1.0,0.0,8.0,6.0,22.0,17.0,3.0,5.0,1228.896189439444,1377.0458446611685,-89.8071486331553,58.342506588569215,9.0,12.2,5.4,2.8,54.8,2.6,2.8,1.2,2.6,2.0,7.0,11.8,6.2,3.4,55.2,2.0,2.0,1.2,1.6,2.0,0.0,3.0,,,
x658DfkI,2023,2023-09-04 13:00:00,,U Cluj,Poli Iasi,0,2,62.0,38.0,8.0,9.0,4.0,3.0,4.0,6.0,6.0,1.0,3,4,0,0,12.0,10.0,3.0,3.0,13.0,15.0,33.0,18.0,1.0,4.0,1211.0355609738688,1053.499808003673,217.75757755013365,60.22182457993781,6.0,13.6,5.0,4.6,51.4,2.2,2.2,1.2,2.0,3.0,14.0,9.4,3.6,3.0,53.8,1.2,2.2,0.6,3.0,2.4,,,,,
tvCaFGK5,2023,2023-09-04 18:30:00,,FC Botosani,FC Hermannstadt,2,2,37.0,63.0,13.0,12.0,3.0,2.0,10.0,10.0,2.0,6.0,2,2,1,1,13.0,8.0,1.0,1.0,9.0,14.0,37.0,24.0,0.0,1.0,1174.765750824028,1221.2287206349113,12.10866386683324,58.57163367771665,8.0,8.4,3.4,6.0,42.4,0.8,1.6,0.4,3.4,1.6,7.0,12.0,4.2,5.0,47.6,1.6,1.2,1.6,2.4,2.0,1.0,1.0,,,
AJ3GBYJU,2023,2023-09-04 21:30:00,,Sepsi Sf. Gheorghe,UTA Arad,1,0,63.0,37.0,15.0,12.0,4.0,5.0,11.0,7.0,6.0,2.0,2,1,0,0,7.0,12.0,4.0,0.0,12.0,11.0,30.0,16.0,5.0,3.0,1300.4256002103357,1195.251784175936,163.71932163779502,58.54550560339544,14.0,9.6,2.8,4.4,47.8,1.2,0.4,1.8,2.8,3.0,7.0,8.2,2.8,4.6,38.6,1.0,1.8,1.2,3.6,3.2,2.3333333333333335,0.3333333333333333,,,
Y9WrBMpH,2023,2023-09-15 18:30:00,,UTA Arad,U Cluj,0,1,46.0,54.0,8.0,10.0,3.0,4.0,5.0,6.0,7.0,4.0,3,3,0,1,11.0,13.0,1.0,1.0,14.0,12.0,32.0,18.0,3.0,3.0,1189.6436462678932,1189.03301561092,59.57674660347175,58.966115946498654,10.0,9.4,3.0,4.0,37.2,0.8,1.4,1.2,3.2,3.4,11.0,12.0,4.6,5.0,56.2,1.4,2.0,0.6,2.0,2.4,2.3333333333333335,0.3333333333333333,2.39,3.1,2.94
WpCJ4KNp,2023,2023-09-15 21:30:00,,Dinamo Bucuresti,U Craiova 1948,0,1,60.0,40.0,14.0,9.0,1.0,3.0,13.0,6.0,6.0,2.0,1,2,0,0,13.0,16.0,1.0,2.0,18.0,14.0,26.0,23.0,2.0,1.0,1107.7869367042367,1253.953762657692,-88.07807089037942,58.08875506307585,14.0,11.2,4.6,4.4,51.2,1.2,1.6,1.6,3.0,3.0,12.0,12.2,5.8,2.8,50.4,2.8,2.0,1.8,2.4,2.2,0.3333333333333333,2.3333333333333335,2.63,3.27,2.54
fPKi90FT,2023,2023-09-16 21:30:00,,Univ. Craiova,Sepsi Sf. Gheorghe,2,1,54.0,46.0,19.0,10.0,7.0,6.0,12.0,4.0,6.0,6.0,3,3,1,0,17.0,14.0,1.0,3.0,17.0,18.0,23.0,15.0,5.0,5.0,1361.2263110850654,1306.0337381183786,112.71748882290058,57.52491585621382,13.0,11.4,4.8,4.6,58.2,1.6,1.2,1.8,2.8,3.0,12.0,11.0,3.2,5.6,53.6,1.4,0.4,2.2,2.0,2.8,2.0,1.0,1.98,3.34,3.66
rLwWDO0b,2023,2023-09-17 17:00:00,,FC Hermannstadt,FC Voluntari,3,1,54.0,46.0,16.0,11.0,5.0,4.0,11.0,7.0,7.0,3.0,2,5,0,2,6.0,14.0,2.0,3.0,17.0,8.0,21.0,22.0,3.0,2.0,1221.577094959194,1226.133625363351,53.4832571924228,58.039787596579835,12.0,12.6,4.0,5.4,52.6,1.4,1.4,1.2,2.2,1.8,14.0,8.6,3.8,3.6,43.4,1.6,2.6,0.8,2.0,2.8,1.3333333333333333,1.3333333333333333,1.86,3.36,4.12
C0VnAt0N,2023,2023-09-17 19:15:00,,Otelul Galati,Rapid Bucuresti,0,0,43.0,57.0,6.0,8.0,2.0,1.0,4.0,7.0,4.0,6.0,6,6,0,1,17.0,17.0,3.0,2.0,19.0,20.0,16.0,26.0,1.0,2.0,1200.0465812083592,1330.109017027824,-71.12398551326396,58.93845030620073,16.0,9.2,3.2,3.2,44.2,1.2,1.6,0.8,2.4,1.4,15.0,12.6,5.6,7.2,55.6,2.6,1.6,1.8,1.2,2.6,,,4.19,3.36,1.84
pl01T30o,2023,2023-09-17 21:45:00,,Farul Constanta,FCSB,0,1,55.0,45.0,14.0,9.0,3.0,5.0,11.0,4.0,3.0,3.0,3,1,0,0,10.0,12.0,2.0,1.0,13.0,12.0,23.0,20.0,4.0,3.0,1351.9882714429204,1422.3939120690973,-11.315766198427127,59.08987442774962,14.0,10.8,4.8,3.8,54.0,1.2,2.6,0.6,1.4,2.4,15.0,9.8,4.6,4.8,57.8,1.8,0.6,2.4,3.2,1.8,2.0,1.0,2.76,3.4,2.37
QqTzDrG4,2023,2023-09-18 18:30:00,,Poli Iasi,FC Botosani,1,1,64.0,36.0,16.0,7.0,3.0,3.0,13.0,4.0,8.0,7.0,0,2,0,0,12.0,19.0,1.0,6.0,18.0,11.0,34.0,21.0,2.0,2.0,1075.5023533666217,1174.4173764997452,-40.5507302939277,58.36429283919573,14.0,9.6,3.6,3.2,49.0,1.4,1.6,1.2,3.6,3.2,14.0,9.6,3.4,5.0,39.4,1.0,1.8,0.4,3.0,1.0,0.0,3.0,2.15,3.08,3.44
4zSvC2VA,2023,2023-09-18 21:30:00,,CFR Cluj,Petrolul Ploiesti,1,0,52.0,48.0,11.0,9.0,5.0,3.0,6.0,6.0,6.0,5.0,3,3,0,0,18.0,11.0,1.0,1.0,12.0,19.0,34.0,19.0,3.0,4.0,1421.8928023047586,1206.509872562397,273.8343630453378,58.45143330297626,16.0,12.8,5.8,4.2,50.8,2.4,1.4,2.0,2.2,3.4,17.0,10.2,4.6,4.8,40.4,2.4,1.6,2.2,2.4,5.0,3.0,0.0,1.35,4.67,7.91
SYt2AUx9,2023,2023-09-21 20:00:00,,FC Hermannstadt,FCSB,2,2,41.0,59.0,19.0,11.0,7.0,6.0,12.0,5.0,4.0,3.0,2,3,0,1,18.0,18.0,,,18.0,18.0,18.0,21.0,4.0,5.0,1233.559264420806,1432.0683332498159,-139.80065901529338,58.708409813716486,4.0,12.6,3.6,5.2,51.0,1.6,1.4,1.2,2.2,2.4,3.0,10.0,5.0,4.6,54.0,1.6,0.6,2.4,3.0,2.4,1.3333333333333333,1.3333333333333333,3.5,3.27,2.06
W4Wr7Dqq,2023,2023-09-22 18:00:00,,U Craiova 1948,Otelul Galati,0,2,62.0,38.0,17.0,14.0,4.0,5.0,13.0,9.0,10.0,7.0,1,2,0,0,8.0,14.0,2.0,0.0,14.0,10.0,19.0,25.0,3.0,4.0,1261.4716187491858,1202.0655694956777,118.40094585138172,58.99489659787362,6.0,11.8,5.8,2.8,47.6,2.8,2.0,1.8,1.6,2.0,4.0,9.6,3.6,3.4,45.6,1.2,1.2,1.0,3.2,1.4,,,1.98,3.3,3.72
vVZj5iEe,2023,2023-09-22 21:00:00,,Dinamo Bucuresti,Farul Constanta,0,2,60.0,40.0,12.0,8.0,7.0,4.0,5.0,4.0,8.0,2.0,4,5,0,1,9.0,14.0,0.0,0.0,14.0,9.0,20.0,21.0,2.0,7.0,1100.269080612743,1342.3138502622019,-184.4586188882647,57.586150761194176,6.0,12.0,4.0,4.8,54.4,1.0,1.6,1.4,2.2,2.2,4.0,11.6,4.4,4.0,55.2,1.0,2.2,0.6,1.8,2.8,0.0,3.0,3.9,3.46,1.88
4jG2RsVc,2023,2023-09-23 14:30:00,,FC Voluntari,Poli Iasi,1,2,50.0,50.0,10.0,9.0,6.0,3.0,4.0,6.0,2.0,4.0,4,4,0,0,11.0,13.0,2.0,1.0,14.0,13.0,22.0,16.0,1.0,5.0,1214.1514559017392,1076.664226217029,194.52828585580255,57.04105617109242,5.0,9.0,3.6,3.8,45.4,1.4,3.0,0.2,2.4,2.8,4.0,11.2,3.2,4.2,51.6,1.0,1.6,0.8,3.4,2.8,3.0,0.0,2.61,3.17,2.64
rsF6Q1p4,2023,2023-09-23 18:45:00,,FC Botosani,UTA Arad,2,2,30.0,70.0,16.0,8.0,5.0,4.0,11.0,4.0,6.0,7.0,2,1,0,1,14.0,13.0,1.0,3.0,16.0,15.0,20.0,25.0,2.0,3.0,1173.255503649338,1177.9455011555892,51.22013267910711,55.91013018535852,5.0,9.2,2.8,6.0,40.4,0.8,1.6,0.4,2.8,1.2,8.0,10.2,3.4,4.4,38.8,0.6,1.2,1.2,3.0,3.0,1.0,2.0,2.17,3.11,3.36
j7IEOuFG,2023,2023-09-23 21:30:00,,U Cluj,Univ. Craiova,1,1,50.0,50.0,10.0,10.0,5.0,5.0,5.0,5.0,6.0,3.0,1,4,0,1,5.0,11.0,2.0,2.0,13.0,7.0,20.0,20.0,4.0,4.0,1200.731160723224,1368.0912676232788,-111.55975014954038,55.8003567505142,8.0,10.2,4.0,4.4,55.8,1.4,1.8,1.0,2.4,2.4,7.0,12.4,5.0,4.2,57.4,1.8,1.4,1.8,3.2,3.2,0.5,2.0,3.18,3.37,2.13
Ova5SNFi,2023,2023-09-24 18:15:00,,Petrolul Ploiesti,FC Hermannstadt,0,0,36.0,64.0,7.0,12.0,2.0,4.0,5.0,8.0,3.0,5.0,2,0,1,0,10.0,13.0,2.0,0.0,13.0,12.0,26.0,27.0,4.0,2.0,1203.0835190858609,1237.3790882095677,21.73765999012403,56.03322911383084,5.0,10.6,4.4,4.6,43.0,1.8,1.4,1.6,1.8,5.2,2.0,14.0,4.2,4.6,50.8,2.0,1.6,1.4,2.2,2.2,1.0,2.0,2.63,3.03,2.71
AeVn6Xbk,2023,2023-09-24 21:00:00,,Sepsi Sf. Gheorghe,FCSB,2,5,48.0,52.0,11.0,14.0,4.0,7.0,7.0,7.0,6.0,2.0,2,2,0,0,12.0,11.0,1.0,0.0,11.0,13.0,28.0,14.0,2.0,2.0,1299.1687815801652,1428.248509461054,-73.09336214512427,55.98636573576451,7.0,9.8,3.6,5.4,52.2,1.4,0.8,1.6,2.4,3.6,3.0,10.0,5.4,4.2,52.4,1.8,1.0,2.0,2.8,3.0,0.0,3.0,2.73,3.27,2.45
x4EAPLaA,2023,2023-09-25 21:00:00,,Rapid Bucuresti,CFR Cluj,3,1,49.0,51.0,21.0,15.0,7.0,9.0,14.0,6.0,10.0,2.0,2,2,0,0,12.0,9.0,0.0,3.0,12.0,12.0,18.0,21.0,8.0,4.0,1328.0900287405054,1425.3191557812947,-42.272470076395166,54.95665696439408,8.0,12.0,5.2,7.4,54.2,2.4,1.2,2.0,2.2,2.4,6.0,12.2,5.2,4.4,51.2,2.4,1.2,2.4,2.4,3.6,2.3333333333333335,0.3333333333333333,2.45,3.3,2.71
ObeMKWDr,2023,2023-09-29 21:00:00,,Otelul Galati,Dinamo Bucuresti,1,0,37.0,63.0,4.0,4.0,2.0,1.0,2.0,3.0,3.0,2.0,5,4,1,0,17.0,11.0,1.0,2.0,13.0,18.0,12.0,20.0,1.0,1.0,1220.8488473180703,1093.0011527447195,183.99342912434213,56.14573455099134,7.0,10.8,4.0,4.6,46.2,1.4,1.0,1.4,3.0,2.0,7.0,11.2,4.8,5.0,55.4,0.8,2.0,0.8,2.4,2.4,,,2.11,3.07,3.57
W0GsSEL8,2023,2023-09-30 14:30:00,,UTA Arad,FC Voluntari,0,0,62.0,38.0,11.0,5.0,1.0,0.0,10.0,5.0,9.0,7.0,1,3,0,0,4.0,11.0,4.0,0.0,11.0,8.0,35.0,10.0,0.0,1.0,1179.4091469535135,1199.0724427586204,36.8686462544465,56.53194205955331,6.0,11.2,4.0,5.2,45.6,0.8,1.6,0.8,2.6,2.8,7.0,9.4,4.4,3.0,44.4,1.4,2.8,0.2,2.8,2.6,0.6666666666666666,1.6666666666666667,2.14,3.28,3.29
ILfQJjTl,2023,2023-09-30 21:30:00,,Farul Constanta,Sepsi Sf. Gheorghe,2,1,56.0,44.0,11.0,5.0,4.0,3.0,7.0,2.0,4.0,3.0,2,3,0,0,16.0,14.0,2.0,0.0,14.0,18.0,13.0,25.0,2.0,2.0,1349.5817781302253,1285.439331295226,120.59509892127699,56.452652086277794,8.0,11.4,4.2,4.0,50.2,1.0,1.6,1.2,2.8,4.0,6.0,10.4,3.8,6.4,54.6,1.2,1.8,1.0,2.2,3.0,2.3333333333333335,0.3333333333333333,2.04,3.33,3.47
QNFoRYzF,2023,2023-10-01 15:00:00,,Univ. Craiova,FC Botosani,5,1,64.0,36.0,25.0,8.0,15.0,2.0,10.0,6.0,7.0,1.0,2,3,0,0,13.0,12.0,2.0,0.0,12.0,15.0,29.0,23.0,1.0,10.0,1364.9863027790568,1171.7918578514136,250.1467457382946,56.95230081065153,7.0,11.8,4.4,4.0,57.4,1.2,1.4,1.4,3.6,3.6,7.0,10.2,3.4,5.2,37.2,1.2,1.8,0.6,2.8,1.2,2.0,1.0,,,
ILYf4BT1,2023,2023-10-01 18:00:00,,FC Hermannstadt,Rapid Bucuresti,1,1,50.0,50.0,8.0,7.0,4.0,1.0,4.0,6.0,9.0,3.0,2,2,0,0,8.0,12.0,1.0,0.0,12.0,9.0,25.0,22.0,0.0,3.0,1238.003933250452,1343.9443965618023,-48.41350806698597,57.52695524436421,6.0,14.0,4.6,4.8,53.8,1.8,1.4,1.4,1.4,2.2,5.0,13.4,5.4,8.0,52.0,3.0,1.0,2.6,2.4,3.6,1.5,1.5,,,
4EEkQhjL,2023,2023-10-01 21:00:00,,CFR Cluj,U Craiova 1948,2,0,38.0,62.0,12.0,14.0,7.0,8.0,5.0,6.0,3.0,5.0,0,2,0,0,7.0,10.0,3.0,0.0,10.0,10.0,12.0,20.0,8.0,5.0,1409.464787959998,1242.6883409267932,224.407240027836,57.63079299463126,6.0,13.2,6.6,4.8,54.8,2.6,1.6,2.4,2.2,3.8,9.0,13.2,5.6,4.6,51.0,2.2,2.2,1.2,1.6,2.4,2.0,1.0,,,
KQCwTf62,2023,2023-10-02 18:00:00,,Poli Iasi,Petrolul Ploiesti,0,0,67.0,33.0,11.0,4.0,4.0,1.0,5.0,3.0,9.0,3.0,0,1,0,0,12.0,10.0,1.0,4.0,14.0,13.0,28.0,28.0,1.0,4.0,1091.7432393601478,1202.4586740449765,-52.62739180036169,58.08804288446699,9.0,10.0,3.0,3.6,48.8,1.4,1.6,1.4,3.0,3.8,7.0,9.8,4.0,3.8,42.2,1.4,1.4,1.2,2.2,4.8,,,,,
Mk9fPC5R,2023,2023-10-02 21:00:00,,FCSB,U Cluj,2,2,47.0,53.0,11.0,12.0,8.0,5.0,2.0,3.0,4.0,2.0,4,4,0,0,13.0,15.0,0.0,1.0,16.0,13.0,19.0,16.0,3.0,6.0,1441.977959745993,1203.836125567446,296.34262145549997,58.20078727695297,8.0,10.6,5.6,2.6,51.2,2.4,1.2,2.0,2.6,3.0,8.0,10.8,4.8,5.4,52.8,1.4,1.8,1.0,2.2,2.8,0.5,2.0,,,
AcW69lhF,2023,2023-10-05 20:00:00,,CFR Cluj,Sepsi Sf. Gheorghe,3,0,45.0,55.0,14.0,6.0,7.0,2.0,7.0,4.0,5.0,2.0,0,1,0,0,14.0,12.0,1.0,0.0,12.0,15.0,20.0,23.0,2.0,4.0,1415.5614531578076,1278.7773483035762,194.46543939953176,57.68133454530049,3.0,13.6,6.6,5.0,51.4,2.2,1.0,2.4,1.6,4.4,4.0,9.8,4.0,5.2,50.4,1.2,2.0,0.8,2.2,3.0,2.3333333333333335,0.3333333333333333,,,
WObUIAre,2023,2023-10-06 18:00:00,,U Craiova 1948,FC Hermannstadt,1,1,54.0,46.0,10.0,10.0,8.0,6.0,2.0,4.0,1.0,1.0,0,2,0,0,7.0,18.0,5.0,0.0,18.0,12.0,25.0,20.0,5.0,7.0,1236.5916757289835,1239.388436587346,55.52400301008947,58.32076386845177,4.0,13.4,5.8,4.6,50.0,1.6,1.8,1.2,1.6,2.8,5.0,13.4,4.4,6.2,54.4,1.6,1.2,1.4,1.6,2.0,0.6666666666666666,1.6666666666666667,,,
EmlZHUc1,2023,2023-10-06 21:00:00,,Rapid Bucuresti,Poli Iasi,3,2,47.0,53.0,15.0,11.0,7.0,6.0,8.0,5.0,8.0,3.0,2,1,0,0,13.0,9.0,3.0,1.0,10.0,16.0,18.0,25.0,4.0,4.0,1342.5598932249084,1093.2464979266276,307.5153110282399,58.20191572995914,5.0,13.0,4.8,7.2,52.8,2.6,1.0,2.2,2.6,3.2,4.0,11.0,3.2,4.6,52.2,1.2,0.8,1.6,2.0,3.2,,,,,
hvmwHlD7,2023,2023-10-07 14:00:00,,Petrolul Ploiesti,UTA Arad,0,0,53.0,47.0,11.0,9.0,3.0,3.0,8.0,6.0,4.0,5.0,1,3,0,1,15.0,13.0,2.0,1.0,14.0,17.0,21.0,22.0,3.0,3.0,1200.9554154784967,1178.35194730984,81.02366000698476,58.420191838327995,4.0,8.6,2.8,3.8,42.2,0.6,0.8,0.8,2.0,4.8,6.0,11.6,3.8,6.2,51.6,0.8,1.0,1.0,2.4,2.2,2.0,1.0,,,
6ejKuYk8,2023,2023-10-07 18:45:00,,FC Voluntari,Univ. Craiova,0,0,42.0,58.0,11.0,7.0,2.0,1.0,9.0,6.0,1.0,3.0,5,2,0,0,14.0,8.0,1.0,2.0,10.0,15.0,14.0,20.0,1.0,2.0,1200.129642402294,1372.648361895226,-114.2703280911453,58.24839140178668,7.0,8.2,3.4,4.0,43.6,1.0,2.2,0.4,3.4,2.0,6.0,14.8,6.2,4.6,56.6,1.6,1.6,1.4,3.8,3.4,1.3333333333333333,1.3333333333333333,,,
pnkOvh5E,2023,2023-10-07 21:30:00,,FC Botosani,FCSB,0,1,35.0,65.0,15.0,18.0,4.0,12.0,11.0,6.0,8.0,7.0,4,4,0,0,12.0,16.0,2.0,0.0,16.0,14.0,23.0,25.0,11.0,4.0,1164.1297987352445,1435.05192332396,-212.43558656208006,58.48653802663526,6.0,10.8,3.6,4.4,35.4,1.4,2.6,0.6,2.6,2.8,5.0,11.0,6.6,2.6,49.2,2.6,1.2,2.2,2.4,2.8,0.0,3.0,,,
bgVbYkrr,2023,2023-10-08 16:00:00,,Otelul Galati,Farul Constanta,0,1,51.0,49.0,13.0,10.0,6.0,3.0,7.0,7.0,5.0,9.0,0,1,0,0,12.0,8.0,3.0,5.0,13.0,15.0,21.0,26.0,2.0,6.0,1225.998280765563,1356.2437611218752,-72.10008801063805,58.145392345674004,8.0,9.4,3.8,4.8,46.6,1.4,0.8,1.8,3.6,2.2,7.0,10.6,3.8,4.0,50.6,1.2,1.2,1.8,2.6,4.2,,,,,
SAvTwCKK,2023,2023-10-08 21:30:00,,Dinamo Bucuresti,CFR Cluj,1,1,48.0,52.0,12.0,14.0,4.0,3.0,8.0,11.0,4.0,10.0,3,3,0,0,9.0,14.0,0.0,1.0,15.0,9.0,16.0,21.0,2.0,3.0,1087.8517192972267,1424.0871774664913,-278.68662165801675,57.548836511247714,9.0,9.4,3.6,4.4,56.4,0.2,1.8,0.2,2.8,2.0,3.0,14.2,7.4,4.6,48.0,2.2,0.8,2.4,1.2,4.0,0.0,3.0,,,
tErXxWZQ,2023,2023-10-09 21:00:00,,U Cluj,Sepsi Sf. Gheorghe,1,0,66.0,34.0,8.0,6.0,3.0,2.0,5.0,4.0,3.0,1.0,2,2,0,0,14.0,16.0,2.0,1.0,17.0,16.0,25.0,19.0,2.0,2.0,1210.7621619894792,1270.2516239948925,-1.4417083564776476,58.047753648935725,7.0,9.8,4.2,4.4,54.4,1.2,1.4,1.2,2.6,3.4,4.0,9.4,3.8,4.6,51.2,1.0,2.4,0.6,2.2,3.6,0.0,3.0,,,
dnYGNvDP,2023,2023-10-19 20:00:00,,Poli Iasi,Sepsi Sf. Gheorghe,1,0,45.0,55.0,15.0,8.0,6.0,3.0,9.0,5.0,4.0,4.0,2,3,0,0,15.0,18.0,0.0,4.0,22.0,15.0,27.0,34.0,3.0,5.0,1090.336149815043,1260.2101285309354,-111.07311290716007,58.800865808732496,12.0,11.2,3.8,5.0,54.4,1.4,1.0,1.6,1.8,3.2,9.0,7.6,3.4,3.6,45.4,0.8,2.6,0.0,2.2,3.0,0.5,2.0,3.08,3.06,2.33
YBNBVmS0,2023,2023-10-20 21:00:00,,UTA Arad,Rapid Bucuresti,2,2,46.0,54.0,7.0,8.0,2.0,4.0,5.0,4.0,4.0,3.0,3,0,0,0,21.0,18.0,0.0,1.0,19.0,21.0,26.0,19.0,2.0,0.0,1180.6426197970575,1345.470241336493,-105.04483299488811,59.782788544547394,13.0,9.6,3.2,6.0,52.4,0.4,0.8,0.6,1.8,2.4,14.0,12.6,4.8,6.4,51.4,2.2,0.8,2.2,2.6,3.6,0.3333333333333333,2.3333333333333335,3.99,3.44,1.86
xpU2X9cl,2023,2023-10-21 17:00:00,,FC Hermannstadt,Dinamo Bucuresti,4,0,38.0,62.0,10.0,4.0,7.0,2.0,3.0,2.0,2.0,4.0,2,2,0,0,19.0,12.0,1.0,1.0,13.0,20.0,22.0,22.0,2.0,3.0,1240.9730784339145,1094.5039477997336,206.47201089105624,60.00288025687533,14.0,13.0,5.2,5.2,51.0,1.4,1.0,1.4,1.6,3.2,12.0,9.4,2.8,4.0,55.4,0.2,1.8,0.2,3.0,2.2,0.3333333333333333,2.3333333333333335,1.71,3.42,4.92
lv8Ajk4Q,2023,2023-10-21 21:45:00,,Farul Constanta,U Cluj,1,1,60.0,40.0,10.0,5.0,6.0,1.0,4.0,4.0,4.0,1.0,2,2,0,0,5.0,5.0,1.0,1.0,6.0,6.0,17.0,13.0,0.0,5.0,1364.1978389142257,1220.8036574534362,204.09761765971984,60.70343619893048,13.0,11.2,3.4,5.4,52.0,1.0,1.2,1.8,2.2,4.8,12.0,9.6,4.2,4.2,57.0,1.0,1.0,1.6,2.6,3.2,1.5,1.5,1.95,3.47,3.61
fLO7WTCf,2023,2023-10-22 15:30:00,,Poli Iasi,U Craiova 1948,1,1,45.0,55.0,12.0,11.0,4.0,5.0,8.0,6.0,7.0,3.0,3,6,0,1,18.0,12.0,1.0,6.0,18.0,19.0,25.0,26.0,4.0,3.0,1103.4284529592417,1235.007033882415,-71.27118376191743,60.307397161255835,2.0,12.4,4.4,5.6,55.8,1.2,1.0,1.6,1.4,3.0,15.0,12.6,6.4,3.8,51.6,1.2,1.0,1.4,1.2,3.4,,,2.3,3.22,2.99
SYMFU7s7,2023,2023-10-22 18:00:00,,Univ. Craiova,Petrolul Ploiesti,1,3,50.0,50.0,12.0,12.0,5.0,6.0,7.0,6.0,5.0,5.0,1,3,0,0,14.0,10.0,0.0,3.0,13.0,14.0,17.0,19.0,3.0,4.0,1369.4730735639114,1198.6647429912791,231.26745662970347,60.45912605707123,14.0,15.0,5.8,4.6,56.6,1.6,1.2,1.6,3.6,3.2,15.0,8.6,3.0,4.0,43.4,0.4,0.6,0.8,1.6,4.0,3.0,0.0,1.45,4.27,6.48
v9QJTRdD,2023,2023-10-22 21:00:00,,FCSB,FC Voluntari,0,0,61.0,39.0,21.0,6.0,8.0,2.0,13.0,4.0,9.0,3.0,2,0,0,0,7.0,11.0,0.0,1.0,12.0,7.0,25.0,20.0,2.0,8.0,1439.6005324034434,1203.3049307336084,295.07665155127734,58.78104988144235,14.0,12.6,7.6,3.8,53.6,2.2,1.2,2.2,2.8,3.4,15.0,9.4,3.2,3.6,44.4,0.6,1.8,0.4,3.6,2.0,1.6666666666666667,0.6666666666666666,1.34,4.87,7.64
tE42hBZD,2023,2023-10-23 18:00:00,,Sepsi Sf. Gheorghe,FC Botosani,5,2,64.0,36.0,17.0,6.0,9.0,4.0,8.0,2.0,8.0,1.0,1,1,0,0,11.0,14.0,0.0,1.0,15.0,11.0,28.0,16.0,2.0,4.0,1247.1178253867367,1159.5811896557611,145.7996583564468,58.26302262547114,3.0,7.2,2.8,3.2,47.2,0.6,2.4,0.0,2.2,3.0,15.0,11.8,3.4,4.8,34.8,1.2,2.2,0.6,2.6,5.0,2.3333333333333335,0.3333333333333333,1.52,3.92,5.96
K436iVlK,2023,2023-10-23 21:00:00,,CFR Cluj,Otelul Galati,0,0,56.0,44.0,16.0,15.0,4.0,3.0,12.0,12.0,8.0,3.0,1,4,0,0,17.0,17.0,2.0,1.0,18.0,19.0,24.0,24.0,3.0,4.0,1417.4349489639844,1218.0442029732126,258.43756735738316,59.046821366611375,14.0,13.2,6.2,5.2,47.6,1.6,0.8,2.0,1.6,4.0,15.0,9.2,4.4,4.8,44.4,1.0,0.6,1.6,3.4,2.4,,,1.36,4.44,8.78
fNRnmbyD,2023,2023-10-26 20:00:00,,Farul Constanta,UTA Arad,2,2,59.0,41.0,17.0,13.0,7.0,5.0,10.0,8.0,10.0,3.0,2,1,0,0,11.0,8.0,1.0,1.0,9.0,12.0,21.0,14.0,3.0,5.0,1358.9173184118972,1183.57717596143,233.91336771662986,58.5732252661625,4.0,10.6,4.0,4.4,52.0,1.2,0.6,2.0,2.6,3.8,5.0,8.6,2.6,6.4,54.2,0.8,1.0,0.8,2.2,2.2,2.3333333333333335,0.3333333333333333,1.69,3.62,4.74
0v3jsoRC,2023,2023-10-27 17:30:00,,FC Voluntari,Sepsi Sf. Gheorghe,0,2,56.0,44.0,10.0,7.0,6.0,6.0,4.0,1.0,6.0,3.0,2,2,0,0,8.0,15.0,4.0,1.0,16.0,12.0,27.0,12.0,4.0,6.0,1210.2119608132246,1257.5684752686066,10.77637222480962,58.13288668019162,4.0,8.6,2.8,3.2,43.0,0.4,1.0,0.6,3.4,2.6,3.0,8.4,3.8,3.6,50.4,1.2,1.8,0.6,2.0,3.0,1.6666666666666667,0.6666666666666666,3.19,3.09,2.26
YBqsoTRm,2023,2023-10-27 20:30:00,,Dinamo Bucuresti,Poli Iasi,0,0,54.0,46.0,8.0,5.0,2.0,3.0,6.0,2.0,7.0,3.0,3,2,0,0,15.0,16.0,2.0,3.0,19.0,17.0,23.0,30.0,3.0,2.0,1085.163201905665,1105.451504903447,36.75103567392648,57.03933867170847,6.0,9.2,3.0,4.8,58.6,0.2,1.8,0.2,2.8,2.0,5.0,11.6,4.6,5.4,52.0,1.2,1.0,1.6,2.0,3.4,2.0,1.0,2.41,3.01,3.0
jmfxn9Cs,2023,2023-10-28 14:00:00,,Otelul Galati,FC Hermannstadt,1,1,61.0,39.0,7.0,3.0,2.0,1.0,5.0,2.0,7.0,2.0,0,0,0,0,13.0,12.0,0.0,1.0,13.0,13.0,27.0,20.0,0.0,1.0,1224.3588176458643,1250.3138243279832,31.005293070560356,56.96029975267915,4.0,10.4,3.6,4.4,42.6,0.6,0.2,1.6,3.4,2.4,6.0,11.8,5.6,4.2,47.8,1.6,0.8,1.4,1.6,3.0,,,2.87,2.9,2.58
KSogrRB6,2023,2023-10-28 20:30:00,,Petrolul Ploiesti,FCSB,2,2,47.0,53.0,11.0,12.0,7.0,4.0,4.0,8.0,7.0,3.0,2,4,0,0,10.0,11.0,1.0,2.0,13.0,11.0,27.0,16.0,2.0,5.0,1221.0390919996642,1432.6935023238273,-154.76086376662101,56.89354655754208,6.0,8.6,3.0,4.0,44.0,0.6,0.4,1.2,2.0,3.8,5.0,15.0,8.2,5.0,56.8,2.0,1.2,1.8,3.0,3.2,0.0,3.0,4.35,3.6,1.75
nFmopmsf,2023,2023-10-29 14:00:00,,U Craiova 1948,UTA Arad,2,3,62.0,38.0,16.0,20.0,5.0,6.0,11.0,14.0,6.0,4.0,0,1,0,0,9.0,10.0,0.0,0.0,10.0,9.0,24.0,12.0,3.0,3.0,1232.9839819382098,1189.4483571077085,100.74277749608495,57.20715266558363,6.0,12.2,5.6,4.2,54.6,0.6,1.2,1.0,2.2,3.4,2.0,9.6,3.0,5.6,53.2,1.2,1.2,1.0,1.8,2.6,0.6666666666666666,1.6666666666666667,2.16,3.23,3.29
txmkq7d0,2023,2023-10-29 20:30:00,,Rapid Bucuresti,Univ. Craiova,2,0,47.0,53.0,9.0,15.0,4.0,4.0,5.0,11.0,2.0,5.0,3,2,0,0,15.0,14.0,2.0,1.0,15.0,17.0,15.0,16.0,4.0,2.0,1342.5356851721206,1347.0987245555264,51.6825390794063,56.24557846281209,8.0,11.8,4.0,6.0,51.4,1.8,1.2,1.8,2.4,3.4,7.0,14.6,6.6,4.8,55.2,1.8,1.2,1.6,2.4,3.0,0.3333333333333333,2.3333333333333335,2.18,3.36,3.08
vV1ft5tJ,2023,2023-10-30 17:30:00,,FC Botosani,U Cluj,0,3,51.0,49.0,11.0,10.0,4.0,5.0,7.0,5.0,6.0,5.0,0,0,0,0,12.0,16.0,0.0,3.0,19.0,12.0,24.0,26.0,2.0,4.0,1149.1305397738913,1226.084177955765,-19.804023762647375,57.14961441922634,6.0,10.4,3.6,4.6,34.6,1.2,2.8,0.4,2.4,5.8,8.0,9.0,3.6,3.2,52.6,1.2,0.8,1.8,2.4,4.0,0.6666666666666666,1.6666666666666667,3.41,3.18,2.12
hYkx5lJJ,2023,2023-10-30 20:30:00,,CFR Cluj,Farul Constanta,3,1,58.0,42.0,16.0,5.0,4.0,5.0,12.0,0.0,5.0,3.0,1,2,0,0,20.0,7.0,2.0,2.0,9.0,22.0,20.0,22.0,4.0,1.0,1411.1203342913327,1353.0461372656187,113.99873915261878,55.92454212690474,6.0,14.2,6.0,5.6,48.4,1.4,0.8,1.6,1.2,4.0,4.0,11.2,4.8,5.8,52.8,1.6,0.8,2.2,2.4,3.6,1.0,2.0,1.73,3.76,4.28
CIW8aSts,2023,2023-11-03 18:00:00,,Poli Iasi,Otelul Galati,1,1,49.0,51.0,13.0,3.0,4.0,1.0,9.0,2.0,4.0,2.0,1,6,0,0,15.0,22.0,1.0,3.0,25.0,16.0,34.0,36.0,0.0,3.0,1106.5053571571711,1223.4687750440369,-60.31426007134655,56.64915781551929,6.0,10.8,4.6,5.2,51.2,0.8,0.8,1.2,1.6,2.8,6.0,10.6,3.6,5.0,46.2,0.8,0.4,1.6,2.2,2.2,,,,,
tbOPept6,2023,2023-11-04 16:45:00,,Sepsi Sf. Gheorghe,Petrolul Ploiesti,0,0,57.0,43.0,14.0,7.0,5.0,0.0,9.0,7.0,2.0,3.0,3,4,0,0,17.0,17.0,2.0,2.0,19.0,19.0,34.0,27.0,0.0,5.0,1272.149115381715,1225.2205067735515,103.70667288852565,56.77806428036213,7.0,8.8,4.4,3.6,50.4,1.4,1.4,1.2,1.8,3.8,6.0,9.0,3.8,4.4,43.8,1.0,0.6,1.4,1.8,3.4,2.0,0.5,,,
KrzHc6Bg,2023,2023-11-04 21:15:00,,Univ. Craiova,U Craiova 1948,1,1,55.0,45.0,8.0,18.0,2.0,7.0,6.0,11.0,7.0,11.0,4,6,0,1,15.0,12.0,1.0,2.0,13.0,17.0,15.0,32.0,6.0,1.0,1335.0449118033364,1220.1629925679226,171.4425346686569,56.560615433243214,6.0,13.8,6.0,4.6,55.0,1.4,1.4,1.0,2.2,2.4,6.0,13.6,6.0,5.0,59.0,0.8,1.8,0.4,1.8,3.8,2.0,1.0,,,
vqsTf4eC,2023,2023-11-05 15:00:00,,U Cluj,FC Voluntari,1,2,58.0,42.0,17.0,7.0,2.0,5.0,15.0,2.0,8.0,1.0,3,4,0,1,7.0,10.0,1.0,0.0,10.0,8.0,35.0,19.0,3.0,1.0,1242.4184751867197,1195.631320700116,103.00505639036442,56.21790190376089,5.0,9.0,3.8,3.4,51.6,1.6,0.8,1.8,1.8,4.2,8.0,8.4,3.2,3.8,45.0,0.2,0.8,0.6,2.8,3.0,1.3333333333333333,1.3333333333333333,,,
Y5tXgOAI,2023,2023-11-05 17:30:00,,Farul Constanta,FC Botosani,1,1,63.0,37.0,18.0,7.0,7.0,2.0,11.0,5.0,10.0,2.0,0,5,0,0,8.0,10.0,1.0,0.0,10.0,9.0,20.0,20.0,1.0,6.0,1343.384594750758,1132.7962425429366,265.8401933215623,55.25184111374086,5.0,10.6,5.0,6.0,53.2,1.4,1.4,1.6,1.8,2.4,6.0,11.2,3.8,4.4,37.6,1.0,3.2,0.2,2.0,5.8,2.3333333333333335,0.3333333333333333,,,
bZYKdQQa,2023,2023-11-05 20:30:00,,FCSB,Rapid Bucuresti,1,2,60.0,40.0,12.0,9.0,7.0,5.0,5.0,4.0,5.0,2.0,4,3,0,0,14.0,10.0,2.0,0.0,10.0,16.0,32.0,20.0,3.0,6.0,1428.51208754994,1354.5894979243105,128.69135561711687,54.76876599148752,8.0,15.2,7.8,5.0,55.6,2.0,1.2,1.8,3.2,3.2,7.0,12.0,4.6,5.2,49.4,2.2,1.2,2.2,1.8,3.8,1.0,2.0,,,
j9VCbndm,2023,2023-11-06 18:00:00,,UTA Arad,Dinamo Bucuresti,2,1,58.0,42.0,7.0,9.0,2.0,4.0,5.0,5.0,8.0,5.0,2,2,0,0,6.0,19.0,0.0,2.0,21.0,6.0,17.0,18.0,3.0,0.0,1202.2693464779957,1084.1093496519406,171.91300437040718,53.75300754435219,8.0,12.0,3.4,5.0,46.8,1.4,1.2,1.4,1.8,2.6,9.0,8.0,3.2,5.0,57.4,0.2,1.6,0.4,3.2,2.2,1.0,1.0,,,
6yft48YP,2023,2023-11-06 21:00:00,,FC Hermannstadt,CFR Cluj,1,0,36.0,64.0,10.0,10.0,4.0,3.0,6.0,7.0,5.0,6.0,2,2,0,0,12.0,13.0,3.0,3.0,16.0,15.0,20.0,19.0,3.0,3.0,1251.2038669298106,1420.7818768061934,-115.41851889469854,54.1594909816842,9.0,8.6,4.4,3.8,47.4,1.4,0.6,1.4,1.2,2.4,7.0,14.4,5.0,6.2,49.8,1.8,0.4,2.2,1.0,4.0,1.0,2.0,,,
GSv0ccHA,2023,2023-11-10 20:30:00,,Sepsi Sf. Gheorghe,Rapid Bucuresti,0,0,42.0,58.0,11.0,13.0,5.0,4.0,6.0,9.0,6.0,6.0,1,2,0,0,22.0,16.0,0.0,1.0,17.0,22.0,19.0,28.0,4.0,5.0,1269.2497974201297,1368.132943886115,-43.73328253531304,55.14986393067228,6.0,10.4,5.0,3.6,50.8,1.4,0.8,1.4,2.2,3.0,5.0,9.6,4.2,3.6,47.6,2.0,1.2,2.2,2.0,3.4,1.6666666666666667,0.6666666666666666,,,
fJw4dHWG,2023,2023-11-11 14:00:00,,U Cluj,Petrolul Ploiesti,0,0,48.0,52.0,15.0,9.0,1.0,2.0,14.0,7.0,8.0,2.0,2,4,1,0,14.0,14.0,4.0,1.0,15.0,18.0,38.0,23.0,2.0,1.0,1229.5376646531192,1228.119824735137,56.661614266462266,55.243774348480045,5.0,10.4,3.2,3.8,53.2,1.6,1.0,1.6,2.2,4.0,6.0,9.0,3.4,4.4,45.2,1.0,0.6,1.4,2.2,3.6,1.3333333333333333,1.3333333333333333,1.95,3.26,3.86
nmmq1uIo,2023,2023-11-11 18:45:00,,Poli Iasi,CFR Cluj,3,3,52.0,48.0,14.0,16.0,5.0,6.0,9.0,10.0,8.0,5.0,3,3,0,0,11.0,15.0,0.0,9.0,24.0,11.0,16.0,15.0,3.0,2.0,1108.2241100217425,1407.5769041530189,-244.23026073688266,55.12253339439362,8.0,11.2,4.6,4.2,47.6,1.0,1.0,1.2,1.8,2.6,4.0,14.0,4.2,6.8,55.0,1.4,0.6,1.6,1.4,3.0,0.0,3.0,4.25,3.46,1.8
AV30xduo,2023,2023-11-11 21:00:00,,Farul Constanta,FC Hermannstadt,1,1,52.0,48.0,10.0,6.0,4.0,1.0,6.0,5.0,4.0,3.0,4,2,0,0,15.0,8.0,2.0,1.0,9.0,17.0,18.0,16.0,0.0,3.0,1336.9435931207133,1264.4088395829851,128.1119651907086,55.57721165298028,6.0,12.0,5.6,7.2,54.6,1.2,1.4,1.2,1.4,2.2,5.0,8.2,4.4,3.8,41.8,1.6,0.6,1.8,1.6,2.6,1.3333333333333333,1.3333333333333333,1.9,3.4,3.87
2qw8eynN,2023,2023-11-12 13:30:00,,FC Botosani,FC Voluntari,3,3,48.0,52.0,20.0,12.0,10.0,5.0,10.0,7.0,2.0,2.0,6,3,1,1,14.0,12.0,1.0,1.0,13.0,15.0,27.0,16.0,2.0,7.0,1139.2372441729813,1208.5121312337164,-13.962339534346711,55.31254752638851,6.0,9.4,3.2,3.6,39.0,0.8,3.0,0.2,2.6,6.6,6.0,7.8,3.0,3.6,43.4,0.4,0.6,1.2,2.8,3.0,0.0,3.0,,,
K0oiaJnb,2023,2023-11-12 16:00:00,,Univ. Craiova,Dinamo Bucuresti,1,0,54.0,46.0,12.0,15.0,4.0,6.0,8.0,9.0,6.0,3.0,2,4,0,0,22.0,20.0,1.0,0.0,20.0,23.0,21.0,22.0,6.0,3.0,1330.4753980769053,1078.6895704875137,307.12849903368874,55.34267144429722,7.0,13.4,5.4,5.4,56.0,1.4,1.4,1.0,2.2,2.8,5.0,7.4,2.6,4.4,53.8,0.4,1.6,0.4,2.8,1.8,3.0,0.0,,,
Y3kebw24,2023,2023-11-12 21:00:00,,FCSB,U Craiova 1948,2,1,47.0,53.0,6.0,8.0,5.0,2.0,1.0,6.0,2.0,7.0,4,0,1,0,16.0,12.0,0.0,1.0,13.0,16.0,14.0,20.0,1.0,3.0,1414.9686415881354,1224.7325062943537,245.797498477325,55.561363183543314,7.0,14.8,7.8,5.6,57.2,1.2,1.2,1.2,3.6,3.4,7.0,13.8,6.6,5.2,55.6,1.0,1.6,0.6,2.8,3.4,2.3333333333333335,0.3333333333333333,,,
Qwnm0aXi,2023,2023-11-13 20:30:00,,UTA Arad,Otelul Galati,2,4,53.0,47.0,12.0,15.0,3.0,5.0,7.0,5.0,1.0,5.0,1,2,0,0,10.0,17.0,1.0,0.0,17.0,11.0,28.0,16.0,1.0,1.0,1207.6891256424226,1221.7500221794655,41.7936544742322,55.85455101127524,7.0,11.2,3.6,4.8,46.0,1.8,1.4,1.8,2.0,3.2,10.0,8.4,2.8,4.0,48.8,0.6,0.6,1.2,3.0,2.0,1.0,1.0,2.56,2.88,2.92
tzxCfe1T,2023,2023-11-24 17:30:00,,FC Hermannstadt,Poli Iasi,0,0,44.0,56.0,15.0,6.0,4.0,3.0,9.0,2.0,2.0,2.0,2,2,0,0,9.0,14.0,1.0,0.0,14.0,10.0,29.0,31.0,3.0,4.0,1267.9376946042087,1114.286486802898,208.31812177865413,54.66691397734342,12.0,7.8,3.8,2.6,41.4,1.6,0.6,1.8,1.6,3.2,12.0,11.8,4.4,5.2,47.4,1.2,1.0,1.4,2.2,2.4,2.0,1.0,1.75,3.42,4.63
ltawBGoA,2023,2023-11-24 20:30:00,,Petrolul Ploiesti,FC Botosani,2,1,59.0,41.0,16.0,12.0,7.0,2.0,7.0,7.0,6.0,3.0,1,2,0,0,13.0,14.0,0.0,2.0,16.0,13.0,18.0,28.0,1.0,5.0,1229.7363707896227,1139.638896411764,144.36182123840467,54.26434686054613,13.0,10.0,3.6,4.2,49.0,1.0,0.6,1.4,2.8,3.0,12.0,11.8,4.8,3.8,41.4,1.2,2.6,0.4,3.2,5.0,1.3333333333333333,1.3333333333333333,1.83,3.44,4.13
r3bsAz1G,2023,2023-11-25 17:30:00,,FC Voluntari,Farul Constanta,4,2,35.0,65.0,6.0,16.0,4.0,6.0,2.0,7.0,1.0,10.0,0,1,0,0,11.0,13.0,1.0,0.0,13.0,12.0,15.0,24.0,4.0,1.0,1208.1104789949336,1333.4147380994898,-70.58476600585982,54.719493098696326,13.0,9.2,4.0,2.6,46.2,1.0,1.2,1.2,2.8,4.2,13.0,12.0,5.8,6.2,55.2,1.2,1.6,0.8,2.0,1.0,0.3333333333333333,2.3333333333333335,3.0,3.28,2.27
nHEvjF9p,2023,2023-11-25 20:30:00,,CFR Cluj,UTA Arad,0,0,66.0,34.0,15.0,9.0,3.0,1.0,9.0,6.0,11.0,1.0,2,0,0,0,10.0,7.0,1.0,2.0,9.0,11.0,24.0,15.0,1.0,3.0,1401.5145273718633,1191.8539651899982,265.6532819639897,55.99271978212469,14.0,14.4,4.0,6.8,55.6,1.4,1.2,1.2,2.0,3.0,12.0,11.8,3.6,4.0,47.2,2.2,2.2,1.6,1.6,2.8,2.3333333333333335,0.3333333333333333,1.41,4.44,6.97
0KIrkZOj,2023,2023-11-26 17:30:00,,Otelul Galati,Univ. Craiova,1,3,36.0,64.0,4.0,9.0,2.0,7.0,2.0,2.0,6.0,4.0,3,1,0,0,12.0,10.0,2.0,1.0,11.0,14.0,15.0,23.0,4.0,1.0,1237.58518263189,1333.39128793352,-40.29622446933331,55.50988083229675,12.0,10.6,3.4,4.4,50.8,1.2,1.0,1.2,2.4,2.0,14.0,10.8,3.2,5.2,54.0,0.6,1.2,1.0,2.2,3.8,1.0,1.0,3.58,3.04,2.12
EN6QDI1i,2023,2023-11-26 20:30:00,,Dinamo Bucuresti,FCSB,0,1,40.0,60.0,7.0,12.0,3.0,5.0,4.0,6.0,5.0,2.0,2,5,0,0,14.0,9.0,0.0,3.0,12.0,14.0,17.0,24.0,4.0,3.0,1075.773680630899,1418.877812624561,-288.532442645793,54.571689347869025,14.0,9.6,3.6,4.6,50.4,0.4,1.6,0.4,2.8,2.2,13.0,13.8,7.2,5.2,57.2,1.2,1.0,1.6,3.6,3.0,0.0,3.0,5.96,4.1,1.5
hE5UCxHc,2023,2023-11-27 17:30:00,,U Craiova 1948,Sepsi Sf. Gheorghe,2,1,55.0,45.0,19.0,9.0,8.0,2.0,6.0,5.0,9.0,5.0,2,1,0,0,11.0,8.0,2.0,4.0,12.0,13.0,32.0,17.0,1.0,6.0,1220.823335257928,1270.5019363242332,4.653631735083309,54.33223280138844,14.0,12.6,5.4,5.6,53.8,1.2,1.6,0.6,2.4,3.0,16.0,11.4,5.6,4.6,52.4,1.4,0.6,1.6,2.0,3.4,1.0,2.0,2.72,3.1,2.55
Ak0ZBdW3,2023,2023-11-27 20:30:00,,Rapid Bucuresti,U Cluj,2,3,52.0,48.0,9.0,11.0,5.0,5.0,2.0,2.0,2.0,4.0,1,4,0,0,9.0,12.0,1.0,0.0,12.0,10.0,26.0,25.0,2.0,3.0,1366.8808049820116,1227.9211185986335,194.03187411385238,55.07218773047432,17.0,10.8,4.8,4.2,49.2,1.8,1.0,2.2,2.0,3.8,16.0,11.0,2.4,5.0,52.2,1.2,0.6,1.6,1.8,3.2,2.3333333333333335,0.3333333333333333,1.85,3.44,4.0
2qPCPF03,2023,2023-12-01 17:00:00,,FC Voluntari,Petrolul Ploiesti,0,0,42.0,58.0,9.0,9.0,5.0,1.0,2.0,7.0,5.0,2.0,4,6,1,1,6.0,13.0,1.0,0.0,13.0,7.0,21.0,9.0,1.0,5.0,1225.0868347739786,1235.804987298292,43.22390495662489,53.942057480938225,5.0,8.2,4.4,2.6,44.8,1.8,1.6,1.6,1.8,4.8,6.0,11.0,4.4,4.6,50.2,1.4,0.8,1.8,2.8,2.6,1.3333333333333333,1.3333333333333333,,,
d6OGOZF9,2023,2023-12-01 20:00:00,,Poli Iasi,Farul Constanta,2,3,49.0,51.0,9.0,10.0,5.0,4.0,3.0,3.0,5.0,8.0,3,3,0,0,11.0,10.0,1.0,3.0,13.0,12.0,24.0,18.0,1.0,3.0,1119.6540483601952,1316.4383823204448,-142.93510435905614,53.849229601193464,7.0,10.0,3.8,4.8,49.6,1.0,1.0,1.0,2.2,2.6,6.0,13.2,5.8,7.4,56.2,1.4,2.2,0.6,1.8,1.2,3.0,0.0,,,
fw2o9fGM,2023,2023-12-02 14:00:00,,UTA Arad,FC Hermannstadt,2,0,51.0,49.0,16.0,9.0,8.0,3.0,4.0,4.0,2.0,5.0,2,2,0,0,9.0,4.0,2.0,1.0,5.0,11.0,25.0,24.0,3.0,6.0,1198.2918178543707,1262.5701330469115,-10.886839831669931,53.39147536087086,6.0,12.2,3.4,3.4,44.8,1.8,1.8,1.6,1.0,3.0,7.0,8.8,3.4,2.8,41.0,1.4,0.4,1.8,1.6,2.4,1.3333333333333333,1.3333333333333333,,,
ltL8Qeoc,2023,2023-12-02 17:00:00,,FC Botosani,Rapid Bucuresti,0,0,36.0,64.0,11.0,6.0,5.0,3.0,5.0,2.0,5.0,5.0,3,1,0,0,15.0,16.0,1.0,0.0,16.0,16.0,21.0,17.0,3.0,5.0,1133.5702799030948,1351.8124016548636,-163.75676147166564,54.48536028010318,7.0,11.2,4.4,2.8,42.6,1.4,2.8,0.4,2.8,3.8,4.0,9.6,4.4,3.0,50.2,1.6,1.2,1.6,1.8,3.4,0.6666666666666666,1.6666666666666667,,,
x2ij8EVS,2023,2023-12-02 20:30:00,,Univ. Craiova,CFR Cluj,1,0,56.0,44.0,13.0,13.0,5.0,1.0,4.0,9.0,10.0,5.0,5,2,0,0,10.0,11.0,1.0,3.0,14.0,11.0,15.0,16.0,1.0,4.0,1345.9005077258898,1395.0766747074908,5.638648183689384,54.81481516529045,6.0,11.2,4.4,5.4,55.2,1.2,1.4,1.4,2.0,3.6,7.0,14.6,4.0,7.0,58.4,1.2,1.0,1.2,1.8,2.6,1.0,1.0,,,
nysQ1C8d,2023,2023-12-03 16:00:00,,U Cluj,U Craiova 1948,2,1,39.0,61.0,13.0,3.0,6.0,1.0,5.0,1.0,6.0,1.0,0,2,0,0,16.0,14.0,1.0,0.0,14.0,17.0,15.0,27.0,0.0,4.0,1242.9895219257814,1230.689400979073,67.85276518000342,55.55264423329503,5.0,11.6,2.8,5.2,48.6,1.6,1.0,1.6,2.2,3.4,5.0,14.4,5.4,7.2,54.0,1.4,1.6,1.0,2.8,2.2,1.0,2.0,,,
vBwI3Ywp,2023,2023-12-03 21:00:00,,FCSB,Otelul Galati,0,2,65.0,35.0,19.0,10.0,6.0,4.0,7.0,5.0,10.0,2.0,4,3,1,0,9.0,16.0,0.0,0.0,16.0,9.0,22.0,16.0,2.0,6.0,1422.0705665776354,1225.0759628395201,253.15261019776426,56.15800645964891,7.0,12.6,5.8,4.2,56.2,1.2,1.0,1.6,3.8,2.8,7.0,8.8,2.6,4.6,47.8,1.4,1.4,1.2,3.0,2.4,3.0,0.0,,,
8prM2hgj,2023,2023-12-04 20:00:00,,Sepsi Sf. Gheorghe,Dinamo Bucuresti,2,1,48.0,52.0,9.0,8.0,5.0,3.0,3.0,4.0,5.0,4.0,2,1,0,0,16.0,16.0,,,16.0,16.0,18.0,25.0,2.0,3.0,1260.635870603088,1072.5809266778247,242.49231820645832,54.43737428119489,7.0,11.6,5.4,4.8,50.4,1.6,0.8,1.6,1.6,3.6,7.0,8.6,3.4,4.8,48.8,0.2,1.6,0.2,2.6,2.6,2.3333333333333335,0.3333333333333333,,,
Y7XaEkh2,2023,2023-12-08 19:00:00,,Poli Iasi,UTA Arad,1,0,62.0,38.0,16.0,8.0,7.0,3.0,4.0,4.0,5.0,4.0,3,2,0,0,13.0,12.0,0.0,3.0,15.0,13.0,16.0,18.0,3.0,6.0,1113.550658489227,1212.8769501108018,-44.59121557287449,54.73507604870019,6.0,9.4,4.0,4.4,50.4,1.2,1.4,0.8,2.2,2.0,6.0,12.8,4.0,3.2,46.8,1.8,1.4,2.0,1.2,2.6,1.0,2.0,,,
fHYeFVxd,2023,2023-12-09 20:45:00,,Rapid Bucuresti,FC Voluntari,1,2,63.0,37.0,8.0,3.0,4.0,3.0,4.0,0.0,8.0,2.0,0,1,0,0,11.0,10.0,1.0,0.0,10.0,12.0,24.0,20.0,1.0,3.0,1347.4196698523667,1223.849129710715,179.15134900174166,55.58080886008997,7.0,9.2,4.2,3.4,52.2,1.2,0.8,1.6,2.0,4.4,8.0,8.8,5.0,3.0,45.4,1.8,1.6,1.6,2.6,3.4,2.0,1.0,,,
zcNKNgVF,2023,2023-12-10 14:00:00,,FC Hermannstadt,Univ. Craiova,2,1,50.0,50.0,10.0,10.0,6.0,5.0,3.0,3.0,4.0,8.0,1,1,0,0,10.0,20.0,2.0,0.0,20.0,12.0,21.0,25.0,4.0,4.0,1247.9850007904804,1355.7382286326176,-53.27816438228979,54.47506345984754,8.0,8.6,2.6,3.4,43.2,0.6,0.8,1.2,1.6,3.2,7.0,11.4,4.4,6.4,56.4,1.2,0.8,2.0,2.8,3.2,1.0,2.0,,,
MNQswZU2,2023,2023-12-10 17:00:00,,Farul Constanta,Petrolul Ploiesti,3,1,41.0,59.0,14.0,15.0,6.0,4.0,3.0,8.0,5.0,4.0,3,0,0,0,15.0,9.0,5.0,0.0,9.0,20.0,16.0,19.0,3.0,3.0,1322.541772191413,1237.0426923615555,140.83826035402012,55.33918052416276,8.0,11.8,5.2,7.0,54.6,1.6,2.2,1.0,2.0,1.2,9.0,10.4,3.4,4.0,51.8,0.8,0.6,1.4,3.4,2.8,2.0,1.0,,,
2JgHMDpM,2023,2023-12-10 20:00:00,,CFR Cluj,FCSB,1,1,44.0,56.0,10.0,12.0,2.0,5.0,7.0,3.0,5.0,6.0,1,2,0,0,17.0,11.0,3.0,1.0,12.0,20.0,18.0,23.0,4.0,1.0,1385.238953800763,1399.1288041982486,42.10213446646321,55.99198486394891,7.0,14.0,3.4,6.4,56.0,1.2,1.2,1.0,2.0,2.8,6.0,12.2,5.4,4.4,57.0,1.2,1.4,1.4,4.2,2.8,0.3333333333333333,2.3333333333333335,,,
ChqiGBNk,2023,2023-12-11 17:00:00,,U Craiova 1948,FC Botosani,2,0,54.0,46.0,9.0,14.0,6.0,4.0,2.0,5.0,5.0,5.0,3,0,0,0,13.0,15.0,5.0,1.0,16.0,18.0,13.0,19.0,4.0,4.0,1222.617904627688,1137.9630117055917,140.55643529166764,55.90154236957142,8.0,12.8,4.6,6.8,55.2,1.4,1.8,0.8,2.0,2.4,9.0,12.2,4.6,3.6,42.6,1.0,1.8,0.6,3.2,3.6,2.3333333333333335,0.3333333333333333,,,
bkumHi8q,2023,2023-12-11 20:45:00,,Dinamo Bucuresti,U Cluj,0,1,55.0,45.0,12.0,9.0,2.0,6.0,7.0,3.0,5.0,2.0,4,3,0,0,17.0,18.0,0.0,1.0,19.0,17.0,18.0,15.0,5.0,2.0,1068.611569777754,1251.0610182771666,-125.89436841495967,56.555080084452754,7.0,9.4,3.6,4.8,46.8,0.4,1.2,0.2,2.4,2.6,8.0,13.2,3.8,6.2,48.4,1.8,1.0,2.0,1.8,2.4,0.6666666666666666,1.6666666666666667,,,
tAhLLXaS,2023,2023-12-12 17:00:00,,Otelul Galati,Sepsi Sf. Gheorghe,2,3,52.0,48.0,13.0,11.0,7.0,6.0,5.0,2.0,6.0,12.0,3,6,0,0,14.0,18.0,2.0,2.0,20.0,16.0,21.0,25.0,3.0,5.0,1248.017725218907,1264.6052275031586,39.478041580384115,56.06554386463591,8.0,7.8,2.8,4.4,46.0,1.8,1.4,1.6,2.8,2.8,7.0,10.0,4.6,4.2,47.2,1.0,0.6,1.6,1.8,3.6,1.0,1.0,2.75,2.81,2.79
jq4QUAxq,2023,2023-12-15 17:00:00,,FC Voluntari,U Craiova 1948,0,1,52.0,48.0,6.0,6.0,1.0,5.0,4.0,1.0,7.0,6.0,1,4,0,0,9.0,9.0,1.0,1.0,10.0,10.0,15.0,21.0,4.0,1.0,1238.5924017139473,1231.3317408261057,62.491349426689794,55.23068853884816,5.0,7.4,4.4,2.2,41.6,2.2,1.4,2.2,2.4,3.2,4.0,11.4,4.8,6.6,53.6,1.4,1.2,1.4,2.6,2.6,0.3333333333333333,2.3333333333333335,2.81,3.24,2.42
nBcZSl7e,2023,2023-12-15 20:00:00,,Petrolul Ploiesti,Rapid Bucuresti,0,0,62.0,38.0,19.0,2.0,6.0,0.0,6.0,2.0,8.0,5.0,5,2,1,1,15.0,8.0,1.0,1.0,9.0,16.0,23.0,21.0,0.0,6.0,1228.33863449774,1332.6763978491344,-49.99053710412886,54.34722624726556,5.0,11.2,2.8,3.4,54.2,0.6,0.8,1.2,3.0,3.0,5.0,9.0,4.2,4.6,55.4,1.0,1.2,1.0,1.4,3.8,2.0,1.0,2.77,2.94,2.65
tYdwS8M1,2023,2023-12-16 14:00:00,,UTA Arad,Farul Constanta,0,0,47.0,53.0,4.0,12.0,1.0,1.0,3.0,6.0,1.0,7.0,1,1,0,0,5.0,6.0,1.0,1.0,7.0,6.0,16.0,17.0,1.0,1.0,1201.6005126256048,1331.2458300552285,-75.19091651633926,54.45440091328453,7.0,10.4,3.4,3.2,46.8,1.2,1.2,1.4,1.4,3.2,5.0,13.6,5.4,7.4,54.4,2.0,1.8,1.6,2.2,1.6,0.3333333333333333,2.3333333333333335,3.07,3.38,2.18
8KbVTUik,2023,2023-12-16 17:00:00,,Univ. Craiova,Poli Iasi,2,2,58.0,42.0,11.0,6.0,4.0,4.0,6.0,1.0,8.0,1.0,0,1,0,0,8.0,13.0,5.0,0.0,13.0,13.0,22.0,17.0,2.0,2.0,1344.2166677750813,1124.827095974424,274.0037979067131,54.61422610605592,6.0,10.4,4.6,7.0,55.8,1.4,0.8,2.0,2.6,3.6,7.0,11.6,4.8,4.8,53.6,1.4,1.4,1.2,2.4,2.2,3.0,0.0,1.49,4.12,6.15
0EPoxgp9,2023,2023-12-16 20:00:00,,FCSB,FC Hermannstadt,3,0,59.0,41.0,13.0,8.0,11.0,7.0,2.0,0.0,8.0,3.0,0,2,0,0,10.0,16.0,1.0,0.0,16.0,11.0,26.0,17.0,7.0,8.0,1400.3347041232817,1259.5065616480167,194.94913745697818,54.120994981713196,6.0,12.2,5.6,5.0,57.6,1.0,1.2,1.4,3.8,2.0,6.0,10.0,3.6,3.8,45.4,0.8,0.8,1.6,1.8,3.8,1.6666666666666667,0.6666666666666666,1.61,3.63,5.42
fDIfzXEL,2023,2023-12-17 15:00:00,,U Cluj,Otelul Galati,0,1,63.0,37.0,11.0,4.0,2.0,3.0,4.0,1.0,9.0,1.0,5,5,0,0,10.0,15.0,1.0,1.0,16.0,11.0,12.0,3.0,2.0,2.0,1257.5881678747244,1236.8863208750702,75.46093002383509,54.7590830241809,5.0,13.0,4.0,5.6,47.6,1.4,1.0,2.0,2.4,2.0,4.0,9.0,3.8,4.2,44.2,2.0,1.8,1.4,3.4,3.4,1.0,1.0,1.88,3.17,4.28
rwFjyDaF,2023,2023-12-17 21:00:00,,Sepsi Sf. Gheorghe,CFR Cluj,2,1,57.0,43.0,13.0,9.0,7.0,4.0,4.0,3.0,4.0,3.0,3,1,0,0,16.0,14.0,1.0,3.0,17.0,17.0,17.0,21.0,3.0,5.0,1275.7366318469954,1384.03305387573,-54.447720506916085,53.84870152181866,5.0,10.8,4.6,6.0,48.0,1.2,1.0,1.6,2.6,3.4,7.0,12.8,3.0,6.4,53.2,0.8,1.2,0.6,2.0,2.8,0.0,3.0,3.07,3.21,2.25
lzIbZjUR,2023,2023-12-18 20:00:00,,FC Botosani,Dinamo Bucuresti,0,2,56.0,44.0,6.0,5.0,2.0,4.0,3.0,0.0,3.0,2.0,2,3,0,0,21.0,20.0,2.0,1.0,21.0,23.0,27.0,29.0,2.0,2.0,1129.249175507174,1062.0844201801963,121.88003888080402,54.71528355382635,7.0,12.8,4.6,3.4,41.6,1.0,1.6,0.6,3.2,4.0,6.0,10.2,3.6,4.4,47.0,0.4,1.4,0.0,2.6,3.0,1.0,2.0,2.45,3.04,2.91
4Ex4Fjfg,2023,2023-12-19 17:30:00,,U Craiova 1948,Petrolul Ploiesti,2,0,55.0,45.0,18.0,15.0,5.0,6.0,7.0,6.0,7.0,5.0,3,2,0,0,6.0,9.0,1.0,2.0,11.0,7.0,25.0,21.0,6.0,3.0,1243.111238047207,1229.7676300446597,66.64069991249153,53.297091909944214,4.0,9.0,4.4,5.6,54.2,1.4,1.0,1.8,2.2,2.6,3.0,13.6,4.0,4.4,58.0,0.6,0.8,1.2,3.2,2.0,0.3333333333333333,2.3333333333333335,1.94,3.28,3.84
MkmaGWvm,2023,2023-12-19 20:30:00,,Poli Iasi,FCSB,1,3,54.0,46.0,8.0,12.0,4.0,8.0,3.0,4.0,3.0,4.0,4,1,0,0,6.0,7.0,0.0,2.0,9.0,6.0,30.0,27.0,5.0,3.0,1131.4035109656604,1408.8425446895178,-223.2822653516523,54.15676837220506,3.0,10.2,4.8,4.2,52.2,1.6,1.6,1.2,2.4,2.6,3.0,12.4,6.4,5.6,57.4,1.4,0.8,2.0,3.0,2.8,1.0,2.0,4.4,3.47,1.77
IHt8EA9a,2023,2023-12-20 17:30:00,,UTA Arad,Univ. Craiova,2,2,29.0,71.0,7.0,12.0,3.0,6.0,4.0,5.0,2.0,6.0,2,1,0,0,10.0,13.0,1.0,1.0,14.0,11.0,14.0,18.0,4.0,2.0,1203.73151519589,1337.640252783845,-80.21154621456344,53.69719137339138,4.0,9.8,3.2,1.8,44.6,0.8,1.0,1.0,1.2,2.8,4.0,11.0,5.0,7.2,56.4,1.6,1.0,2.0,1.8,2.8,0.0,3.0,4.62,3.39,1.76
CvtCDUO5,2023,2023-12-20 20:30:00,,Farul Constanta,Rapid Bucuresti,0,0,54.0,46.0,12.0,5.0,5.0,1.0,4.0,2.0,5.0,1.0,3,3,0,0,4.0,13.0,3.0,1.0,14.0,7.0,20.0,19.0,1.0,5.0,1329.1148274849431,1331.2474023022148,51.73475500498034,53.86732982225202,4.0,12.4,4.2,6.8,52.4,1.8,1.6,1.6,2.4,1.6,5.0,7.6,3.2,5.2,55.0,0.6,1.0,0.6,1.2,3.8,1.3333333333333333,1.3333333333333333,2.18,3.28,3.15
fy1sRSy8,2023,2023-12-21 17:00:00,,FC Hermannstadt,Sepsi Sf. Gheorghe,1,1,32.0,68.0,7.0,6.0,2.0,3.0,4.0,3.0,2.0,4.0,2,4,0,0,15.0,13.0,3.0,3.0,16.0,18.0,16.0,26.0,2.0,1.0,1250.9987210817806,1287.2910589404312,17.46413166197931,53.756469520629864,4.0,9.6,4.2,3.4,46.4,0.6,1.4,1.0,1.8,4.8,3.0,10.6,5.0,6.4,48.0,1.6,1.2,2.0,2.6,4.0,0.3333333333333333,2.3333333333333335,2.48,2.89,3.01
b9RNZKu8,2023,2023-12-21 19:45:00,,CFR Cluj,U Cluj,4,0,40.0,60.0,14.0,13.0,6.0,3.0,6.0,8.0,3.0,10.0,1,0,0,0,16.0,8.0,1.0,1.0,9.0,17.0,9.0,20.0,3.0,2.0,1372.4786267822942,1245.449747843228,180.74768082004016,53.71880188097374,3.0,12.6,3.2,5.8,49.0,1.0,1.4,0.6,1.8,3.2,4.0,11.8,4.0,5.8,48.6,1.2,0.8,2.0,2.8,1.8,3.0,0.0,1.86,3.28,4.18
x0QRYveE,2023,2023-12-22 17:30:00,,Otelul Galati,FC Botosani,0,2,58.0,42.0,6.0,6.0,2.0,5.0,2.0,1.0,3.0,6.0,1,2,1,0,14.0,16.0,1.0,2.0,18.0,15.0,28.0,22.0,3.0,2.0,1249.0247409065666,1110.3399535887454,193.18676871976822,54.50198140194705,5.0,9.2,4.2,4.0,41.4,2.0,1.6,1.8,3.2,3.2,3.0,12.6,4.6,3.6,45.4,0.8,1.8,0.4,2.6,3.2,,,1.73,3.38,4.82
raleHCPt,2023,2023-12-22 20:30:00,,Dinamo Bucuresti,FC Voluntari,1,0,56.0,44.0,12.0,9.0,2.0,2.0,5.0,4.0,3.0,3.0,4,0,0,0,11.0,13.0,1.0,1.0,14.0,12.0,19.0,27.0,2.0,1.0,1080.9936420986248,1226.812904492846,-92.91360695478352,52.905655439437645,4.0,9.4,3.6,3.8,47.4,0.6,1.0,0.6,2.8,3.4,7.0,7.2,3.6,3.4,43.6,1.8,1.4,1.6,1.8,3.8,2.0,1.0,2.31,2.92,3.27
00M6ZBoP,2023,2024-01-19 17:00:00,,Sepsi Sf. Gheorghe,Poli Iasi,6,0,48.0,52.0,15.0,8.0,9.0,3.0,3.0,3.0,1.0,2.0,1,0,0,0,13.0,14.0,7.0,0.0,14.0,20.0,25.0,16.0,3.0,3.0,1287.793294135846,1125.2758176481445,216.36905360345122,53.8515771157498,29.0,9.6,4.6,6.0,53.2,1.8,1.4,2.0,3.2,3.4,30.0,9.0,4.6,3.2,52.6,1.2,1.6,1.0,2.6,3.0,1.3333333333333333,1.3333333333333333,1.74,3.65,4.24
rJGtT9Oh,2023,2024-01-19 20:00:00,,Rapid Bucuresti,U Craiova 1948,4,3,57.0,43.0,28.0,7.0,13.0,5.0,9.0,2.0,6.0,0.0,1,3,0,0,12.0,15.0,3.0,2.0,17.0,15.0,23.0,25.0,2.0,9.0,1332.7255396571768,1254.5735908773515,132.82463114640836,54.67268236658303,29.0,6.0,2.6,4.2,52.6,0.6,1.0,0.6,1.4,3.8,31.0,11.0,5.0,5.6,54.6,1.6,0.6,2.4,2.8,3.2,1.0,2.0,1.89,3.58,3.66
jVvGClvC,2023,2024-01-20 17:00:00,,U Cluj,FC Hermannstadt,2,1,58.0,42.0,11.0,4.0,4.0,1.0,5.0,3.0,2.0,3.0,2,1,0,0,13.0,6.0,2.0,0.0,6.0,15.0,22.0,18.0,0.0,2.0,1235.0073542302505,1250.4964858863657,39.660023283697,55.14915493981225,29.0,11.4,4.4,6.2,51.0,1.2,1.6,1.8,2.4,1.8,30.0,9.8,4.4,3.2,43.2,0.6,1.4,1.0,1.8,4.6,2.3333333333333335,0.3333333333333333,2.06,2.97,3.8
M3SXUVgt,2023,2024-01-20 20:00:00,,Petrolul Ploiesti,Dinamo Bucuresti,1,0,50.0,50.0,9.0,6.0,3.0,2.0,5.0,1.0,6.0,4.0,3,1,0,0,18.0,10.0,4.0,3.0,13.0,22.0,25.0,23.0,2.0,2.0,1218.3052772145152,1093.6059311161202,180.5132579249887,55.81391182659385,32.0,14.8,4.8,5.0,56.6,0.6,1.2,1.0,2.8,2.4,28.0,8.8,2.8,3.8,49.4,0.8,0.8,1.2,2.8,3.2,1.0,1.0,2.24,2.99,3.3
86ZKB8gI,2023,2024-01-21 15:00:00,,FC Botosani,CFR Cluj,1,0,41.0,59.0,7.0,12.0,1.0,4.0,4.0,3.0,2.0,3.0,4,4,0,0,13.0,8.0,0.0,0.0,8.0,13.0,22.0,32.0,4.0,0.0,1131.6242997555375,1382.9210203952716,-195.09082844899308,56.20589219074097,29.0,9.8,3.6,4.4,44.2,0.6,1.2,0.8,1.8,3.2,30.0,12.2,3.2,5.4,47.4,1.2,0.8,1.0,1.4,3.4,1.3333333333333333,1.3333333333333333,5.7,3.92,1.53
ChLpSTwa,2023,2024-01-21 20:00:00,,Univ. Craiova,Farul Constanta,1,2,58.0,42.0,18.0,15.0,6.0,6.0,9.0,6.0,9.0,4.0,1,1,0,0,15.0,9.0,1.0,2.0,11.0,16.0,29.0,18.0,4.0,5.0,1335.3717401323697,1327.6366901299812,65.07276852628092,57.33771852389241,32.0,11.0,5.4,7.2,59.8,1.8,1.4,1.6,1.6,2.0,31.0,12.8,4.4,7.0,52.8,1.6,1.4,1.6,2.2,1.8,0.3333333333333333,2.3333333333333335,1.82,3.47,4.04
ncYOAS8O,2023,2024-01-22 17:00:00,,FC Voluntari,Otelul Galati,1,1,50.0,50.0,7.0,9.0,4.0,3.0,3.0,6.0,1.0,5.0,1,2,0,0,10.0,8.0,6.0,5.0,13.0,16.0,30.0,39.0,2.0,3.0,1214.2006154753506,1227.7403947397745,42.90908820823688,56.44886747266082,30.0,6.6,3.0,3.6,42.0,1.2,1.0,1.4,1.2,2.6,30.0,7.4,3.6,3.6,43.6,1.2,1.6,1.2,3.0,3.6,1.0,1.0,2.24,2.95,3.34
4SHxUk9n,2023,2024-01-22 20:00:00,,FCSB,UTA Arad,4,0,60.0,40.0,13.0,12.0,6.0,5.0,2.0,6.0,8.0,4.0,0,1,0,0,9.0,9.0,1.0,2.0,11.0,10.0,26.0,23.0,5.0,2.0,1414.9702380070337,1206.0000278473653,265.32691900335703,56.35670884368873,33.0,13.6,7.0,6.0,57.2,1.6,0.8,2.0,2.4,3.2,33.0,8.8,3.2,2.0,39.8,0.8,0.6,1.2,1.4,3.4,1.0,2.0,1.35,4.6,7.87
Y79gQ78B,2023,2024-01-26 20:00:00,,Farul Constanta,U Craiova 1948,1,0,37.0,63.0,17.0,8.0,11.0,1.0,6.0,6.0,6.0,8.0,2,3,0,0,12.0,12.0,0.0,2.0,14.0,12.0,14.0,16.0,1.0,10.0,1339.4880374797356,1248.2206232342953,148.15927072805152,56.89185648261134,5.0,12.6,4.4,5.8,48.2,1.6,0.8,2.2,2.2,2.6,7.0,8.6,4.4,3.8,52.2,1.8,1.2,1.8,3.0,4.8,2.0,1.0,1.88,3.53,3.75
MP38s9wn,2023,2024-01-27 14:00:00,,UTA Arad,Sepsi Sf. Gheorghe,2,1,37.0,63.0,14.0,13.0,6.0,5.0,5.0,7.0,7.0,9.0,1,5,0,0,12.0,6.0,1.0,0.0,6.0,13.0,17.0,20.0,4.0,4.0,1198.864725995064,1298.741364146956,-42.53653597842981,57.340102173462185,4.0,9.4,4.0,2.6,41.0,0.8,1.4,1.0,1.6,3.2,7.0,10.8,6.0,5.2,53.8,2.8,1.0,2.6,3.2,2.8,0.3333333333333333,2.3333333333333335,3.29,3.12,2.19
rZ44rkOu,2023,2024-01-27 17:00:00,,Otelul Galati,Petrolul Ploiesti,0,0,65.0,35.0,14.0,4.0,7.0,2.0,6.0,1.0,9.0,2.0,2,2,0,0,11.0,17.0,3.0,1.0,18.0,14.0,32.0,36.0,2.0,7.0,1228.9691764594024,1223.5316820698101,63.618963012250106,58.18146862265775,5.0,8.4,3.8,3.4,46.4,1.2,1.2,1.4,2.8,3.4,6.0,13.4,4.0,5.0,54.8,0.4,1.0,1.0,3.2,2.6,1.0,1.0,2.42,2.82,3.17
Gn3CtThh,2023,2024-01-27 20:00:00,,Dinamo Bucuresti,Rapid Bucuresti,1,2,49.0,51.0,12.0,10.0,2.0,4.0,7.0,5.0,8.0,0.0,1,4,0,0,7.0,15.0,2.0,1.0,16.0,9.0,13.0,19.0,2.0,1.0,1088.3795262608253,1339.078507300233,-192.65333040910605,58.045650630301694,7.0,8.6,2.6,3.6,51.4,0.8,0.8,1.2,2.6,2.8,8.0,9.8,4.2,5.0,53.6,1.0,1.0,1.2,1.4,3.8,0.3333333333333333,2.3333333333333335,3.49,3.14,2.1
nBDcPRNH,2023,2024-01-28 14:00:00,,FC Hermannstadt,FC Botosani,2,0,52.0,48.0,13.0,10.0,7.0,1.0,5.0,4.0,1.0,4.0,2,2,0,0,11.0,12.0,0.0,0.0,12.0,11.0,27.0,24.0,1.0,5.0,1241.6330607292775,1146.7153175308902,152.59130825931584,57.67356506092855,7.0,7.6,3.8,3.4,42.8,0.8,1.8,0.8,1.6,4.4,6.0,8.8,3.4,4.2,44.2,0.6,0.8,1.4,2.2,3.0,1.0,1.0,1.68,3.38,5.29
KOB5N5hU,2023,2024-01-28 17:00:00,,Poli Iasi,U Cluj,1,0,46.0,54.0,8.0,10.0,4.0,3.0,4.0,6.0,4.0,3.0,2,3,0,0,14.0,15.0,1.0,1.0,16.0,15.0,30.0,25.0,3.0,3.0,1114.3277476370347,1243.8707793873386,-71.24683304704217,58.29619870326184,9.0,9.4,4.6,3.2,51.8,1.2,2.8,0.8,2.2,2.8,8.0,11.4,4.2,5.8,53.0,1.0,1.4,1.8,2.0,1.2,3.0,0.0,3.52,3.11,2.09
jqKlRmg5,2023,2024-01-28 20:00:00,,Univ. Craiova,FCSB,0,3,55.0,45.0,5.0,12.0,3.0,5.0,1.0,4.0,7.0,4.0,3,2,0,0,12.0,12.0,0.0,2.0,14.0,12.0,15.0,13.0,2.0,3.0,1323.5203927826153,1422.105539859335,-39.38726989224256,59.197877184477285,7.0,12.8,5.2,8.2,58.6,1.4,1.6,1.0,1.6,2.6,6.0,13.8,7.2,7.2,57.2,2.2,0.8,2.0,1.4,3.6,0.3333333333333333,2.3333333333333335,2.56,3.17,2.66
tYC1OowO,2023,2024-01-29 20:00:00,,CFR Cluj,FC Voluntari,4,1,60.0,40.0,17.0,4.0,7.0,1.0,6.0,3.0,7.0,2.0,1,0,0,0,8.0,8.0,3.0,2.0,10.0,11.0,17.0,14.0,0.0,3.0,1367.830002619919,1212.9718337557226,212.90364662390698,58.0454777597107,8.0,11.6,3.4,3.8,46.0,1.2,1.0,0.8,1.8,3.2,7.0,6.8,3.0,3.6,45.0,0.6,0.8,1.0,1.4,2.2,3.0,0.0,1.41,4.33,7.16
CEdLv7N4,2023,2024-02-02 17:00:00,,FC Botosani,Poli Iasi,2,1,46.0,54.0,9.0,19.0,3.0,6.0,3.0,6.0,1.0,6.0,1,3,0,0,10.0,10.0,1.0,3.0,13.0,11.0,27.0,31.0,5.0,1.0,1138.413535633113,1126.350127386574,70.69853858941565,58.63513034287669,5.0,8.6,2.6,4.0,46.6,0.6,1.2,1.2,2.0,3.4,5.0,9.2,4.4,3.0,51.2,1.0,2.2,1.4,2.0,3.2,2.3333333333333335,0.3333333333333333,2.35,2.95,3.14
Gnu4WrVp,2023,2024-02-02 20:00:00,,U Craiova 1948,Dinamo Bucuresti,2,1,45.0,55.0,11.0,11.0,6.0,5.0,4.0,4.0,5.0,4.0,2,2,0,0,15.0,9.0,1.0,2.0,11.0,16.0,19.0,20.0,4.0,4.0,1242.2440140229508,1083.41838533585,218.06021608994888,59.23458740284814,7.0,9.6,4.4,5.2,52.6,1.6,1.0,1.8,3.2,6.0,6.0,9.4,2.4,4.4,50.8,0.8,0.8,1.2,2.6,2.6,2.3333333333333335,0.3333333333333333,1.98,3.31,3.62
j5ePwRxB,2023,2024-02-03 17:00:00,,Petrolul Ploiesti,CFR Cluj,1,2,34.0,66.0,7.0,14.0,4.0,6.0,3.0,6.0,4.0,3.0,4,2,0,0,15.0,14.0,2.0,3.0,17.0,17.0,23.0,25.0,4.0,3.0,1225.3425886345576,1375.6920370621324,-90.78217345772805,59.5672749698467,7.0,12.4,4.2,5.0,50.2,0.4,1.0,1.0,2.4,3.0,4.0,12.4,4.6,4.2,49.2,2.0,1.0,1.4,1.6,2.4,0.0,3.0,,,
bVbXy57N,2023,2024-02-03 20:00:00,,Rapid Bucuresti,Otelul Galati,2,1,41.0,59.0,8.0,13.0,4.0,6.0,3.0,3.0,2.0,4.0,1,1,0,0,20.0,17.0,1.0,3.0,20.0,21.0,25.0,27.0,5.0,2.0,1344.0396482252083,1227.158269894655,175.89028105962325,59.00890272906997,7.0,10.6,4.4,4.0,51.0,1.4,1.2,1.6,2.0,3.0,7.0,9.2,4.4,4.8,52.4,0.8,1.2,1.0,2.6,2.6,1.0,1.0,,,
Kv0TxohH,2023,2024-02-04 13:00:00,,U Cluj,UTA Arad,1,3,62.0,38.0,18.0,9.0,5.0,6.0,6.0,1.0,11.0,2.0,2,4,0,0,5.0,13.0,1.0,0.0,13.0,6.0,23.0,14.0,3.0,4.0,1231.8483996377993,1210.0829453176716,81.17409165728782,59.40863733716011,6.0,10.8,3.6,5.2,56.0,0.6,1.4,1.2,2.6,1.8,7.0,9.0,3.6,3.6,38.2,0.8,1.6,1.0,1.4,3.4,1.3333333333333333,1.3333333333333333,,,
tflxyPMT,2023,2024-02-04 15:30:00,,Sepsi Sf. Gheorghe,Univ. Craiova,1,3,53.0,47.0,12.0,9.0,4.0,5.0,8.0,2.0,5.0,6.0,2,3,0,0,16.0,15.0,2.0,2.0,17.0,18.0,24.0,28.0,2.0,3.0,1287.5231448243483,1308.1550671190607,37.47265726214437,58.10457955685683,8.0,11.6,6.0,6.0,56.8,2.6,1.2,2.0,3.8,3.2,6.0,11.2,4.8,7.6,58.4,1.2,2.2,0.4,1.2,2.8,1.0,2.0,,,
Uk7Gum8b,2023,2024-02-05 17:00:00,,FC Voluntari,FC Hermannstadt,1,1,70.0,31.0,11.0,13.0,5.0,5.0,5.0,4.0,1.0,4.0,2,0,0,0,4.0,15.0,1.0,0.0,15.0,5.0,11.0,10.0,4.0,4.0,1205.1097993135093,1249.9348426270546,12.104920121908663,56.92996343545401,6.0,5.8,2.2,3.0,44.6,0.8,1.6,0.8,0.6,2.6,8.0,8.4,4.6,2.6,43.4,1.2,1.4,1.4,1.6,3.4,1.3333333333333333,1.3333333333333333,,,
UkToeS7o,2023,2024-02-05 20:00:00,,FCSB,Farul Constanta,1,1,56.0,44.0,13.0,8.0,7.0,3.0,5.0,2.0,3.0,1.0,2,4,0,0,15.0,23.0,1.0,2.0,25.0,16.0,34.0,15.0,2.0,6.0,1437.4708655228897,1345.4646466910801,148.91006226466038,56.90384343285077,8.0,12.4,7.0,6.0,53.2,2.8,0.4,2.6,1.0,3.8,10.0,14.0,5.8,5.4,45.4,1.2,0.4,2.2,2.0,2.2,2.0,1.0,,,
fcEBkOyN,2023,2024-02-09 17:00:00,,Otelul Galati,U Craiova 1948,1,0,44.0,56.0,9.0,6.0,3.0,1.0,6.0,4.0,1.0,4.0,2,4,0,0,12.0,14.0,2.0,1.0,15.0,14.0,22.0,33.0,1.0,2.0,1221.82847512012,1246.6798482495983,31.74935881835927,56.60073194783753,5.0,9.2,4.2,4.4,53.8,0.6,1.0,1.0,2.2,2.4,6.0,10.0,4.4,5.2,50.8,1.6,1.2,1.8,3.0,6.0,3.0,0.0,,,
CYO6j4MG,2023,2024-02-09 20:00:00,,Univ. Craiova,U Cluj,2,2,48.0,52.0,19.0,8.0,7.0,5.0,7.0,2.0,7.0,3.0,1,3,0,0,11.0,14.0,1.0,3.0,17.0,12.0,25.0,23.0,3.0,5.0,1323.8166154044316,1214.460962567089,166.63803842501193,57.282385587669246,5.0,11.0,4.8,7.2,57.8,1.6,2.0,1.0,1.6,2.6,5.0,12.6,3.4,7.0,59.4,0.6,2.0,0.6,2.4,2.0,1.6666666666666667,0.6666666666666666,,,
QHMfg6xb,2023,2024-02-10 14:00:00,,Poli Iasi,FC Voluntari,0,0,52.0,48.0,8.0,6.0,3.0,4.0,3.0,2.0,5.0,2.0,2,1,0,0,6.0,9.0,2.0,4.0,13.0,8.0,33.0,30.0,4.0,3.0,1118.3573665869546,1204.7615326121327,-29.456236559318086,56.94792946585991,7.0,9.8,4.2,3.2,49.6,1.0,2.6,0.8,2.0,2.8,4.0,7.4,2.6,2.8,51.2,0.6,1.6,0.4,0.8,2.8,1.0,2.0,,,
bVK2ip7A,2023,2024-02-10 21:15:00,,CFR Cluj,Rapid Bucuresti,0,1,66.0,34.0,11.0,14.0,4.0,7.0,5.0,7.0,5.0,3.0,2,1,0,0,9.0,6.0,1.0,1.0,7.0,10.0,26.0,30.0,6.0,4.0,1383.1370002724889,1349.3694429997433,90.77892122111666,57.011363948371205,7.0,13.2,5.4,3.8,53.6,2.2,1.0,1.8,1.8,2.2,7.0,10.6,4.4,2.8,46.6,1.6,1.0,2.2,2.2,3.8,0.3333333333333333,2.3333333333333335,,,
8tSkfnNi,2023,2024-02-11 18:15:00,,FC Hermannstadt,Petrolul Ploiesti,0,0,45.0,55.0,7.0,10.0,3.0,1.0,3.0,8.0,4.0,2.0,3,3,0,0,15.0,16.0,0.0,2.0,18.0,15.0,23.0,20.0,1.0,3.0,1250.2831093284312,1217.8976254242011,88.45522665559656,56.06974275136639,6.0,9.0,4.4,2.6,39.6,1.0,1.4,1.0,1.4,3.4,8.0,10.8,4.2,5.0,45.2,0.4,0.8,1.0,3.2,3.2,1.3333333333333333,1.3333333333333333,,,
YmDFlriT,2023,2024-02-11 20:45:00,,FCSB,Sepsi Sf. Gheorghe,1,0,38.0,62.0,8.0,9.0,3.0,1.0,5.0,7.0,3.0,7.0,0,1,0,0,9.0,7.0,2.0,0.0,7.0,11.0,17.0,30.0,1.0,2.0,1433.4293790560464,1271.8615965389774,217.45060068570706,55.882818168638046,6.0,12.6,7.4,5.4,53.2,2.8,0.4,2.6,1.0,4.0,7.0,11.8,5.6,4.6,57.8,2.2,1.4,1.4,3.0,2.6,3.0,0.0,,,
48LbhQi4,2023,2024-02-12 17:00:00,,UTA Arad,FC Botosani,2,2,62.0,38.0,14.0,11.0,3.0,6.0,10.0,4.0,7.0,1.0,2,2,1,0,14.0,6.0,0.0,2.0,8.0,14.0,19.0,16.0,4.0,1.0,1227.470382388382,1146.4062964327325,137.28050111822404,56.216415162574535,8.0,9.2,4.2,3.2,38.2,1.4,1.6,1.6,1.8,3.0,10.0,7.6,2.4,3.2,46.6,1.0,1.0,1.8,2.2,3.6,1.3333333333333333,1.3333333333333333,,,
jsFtp2ap,2023,2024-02-12 20:00:00,,Farul Constanta,Dinamo Bucuresti,0,2,50.0,50.0,15.0,5.0,6.0,3.0,6.0,2.0,7.0,2.0,2,0,0,0,15.0,8.0,2.0,3.0,11.0,17.0,26.0,14.0,1.0,6.0,1349.5061331579234,1078.9825511092024,326.4581696709024,55.934587622181475,7.0,12.8,5.2,4.6,46.0,0.8,0.4,1.8,2.2,2.8,10.0,9.2,3.0,4.2,50.8,1.0,1.0,1.2,2.2,2.4,3.0,0.0,,,
WxhT75ii,2023,2024-02-16 17:00:00,,Petrolul Ploiesti,Poli Iasi,2,1,46.0,54.0,11.0,14.0,8.0,5.0,3.0,7.0,5.0,4.0,5,2,0,0,11.0,9.0,4.0,0.0,9.0,15.0,25.0,27.0,4.0,6.0,1220.3899531939123,1119.2031596871052,155.281084183634,54.09429067682697,4.0,9.0,3.2,3.8,43.8,0.4,0.8,1.0,2.8,3.8,6.0,10.2,4.0,4.0,51.6,0.6,2.2,0.8,2.2,3.2,1.0,1.0,1.88,3.14,4.26
UXDpqMEj,2023,2024-02-16 20:00:00,,Rapid Bucuresti,FC Hermannstadt,2,0,55.0,45.0,15.0,7.0,7.0,1.0,4.0,5.0,6.0,5.0,1,2,0,0,11.0,8.0,0.0,0.0,8.0,11.0,14.0,24.0,1.0,5.0,1361.924392293141,1247.79078155872,168.66336924311054,54.529758508689504,5.0,13.0,5.8,2.4,45.8,1.8,1.0,2.6,2.0,3.4,5.0,8.8,3.6,2.8,40.4,1.0,0.8,1.2,1.6,2.0,1.3333333333333333,1.3333333333333333,1.75,3.4,4.56
ptdX6P6c,2023,2024-02-17 14:00:00,,FC Voluntari,UTA Arad,0,1,54.0,46.0,7.0,12.0,4.0,5.0,3.0,7.0,7.0,5.0,1,0,0,0,11.0,9.0,3.0,2.0,11.0,14.0,18.0,25.0,4.0,4.0,1203.915739511982,1223.712681849808,35.31554344822371,55.11248578604962,7.0,7.4,3.2,1.8,50.4,0.6,1.4,0.6,0.8,2.6,4.0,11.2,4.6,4.4,41.2,1.8,2.0,1.6,2.0,3.6,1.0,1.0,2.34,3.09,3.01
Igfu53yA,2023,2024-02-17 21:30:00,,U Craiova 1948,CFR Cluj,1,3,53.0,47.0,11.0,16.0,6.0,8.0,5.0,4.0,2.0,4.0,1,1,0,0,7.0,10.0,0.0,1.0,11.0,7.0,25.0,15.0,5.0,5.0,1237.591133051842,1370.5820509790913,-78.70440539872675,54.28651252852246,8.0,10.0,3.6,4.8,52.4,1.4,1.4,1.2,3.0,6.2,7.0,13.6,5.4,4.2,58.2,2.0,0.8,1.8,2.0,2.4,0.0,3.0,3.42,3.49,1.99
v3ey6qM3,2023,2024-02-18 17:15:00,,FC Botosani,Univ. Craiova,2,2,25.0,75.0,6.0,9.0,3.0,5.0,2.0,2.0,0.0,5.0,4,4,0,0,13.0,10.0,3.0,3.0,13.0,16.0,14.0,32.0,3.0,1.0,1150.1639969713065,1319.3572004469738,-115.73110754999357,53.46209592567375,6.0,8.6,3.2,2.8,43.0,1.4,1.0,2.0,2.2,3.4,8.0,12.6,5.4,7.0,55.8,1.6,2.0,1.0,1.8,2.8,1.0,2.0,4.47,3.4,1.78
CfCDneLr,2023,2024-02-18 20:00:00,,Dinamo Bucuresti,Otelul Galati,3,1,53.0,47.0,11.0,7.0,4.0,3.0,4.0,3.0,3.0,3.0,3,3,0,0,12.0,24.0,0.0,1.0,25.0,12.0,19.0,20.0,2.0,1.0,1103.519843713929,1230.9171903178762,-73.6942724391954,53.70307416475176,6.0,9.2,2.8,4.2,52.0,1.0,1.0,1.2,1.6,3.2,9.0,10.2,4.2,4.4,55.2,0.6,1.0,1.0,1.6,2.2,0.0,3.0,2.59,2.83,2.89
6HBHoFzk,2023,2024-02-19 17:30:00,,Sepsi Sf. Gheorghe,Farul Constanta,0,1,60.0,40.0,11.0,15.0,8.0,5.0,2.0,5.0,6.0,7.0,1,1,0,0,18.0,13.0,3.0,4.0,17.0,21.0,26.0,22.0,4.0,8.0,1267.4136366198243,1324.9688405531967,-2.5698081291836843,54.9853958041889,7.0,11.0,4.4,5.2,58.8,1.8,1.4,0.8,2.6,2.4,6.0,13.4,6.2,4.6,45.4,0.8,0.8,1.6,2.4,2.8,0.3333333333333333,2.3333333333333335,2.07,3.28,3.36
zVlp4NjG,2023,2024-02-19 20:30:00,,U Cluj,FCSB,0,0,43.0,57.0,8.0,9.0,3.0,4.0,3.0,2.0,6.0,4.0,3,3,0,0,15.0,12.0,2.0,4.0,16.0,17.0,19.0,19.0,4.0,3.0,1218.9203775245467,1437.8773389751996,-164.71601837085223,54.24094307980067,10.0,12.0,4.0,5.8,57.2,1.0,2.2,0.8,2.0,2.6,7.0,11.6,5.8,4.4,49.0,2.4,0.4,2.6,1.0,2.8,1.6666666666666667,0.6666666666666666,3.21,3.16,2.19
IiFLpZke,2023,2024-02-23 17:00:00,,FC Hermannstadt,U Craiova 1948,1,0,51.0,49.0,16.0,7.0,4.0,2.0,10.0,5.0,7.0,3.0,1,2,0,0,10.0,9.0,1.0,0.0,9.0,11.0,24.0,24.0,2.0,3.0,1240.0210845272518,1226.598911680526,67.99423993707273,54.572067090347105,6.0,8.8,3.4,3.4,43.0,0.8,1.0,1.0,1.6,2.6,5.0,8.6,3.8,3.8,52.0,1.2,2.0,0.6,2.6,6.0,1.6666666666666667,0.6666666666666666,1.91,3.21,4.09
lxoL5zSK,2023,2024-02-23 20:00:00,,CFR Cluj,Dinamo Bucuresti,4,0,54.0,46.0,14.0,5.0,5.0,1.0,6.0,2.0,10.0,6.0,0,0,0,0,18.0,9.0,1.0,2.0,11.0,19.0,18.0,14.0,1.0,1.0,1381.5742723504072,1120.6174655730908,316.1339420774402,55.17713530012374,5.0,14.0,5.8,4.4,59.6,1.8,1.0,1.8,2.0,2.8,5.0,9.0,3.2,4.2,51.4,1.4,1.2,1.2,1.4,3.2,2.3333333333333335,0.3333333333333333,1.4,4.37,7.4
v73UrDK7,2023,2024-02-24 14:00:00,,UTA Arad,Petrolul Ploiesti,1,0,54.0,46.0,7.0,16.0,4.0,6.0,1.0,6.0,3.0,8.0,3,2,0,0,10.0,9.0,1.0,0.0,9.0,11.0,17.0,29.0,6.0,3.0,1234.7256586168367,1226.1961909520794,64.1249718116735,55.595504146916184,7.0,12.2,5.0,5.0,44.6,1.6,1.6,2.0,1.6,3.6,7.0,8.2,3.6,3.8,44.0,0.8,0.6,1.6,3.4,4.0,0.3333333333333333,2.3333333333333335,2.11,3.14,3.43
KKyi0Ekr,2023,2024-02-24 17:00:00,,Farul Constanta,Otelul Galati,1,1,49.0,51.0,7.0,8.0,3.0,1.0,3.0,5.0,9.0,5.0,2,4,0,0,12.0,14.0,5.0,1.0,15.0,17.0,22.0,30.0,0.0,2.0,1334.894876878373,1213.8195684587145,177.28393836668533,56.208629947026694,4.0,14.0,6.2,5.0,42.6,1.0,0.8,2.0,2.0,4.2,5.0,10.4,4.4,4.4,53.0,0.8,1.2,1.0,2.0,1.8,3.0,0.0,1.78,3.29,4.64
0G4Qqg51,2023,2024-02-24 20:00:00,,Poli Iasi,Rapid Bucuresti,3,1,51.0,49.0,14.0,13.0,6.0,6.0,5.0,2.0,3.0,7.0,0,0,0,0,7.0,11.0,3.0,3.0,14.0,10.0,22.0,20.0,5.0,3.0,1113.3969219289381,1369.6940893246092,-200.44115071295278,55.85601668271839,8.0,11.4,4.2,4.2,51.6,0.6,2.0,0.8,1.8,3.4,8.0,15.0,7.0,3.4,47.6,2.2,1.0,3.0,1.6,2.6,0.0,3.0,4.38,3.44,1.78
2ukP4fsR,2023,2024-02-25 14:00:00,,Sepsi Sf. Gheorghe,U Cluj,0,0,57.0,43.0,5.0,3.0,2.0,1.0,0.0,1.0,0.0,0.0,1,1,0,0,13.0,16.0,1.0,1.0,17.0,14.0,29.0,21.0,1.0,2.0,1257.487600294648,1223.3353643318324,91.62090191010589,57.46866594729022,5.0,12.0,5.4,5.6,57.2,1.6,1.4,0.6,2.0,3.0,5.0,11.0,4.0,5.0,53.8,1.0,1.4,1.0,2.6,3.0,2.0,1.0,2.15,3.15,3.33
6DeG6GCE,2023,2024-02-25 20:00:00,,FCSB,FC Botosani,3,2,50.0,50.0,13.0,9.0,8.0,3.0,4.0,2.0,3.0,7.0,2,7,2,1,5.0,16.0,0.0,1.0,17.0,5.0,15.0,12.0,1.0,5.0,1433.4623521679139,1153.3770401590132,337.36065889850784,57.27534688960706,5.0,11.0,5.0,4.4,51.2,1.8,0.2,2.2,1.4,2.8,7.0,8.6,2.8,1.6,39.6,1.4,1.4,1.6,2.6,3.6,3.0,0.0,1.3,4.89,9.59
SMdC7dc8,2023,2024-02-26 20:00:00,,Univ. Craiova,FC Voluntari,2,1,53.0,47.0,13.0,12.0,5.0,3.0,6.0,5.0,3.0,3.0,4,2,0,0,14.0,20.0,0.0,2.0,22.0,14.0,19.0,23.0,2.0,3.0,1316.144157259267,1192.9027627449534,180.70488318585353,57.46348867153974,8.0,12.0,5.2,6.8,56.6,1.6,2.0,1.0,2.4,2.6,9.0,7.0,3.6,2.6,52.4,0.6,1.4,0.6,1.0,3.2,0.6666666666666666,1.6666666666666667,1.36,4.64,7.43
vNihbhKf,2023,2024-02-27 16:15:00,,U Craiova 1948,Poli Iasi,1,1,44.0,56.0,6.0,12.0,3.0,3.0,1.0,8.0,3.0,3.0,1,3,0,1,14.0,11.0,2.0,2.0,13.0,16.0,20.0,20.0,2.0,2.0,1218.531335550171,1134.8989121232291,141.4875731511031,57.85514972416136,3.0,8.6,3.2,4.4,53.2,0.6,1.4,0.6,2.4,4.8,2.0,12.6,4.8,4.4,51.4,1.2,1.0,1.4,1.8,3.8,1.0,1.0,2.01,3.39,3.45
bBzeaY4l,2023,2024-02-27 18:30:00,,Dinamo Bucuresti,FC Hermannstadt,1,0,38.0,62.0,6.0,11.0,2.0,5.0,2.0,4.0,2.0,7.0,3,2,0,0,8.0,9.0,1.0,4.0,13.0,9.0,16.0,26.0,5.0,1.0,1115.0392142825249,1248.0886606576069,-75.48388781725521,57.56555855782681,3.0,8.8,3.0,4.6,50.6,1.4,1.8,1.2,1.2,3.0,4.0,11.2,4.0,4.2,44.8,0.8,0.6,1.6,1.6,2.6,2.0,1.0,2.99,2.84,2.53
6ZWjJgdK,2023,2024-02-27 21:00:00,,Otelul Galati,CFR Cluj,2,2,41.0,59.0,8.0,10.0,4.0,2.0,2.0,5.0,1.0,3.0,2,2,0,0,20.0,15.0,2.0,2.0,17.0,22.0,22.0,27.0,0.0,2.0,1218.5210786494918,1387.1525236409732,-110.15545763980549,58.47598735167601,3.0,10.2,4.0,4.4,53.2,0.8,1.2,1.0,2.4,1.6,4.0,14.4,6.0,5.8,58.6,2.6,0.8,2.4,1.2,3.0,1.0,1.0,4.86,3.69,1.65
z9yeIDBQ,2023,2024-02-28 18:30:00,,U Cluj,Farul Constanta,1,0,44.0,56.0,6.0,7.0,5.0,2.0,1.0,2.0,6.0,4.0,1,4,0,1,10.0,15.0,0.0,4.0,19.0,10.0,21.0,19.0,2.0,4.0,1225.9129517676079,1330.1933666875957,-45.574297788747344,58.70611713124057,3.0,9.4,3.4,4.6,50.8,0.6,1.2,0.6,2.4,3.4,4.0,12.4,5.6,6.0,44.0,0.8,0.8,1.6,2.2,3.2,1.3333333333333333,1.3333333333333333,2.23,3.12,3.21
IDjdcCZ0,2023,2024-02-28 21:00:00,,Rapid Bucuresti,UTA Arad,4,1,53.0,47.0,18.0,11.0,5.0,3.0,7.0,5.0,3.0,5.0,2,2,0,0,9.0,11.0,1.0,2.0,13.0,10.0,19.0,27.0,2.0,1.0,1348.1920991303182,1242.9006692849769,164.8453666061605,59.55393676081913,4.0,12.0,5.6,3.6,46.0,1.6,1.0,2.4,1.4,2.8,4.0,11.2,4.8,4.8,47.4,1.8,0.8,2.6,2.0,4.4,1.6666666666666667,0.6666666666666666,1.69,3.85,4.33
SrYnKZtE,2023,2024-02-29 16:15:00,,FC Botosani,Sepsi Sf. Gheorghe,1,2,49.0,51.0,11.0,9.0,4.0,3.0,7.0,4.0,4.0,2.0,4,5,0,1,18.0,12.0,4.0,0.0,12.0,22.0,34.0,14.0,1.0,3.0,1150.8684830665775,1254.9100128588725,-43.762467827381215,60.27906196491379,3.0,9.0,3.2,2.6,41.4,1.6,2.0,1.0,3.2,3.8,4.0,10.0,4.0,5.4,59.0,0.4,1.4,0.2,2.0,2.6,0.3333333333333333,2.3333333333333335,3.52,3.06,2.13
Czj0dWl7,2023,2024-02-29 18:30:00,,Petrolul Ploiesti,Univ. Craiova,2,3,54.0,46.0,10.0,10.0,3.0,4.0,5.0,5.0,5.0,6.0,1,2,0,1,11.0,9.0,1.0,2.0,11.0,12.0,27.0,22.0,1.0,1.0,1218.0211802839392,1321.3663046275553,-43.722089947800214,59.62303439581599,5.0,9.6,4.2,4.2,43.2,0.6,0.8,1.0,3.2,4.2,2.0,11.0,5.0,5.6,55.6,1.8,1.8,1.6,3.0,2.2,1.0,2.0,3.48,3.24,2.06
Qwf4ej4D,2023,2024-02-29 21:00:00,,FC Voluntari,FCSB,1,2,43.0,57.0,8.0,15.0,4.0,4.0,2.0,7.0,3.0,5.0,4,3,0,0,12.0,16.0,1.0,3.0,19.0,13.0,22.0,27.0,2.0,3.0,1187.6806153766652,1435.9709092603496,-189.3233728524881,58.96692103119641,3.0,8.0,3.4,3.0,51.8,0.6,1.6,0.4,1.2,3.4,4.0,11.0,5.4,3.4,49.2,1.6,0.6,2.2,1.8,2.0,0.6666666666666666,1.6666666666666667,5.38,3.82,1.58
KtDRCiZm,2023,2024-03-01 20:00:00,,Poli Iasi,Dinamo Bucuresti,0,0,54.0,46.0,4.0,5.0,2.0,1.0,2.0,2.0,1.0,5.0,2,0,0,0,15.0,9.0,1.0,6.0,15.0,16.0,35.0,28.0,1.0,2.0,1138.7601276743565,1127.1782648671808,70.17130923115405,58.58944642397843,3.0,13.4,4.6,4.2,53.4,1.2,1.2,1.0,2.0,3.6,3.0,7.6,3.0,3.4,48.4,1.4,1.4,1.8,1.6,3.6,1.3333333333333333,1.3333333333333333,,,
IRVUBBlf,2023,2024-03-02 14:00:00,,UTA Arad,U Craiova 1948,3,2,45.0,55.0,13.0,14.0,6.0,4.0,6.0,4.0,8.0,1.0,1,1,0,0,15.0,14.0,2.0,0.0,14.0,17.0,18.0,22.0,2.0,3.0,1233.2323332303815,1214.6701199990437,77.00220930850514,58.439996077167294,2.0,10.6,4.2,4.4,49.4,1.6,1.4,2.0,2.2,3.8,3.0,8.2,3.6,3.4,49.4,0.8,1.4,0.8,2.0,3.2,1.6666666666666667,0.6666666666666666,,,
xINMDXJs,2023,2024-03-02 17:00:00,,FC Hermannstadt,Otelul Galati,4,1,40.0,60.0,9.0,12.0,7.0,1.0,2.0,5.0,2.0,2.0,3,3,0,0,14.0,13.0,4.0,1.0,14.0,18.0,26.0,31.0,0.0,3.0,1235.949610072951,1221.5894757103524,73.38657699227588,59.026442629677376,3.0,10.8,3.6,5.4,46.8,0.4,0.8,1.0,1.6,2.6,3.0,9.0,3.4,2.8,48.4,1.2,1.6,1.0,2.4,1.2,1.0,1.0,,,
0ABTWCQJ,2023,2024-03-02 20:00:00,,Farul Constanta,CFR Cluj,1,1,46.0,54.0,14.0,8.0,5.0,4.0,4.0,4.0,6.0,6.0,1,1,0,0,8.0,10.0,2.0,0.0,10.0,10.0,17.0,28.0,3.0,4.0,1318.8891049598817,1384.0841265801125,-5.139919220205229,60.05510240002554,3.0,10.4,3.8,5.6,47.8,0.6,1.0,1.0,2.6,3.8,3.0,13.0,5.0,5.0,58.4,2.2,1.0,2.0,1.4,3.4,2.0,1.0,,,
n7No8TmJ,2023,2024-03-03 14:30:00,,U Cluj,FC Botosani,1,0,49.0,51.0,4.0,5.0,1.0,1.0,3.0,1.0,4.0,4.0,0,2,0,0,17.0,18.0,1.0,1.0,19.0,18.0,36.0,25.0,1.0,0.0,1237.2172134953219,1142.1214488119401,155.16196168157535,60.06619699819357,3.0,8.6,3.8,5.2,48.8,0.8,1.0,1.2,2.0,3.2,2.0,9.2,3.8,2.6,41.6,1.8,2.0,1.0,3.6,3.0,2.3333333333333335,0.3333333333333333,1.51,3.86,6.17
juUxAkJ6,2023,2024-03-03 20:30:00,,FCSB,Petrolul Ploiesti,1,0,54.0,46.0,12.0,8.0,1.0,5.0,8.0,1.0,10.0,3.0,4,3,0,0,11.0,15.0,0.0,0.0,15.0,11.0,22.0,19.0,5.0,1.0,1441.003904023256,1209.2730020890115,292.23277871533855,60.501876781094005,2.0,11.6,5.2,3.6,51.6,1.4,0.8,2.2,2.0,2.0,3.0,10.8,4.4,4.8,47.0,1.0,1.4,0.8,3.0,3.0,2.3333333333333335,0.3333333333333333,1.43,4.21,6.75
8GOs99YC,2023,2024-03-04 17:00:00,,Sepsi Sf. Gheorghe,FC Voluntari,4,0,56.0,44.0,18.0,6.0,8.0,1.0,6.0,4.0,8.0,2.0,1,0,0,0,13.0,9.0,2.0,2.0,11.0,15.0,25.0,28.0,1.0,4.0,1263.6570471135099,1182.6476206137588,141.74650446481883,60.73707796506775,4.0,9.2,3.6,4.0,56.6,0.6,1.2,0.8,2.0,2.4,3.0,8.8,4.0,3.2,52.4,0.6,1.2,0.4,2.0,3.2,1.6666666666666667,0.6666666666666666,,,
ClVYAV30,2023,2024-03-04 20:00:00,,Univ. Craiova,Rapid Bucuresti,1,1,49.0,51.0,10.0,7.0,2.0,3.0,6.0,2.0,2.0,2.0,2,3,0,0,9.0,13.0,3.0,1.0,14.0,12.0,31.0,27.0,2.0,1.0,1330.114482822483,1357.8604351849135,33.91099231445446,61.65694467688495,4.0,12.0,5.2,5.4,53.8,2.4,1.6,2.2,2.8,2.0,4.0,13.6,5.8,4.2,46.4,2.0,1.0,2.4,1.0,3.0,2.0,1.0,,,
tUrLMS2C,2023,2024-03-08 20:00:00,,FC Voluntari,U Cluj,0,0,46.0,54.0,8.0,14.0,1.0,4.0,4.0,3.0,6.0,8.0,2,2,0,0,2.0,6.0,2.0,1.0,12.0,8.0,17.0,27.0,4.0,1.0,1170.3827311228629,1243.0262772673277,-11.05957265642428,61.583973488040535,4.0,7.8,3.2,3.4,47.2,0.4,1.8,0.2,1.6,3.2,5.0,5.8,3.0,3.8,46.2,0.8,0.4,1.8,1.6,2.8,2.0,1.0,,,
zirPLnII,2023,2024-03-08 20:00:00,,FC Botosani,Farul Constanta,0,0,65.0,35.0,16.0,4.0,4.0,2.0,8.0,2.0,4.0,3.0,0,3,0,1,8.0,8.0,1.0,1.0,7.0,8.0,34.0,24.0,2.0,4.0,1136.3123850399343,1319.0370329354555,-121.11680846118497,61.607839434336235,5.0,8.4,3.4,3.2,42.6,1.4,2.0,0.4,3.8,2.0,6.0,11.6,4.2,6.6,48.2,0.6,1.0,1.0,2.0,3.2,0.6666666666666666,1.6666666666666667,,,
boi4QA3m,2023,2024-03-08 20:00:00,,Dinamo Bucuresti,UTA Arad,1,0,63.0,37.0,7.0,4.0,3.0,2.0,2.0,2.0,2.0,9.0,0,4,0,0,3.0,5.0,,,10.0,6.0,31.0,21.0,2.0,2.0,1129.170936157996,1241.0516205971826,-50.02149351604248,61.859190923144,7.0,6.4,2.2,3.6,46.6,1.2,1.0,2.0,1.2,3.2,6.0,11.4,4.2,5.6,50.8,1.6,1.6,2.0,1.6,3.4,0.6666666666666666,1.6666666666666667,,,
EDFXVWuQ,2023,2024-03-08 20:00:00,,CFR Cluj,FC Hermannstadt,1,0,60.0,40.0,16.0,13.0,5.0,5.0,4.0,6.0,4.0,3.0,0,1,0,0,10.0,8.0,,,18.0,18.0,32.0,22.0,5.0,4.0,1383.9361986045387,1249.6650736775932,196.98755597548052,62.71643104853513,6.0,11.8,4.6,5.6,56.0,2.0,1.0,1.6,1.2,3.6,6.0,10.0,4.0,5.0,48.6,1.0,0.8,1.4,2.2,1.8,1.0,2.0,,,
SQvHN8m6,2023,2024-03-08 20:00:00,,Petrolul Ploiesti,Sepsi Sf. Gheorghe,1,2,58.0,42.0,12.0,10.0,4.0,4.0,5.0,3.0,8.0,2.0,5,4,0,0,6.0,6.0,0.0,3.0,14.0,18.0,35.0,20.0,2.0,3.0,1206.1369863026948,1275.9219366044058,-6.703370355511652,63.08157994619935,4.0,11.0,4.6,4.6,49.4,0.8,1.2,0.8,2.8,2.4,4.0,10.4,4.4,4.6,57.2,1.2,0.6,1.4,1.8,2.2,0.6666666666666666,1.6666666666666667,,,
p2kCOlYa,2023,2024-03-09 20:00:00,,Rapid Bucuresti,FCSB,4,0,38.0,62.0,11.0,9.0,5.0,3.0,5.0,4.0,4.0,9.0,0,1,0,0,14.0,15.0,0.0,3.0,15.0,14.0,26.0,31.0,3.0,1.0,1358.8333843695057,1444.1399198095726,-22.96048690103453,62.34604853903233,5.0,13.4,5.6,4.2,48.4,1.8,1.0,2.0,1.4,2.2,5.0,11.4,4.0,5.0,51.2,1.4,0.6,2.6,2.4,2.6,3.0,0.0,,,
6Bj8PUIg,2023,2024-03-10 20:45:00,,U Craiova 1948,Univ. Craiova,1,2,49.0,51.0,12.0,15.0,4.0,6.0,7.0,3.0,2.0,6.0,2,2,0,0,8.0,18.0,2.0,1.0,15.0,6.0,16.0,16.0,4.0,3.0,1206.8508326322426,1329.141533637891,-58.34566813258584,63.94503287306239,8.0,8.8,3.2,2.6,51.4,0.8,1.8,0.2,1.8,3.0,6.0,12.2,4.6,4.6,54.2,2.0,1.6,1.8,2.6,1.8,1.3333333333333333,1.3333333333333333,,,
Kfh0Rjls,2023,2024-03-11 20:00:00,,Otelul Galati,Poli Iasi,1,1,53.0,47.0,9.0,10.0,2.0,5.0,7.0,2.0,4.0,2.0,1,2,0,0,13.0,13.0,2.0,1.0,13.0,11.0,47.0,36.0,4.0,1.0,1207.8740121057103,1136.7674563835412,134.4263670732464,63.31981135107736,9.0,8.8,2.4,2.4,48.6,1.2,2.0,1.0,2.8,1.4,10.0,10.4,3.8,3.2,53.4,1.0,0.8,1.2,1.8,3.6,1.0,1.0,,,
lO54lMjs,2023,2024-03-15 17:30:00,,U Cluj,FC Botosani,3,0,44.0,56.0,12.0,12.0,4.0,2.0,6.0,5.0,4.0,3.0,1,1,0,0,14.0,12.0,2.0,1.0,9.0,15.0,22.0,28.0,2.0,1.0,1242.7080646500517,1139.6637382240378,166.08761767163605,63.043291245622115,6.0,7.0,2.8,4.8,46.6,0.4,0.0,1.8,1.4,2.0,6.0,9.4,3.0,3.8,48.0,1.0,1.6,0.4,3.4,2.2,2.3333333333333335,0.3333333333333333,1.82,3.09,4.99
GrXlbDnl,2023,2024-03-15 20:30:00,,Rapid Bucuresti,Farul Constanta,1,2,55.0,45.0,17.0,17.0,4.0,4.0,6.0,7.0,10.0,1.0,5,4,1,0,10.0,20.0,1.0,1.0,17.0,8.0,25.0,18.0,2.0,3.0,1380.1531754899065,1315.685679751352,128.23217998516748,63.76468424661292,6.0,12.8,5.2,4.4,49.2,2.4,1.0,2.0,1.2,2.0,7.0,9.4,3.4,5.8,45.2,0.6,0.6,1.2,2.2,3.8,1.3333333333333333,1.3333333333333333,1.62,3.75,5.14
SE48mt6m,2023,2024-03-16 17:00:00,,Otelul Galati,Poli Iasi,1,0,37.0,63.0,12.0,9.0,8.0,1.0,3.0,4.0,5.0,3.0,2,2,0,0,15.0,12.0,1.0,2.0,11.0,15.0,22.0,35.0,1.0,7.0,1204.187077366307,1140.4543911229446,126.48247920225685,62.74979295889436,4.0,8.8,2.2,3.0,50.4,1.2,2.2,0.6,2.6,2.0,4.0,10.8,4.2,2.6,52.4,1.2,1.0,1.2,1.8,3.0,1.0,1.0,2.08,2.98,3.86
A5WhcX1f,2023,2024-03-16 20:00:00,,CFR Cluj,Univ. Craiova,1,2,63.0,37.0,25.0,9.0,7.0,4.0,9.0,3.0,13.0,2.0,2,4,1,0,10.0,9.0,4.0,0.0,8.0,10.0,25.0,15.0,2.0,6.0,1388.804850573395,1337.4778205976913,114.56524338738927,63.23821341168567,8.0,12.8,4.8,5.4,54.8,2.2,0.8,2.2,0.8,3.4,5.0,11.4,4.4,4.4,54.8,2.0,1.4,2.2,2.8,1.8,0.6666666666666666,1.6666666666666667,1.84,3.43,4.15
AwfDn0Lg,2023,2024-03-17 18:15:00,,FC Hermannstadt,Dinamo Bucuresti,3,0,56.0,44.0,15.0,8.0,7.0,3.0,4.0,4.0,5.0,2.0,2,3,0,0,14.0,14.0,3.0,0.0,12.0,12.0,22.0,31.0,3.0,4.0,1244.796421708737,1140.6008044965445,166.4451117150927,62.249494502900184,8.0,11.2,4.4,4.8,47.6,1.0,1.0,1.2,1.8,2.4,8.0,6.8,2.2,3.6,49.2,1.0,1.0,2.0,1.2,2.4,1.0,2.0,2.03,2.93,4.1
48TpagXs,2023,2024-03-17 21:00:00,,FCSB,Sepsi Sf. Gheorghe,2,1,60.0,40.0,13.0,9.0,5.0,1.0,5.0,5.0,12.0,1.0,1,0,0,0,13.0,15.0,3.0,0.0,15.0,12.0,23.0,23.0,0.0,3.0,1422.8201286891717,1285.7290220332993,200.0609223031372,62.96981564726489,8.0,11.6,4.0,6.2,56.0,1.2,1.4,2.0,2.6,2.6,9.0,10.6,5.0,3.6,53.2,1.6,0.6,2.0,2.4,2.4,3.0,0.0,1.32,4.7,9.2
MDcHoKz0,2023,2024-03-18 17:30:00,,UTA Arad,FC Voluntari,4,3,50.0,50.0,11.0,23.0,6.0,9.0,3.0,9.0,1.0,5.0,2,2,0,0,11.0,10.0,1.0,2.0,7.0,9.0,14.0,13.0,6.0,2.0,1229.6217522586342,1170.7009437401389,122.25090776465186,63.33009924615658,9.0,9.4,4.0,6.0,45.8,1.2,1.4,1.8,2.0,3.0,9.0,8.2,2.6,4.2,46.8,0.4,1.8,0.2,1.8,3.4,1.6666666666666667,0.6666666666666666,1.85,3.2,4.36
GzcLpvj6,2023,2024-03-18 20:30:00,,Petrolul Ploiesti,U Craiova 1948,1,0,39.0,61.0,12.0,10.0,3.0,1.0,6.0,6.0,8.0,2.0,2,1,0,0,13.0,7.0,1.0,1.0,7.0,13.0,26.0,21.0,1.0,2.0,1196.3299008738013,1198.5145456724422,61.64193215667524,63.826576955316064,10.0,11.4,5.2,5.8,50.0,1.0,1.6,0.6,3.2,2.2,7.0,10.0,3.8,2.2,50.0,1.0,2.0,0.2,1.4,3.4,2.0,1.0,2.18,3.11,3.32
4dwG6LCP,2023,2024-03-29 17:30:00,,FC Voluntari,FC Hermannstadt,1,0,46.0,54.0,11.0,15.0,5.0,4.0,1.0,7.0,3.0,6.0,1,2,0,0,19.0,9.0,3.0,0.0,8.0,19.0,25.0,25.0,4.0,4.0,1164.0812409513458,1254.4007036335997,-25.874571698119553,64.4448909841345,11.0,11.4,3.6,3.8,46.0,1.0,2.4,0.2,2.0,3.0,11.0,12.8,5.6,4.8,49.8,1.6,0.6,1.8,1.8,2.0,0.6666666666666666,1.6666666666666667,2.95,2.86,2.55
pOO5fVoD,2023,2024-03-29 20:30:00,,Sepsi Sf. Gheorghe,CFR Cluj,1,1,46.0,54.0,10.0,16.0,1.0,8.0,8.0,6.0,4.0,8.0,0,3,0,0,5.0,18.0,2.0,1.0,20.0,6.0,24.0,26.0,7.0,0.0,1280.9252407147435,1375.6219317895886,-29.44604837032307,65.25064270452197,11.0,10.2,3.6,2.6,49.2,1.8,0.8,2.0,2.2,2.2,13.0,14.6,4.6,7.2,58.0,1.8,1.0,1.6,1.0,2.8,1.0,2.0,3.32,3.31,2.09
fRePqb5C,2023,2024-03-30 15:45:00,,FC Botosani,Poli Iasi,2,1,40.0,60.0,16.0,6.0,6.0,2.0,4.0,1.0,8.0,5.0,3,0,0,0,15.0,16.0,5.0,0.0,17.0,17.0,33.0,20.0,1.0,4.0,1130.0451648774938,1133.9421184190605,61.41710180976884,65.31405535133551,14.0,10.6,2.8,4.4,54.2,0.6,1.8,0.2,2.8,1.8,13.0,9.8,3.4,2.4,54.2,1.0,0.8,1.2,1.8,3.2,2.3333333333333335,0.3333333333333333,2.21,3.0,3.39
tIUs2uLt,2023,2024-03-30 18:00:00,,U Cluj,UTA Arad,0,0,63.0,37.0,13.0,4.0,2.0,2.0,4.0,2.0,11.0,2.0,0,1,1,0,8.0,8.0,1.0,0.0,7.0,6.0,16.0,8.0,2.0,2.0,1252.3266379965958,1236.2414550474273,82.01802275572345,65.93283980655492,15.0,7.8,3.0,4.4,46.8,1.0,0.0,2.2,1.0,1.6,12.0,9.2,4.2,5.2,46.6,1.8,2.0,1.8,2.4,3.4,1.0,2.0,1.77,3.33,4.65
6XP1eBW6,2023,2024-03-30 21:00:00,,Univ. Craiova,Rapid Bucuresti,2,1,40.0,60.0,7.0,18.0,4.0,4.0,1.0,8.0,2.0,8.0,8,2,1,0,16.0,13.0,2.0,3.0,8.0,16.0,17.0,24.0,3.0,2.0,1350.6607393814977,1366.621291653659,49.798454562342386,65.75900683450367,14.0,11.4,4.2,3.8,47.2,2.0,1.2,2.6,2.8,2.8,15.0,13.2,4.6,5.2,49.2,2.2,1.4,1.4,2.0,2.2,1.3333333333333333,1.3333333333333333,2.43,3.32,2.72
C2jUrIKI,2023,2024-03-31 14:00:00,,U Craiova 1948,Otelul Galati,1,2,58.0,42.0,7.0,15.0,4.0,8.0,2.0,5.0,6.0,8.0,3,7,0,0,17.0,24.0,3.0,0.0,17.0,18.0,22.0,26.0,6.0,3.0,1190.2703586215296,1210.699350070191,45.97324692823372,66.40223837689511,12.0,9.8,2.8,2.2,51.6,0.8,1.6,0.2,1.4,2.8,14.0,9.8,3.2,3.4,48.4,1.2,1.6,1.2,2.4,2.0,0.0,3.0,2.21,3.09,3.28
ldVddiH0,2023,2024-03-31 21:00:00,,Farul Constanta,FCSB,0,1,53.0,47.0,11.0,12.0,5.0,5.0,3.0,5.0,2.0,5.0,4,6,0,0,17.0,16.0,0.0,2.0,13.0,15.0,23.0,26.0,4.0,5.0,1329.2175635875994,1427.6239100077275,-32.852774096742905,65.55357232338514,16.0,9.8,3.2,4.6,46.2,0.8,0.8,1.2,2.8,2.8,14.0,12.4,4.2,7.8,56.6,1.6,1.6,2.4,2.2,2.0,1.3333333333333333,1.3333333333333333,3.48,3.26,2.05
jgkYsxzP,2023,2024-04-01 20:30:00,,Dinamo Bucuresti,Petrolul Ploiesti,1,1,51.0,49.0,7.0,11.0,2.0,5.0,5.0,6.0,0.0,2.0,3,2,0,0,17.0,12.0,2.0,2.0,12.0,16.0,20.0,22.0,4.0,1.0,1130.9965225716817,1204.574087924714,-8.703285227864171,64.87428012516811,15.0,6.2,2.0,3.4,47.4,0.4,1.4,1.4,1.2,2.8,14.0,11.6,4.2,6.4,48.6,0.8,1.4,0.6,2.6,1.6,0.5,2.0,,,
OtKn1azm,2023,2024-04-05 17:30:00,,UTA Arad,FC Botosani,1,0,47.0,53.0,17.0,11.0,7.0,4.0,8.0,6.0,7.0,2.0,4,1,0,0,9.0,14.0,8.0,1.0,13.0,11.0,21.0,32.0,4.0,6.0,1238.5592280081107,1138.2956242804194,165.15666747547812,64.89306374778673,5.0,8.6,3.8,5.0,43.2,1.6,2.0,1.4,2.0,2.6,6.0,12.0,3.4,4.6,52.2,0.6,1.4,0.8,2.0,1.0,0.6666666666666666,1.6666666666666667,,,
fg6dHhgQ,2023,2024-04-05 20:30:00,,Sepsi Sf. Gheorghe,Farul Constanta,1,1,54.0,46.0,14.0,7.0,6.0,2.0,7.0,3.0,9.0,2.0,4,1,0,0,13.0,11.0,1.0,4.0,10.0,11.0,35.0,22.0,1.0,5.0,1281.7707426722575,1320.160334278039,26.921582755242525,65.31117436102416,7.0,11.2,3.4,3.4,47.0,2.0,1.0,2.0,2.0,3.4,4.0,10.6,3.6,3.2,47.0,0.6,0.8,1.0,3.2,3.6,0.3333333333333333,2.3333333333333335,,,
d8Xgaw5a,2023,2024-04-06 17:30:00,,Petrolul Ploiesti,FC Voluntari,0,4,45.0,55.0,14.0,12.0,3.0,6.0,7.0,4.0,7.0,3.0,2,1,0,0,14.0,6.0,2.0,2.0,6.0,16.0,29.0,31.0,2.0,3.0,1204.3236396231323,1174.8245972231784,94.75221788486874,65.25317548491499,4.0,10.6,4.0,5.2,49.2,1.0,1.4,0.8,2.6,1.2,8.0,11.2,4.0,3.8,45.8,1.0,2.0,0.8,1.8,3.2,0.6666666666666666,1.6666666666666667,,,
CUGiIYwK,2023,2024-04-06 20:30:00,,Rapid Bucuresti,CFR Cluj,1,4,58.0,42.0,22.0,10.0,6.0,6.0,7.0,2.0,3.0,4.0,1,3,0,0,7.0,14.0,2.0,1.0,12.0,5.0,13.0,18.0,2.0,5.0,1358.0448710884398,1374.7764298320747,46.62238743458397,63.353946178218926,6.0,14.2,4.2,5.4,51.4,2.2,1.2,1.4,2.4,2.0,8.0,15.0,5.2,6.8,58.0,1.2,1.2,1.2,1.6,2.6,3.0,0.0,,,
2XIj0Jkg,2023,2024-04-07 14:30:00,,FC Hermannstadt,U Cluj,1,1,45.0,55.0,8.0,12.0,1.0,6.0,2.0,5.0,3.0,5.0,2,2,0,2,16.0,17.0,0.0,1.0,15.0,14.0,16.0,17.0,5.0,0.0,1243.657347361767,1250.0088650359123,55.530111282085045,61.881628956230394,8.0,12.6,5.6,4.6,50.4,1.4,0.8,1.2,2.0,2.4,7.0,9.8,3.2,6.6,50.8,1.0,0.0,2.2,0.8,1.6,0.3333333333333333,2.3333333333333335,,,
bRCmJEOD,2023,2024-04-07 20:30:00,,FCSB,Univ. Craiova,2,0,40.0,60.0,12.0,15.0,5.0,3.0,5.0,8.0,5.0,7.0,2,5,0,0,9.0,8.0,1.0,1.0,8.0,9.0,25.0,20.0,3.0,3.0,1436.681139317288,1359.237159946717,139.20674733368605,61.76276796311494,6.0,12.2,3.6,8.2,56.0,1.2,1.2,2.4,3.0,2.8,7.0,10.2,4.0,3.6,44.6,2.0,1.2,2.6,3.6,3.0,3.0,0.0,,,
INL2cHZB,2023,2024-04-08 17:30:00,,Poli Iasi,U Craiova 1948,0,0,60.0,40.0,18.0,18.0,4.0,3.0,8.0,6.0,9.0,6.0,3,3,0,0,13.0,18.0,0.0,4.0,13.0,12.0,20.0,27.0,3.0,4.0,1125.691659016135,1178.9548112413966,9.156671981337468,62.41982420659911,9.0,8.2,2.6,2.8,56.0,0.6,1.0,0.6,1.8,3.0,8.0,9.8,3.2,2.8,53.4,1.0,1.8,0.2,1.6,3.4,1.0,1.0,,,
zaWcbcK5,2023,2024-04-08 20:30:00,,Otelul Galati,Dinamo Bucuresti,1,0,42.0,58.0,10.0,2.0,5.0,1.0,4.0,0.0,2.0,3.0,3,1,0,0,15.0,6.0,0.0,4.0,5.0,14.0,23.0,26.0,1.0,4.0,1222.014897450324,1131.2469708732633,153.16798909347267,62.400062516412014,8.0,11.2,4.6,4.0,46.6,1.4,1.6,1.6,3.0,2.2,7.0,6.6,2.2,2.2,48.4,0.6,0.8,1.6,1.8,3.4,1.5,1.5,,,
pYuNbRVo,2023,2024-04-12 17:30:00,,UTA Arad,FC Hermannstadt,1,3,51.0,49.0,16.0,11.0,7.0,4.0,5.0,3.0,4.0,2.0,3,2,0,0,12.0,13.0,2.0,0.0,10.0,11.0,30.0,20.0,1.0,6.0,1244.1340361846098,1242.0725341202276,64.90080120424318,62.83929913986085,7.0,9.8,4.6,5.4,43.2,1.6,1.2,2.0,2.4,3.2,5.0,12.0,4.8,3.8,47.0,1.6,0.8,1.4,2.0,3.2,2.0,1.0,,,
4SiSBWGm,2023,2024-04-12 20:30:00,,Univ. Craiova,Farul Constanta,1,2,50.0,50.0,15.0,15.0,4.0,9.0,9.0,3.0,7.0,2.0,4,4,0,0,9.0,13.0,2.0,3.0,13.0,9.0,16.0,25.0,7.0,3.0,1350.4764100335947,1320.9336526261613,91.12553837450423,61.58278096707094,5.0,11.2,3.8,3.8,47.4,1.4,1.2,2.0,4.2,3.4,7.0,10.6,3.6,2.8,45.0,0.8,0.8,1.2,2.6,3.8,0.3333333333333333,2.3333333333333335,,,
4vOEfFJU,2023,2024-04-13 17:00:00,,FC Voluntari,Otelul Galati,1,1,40.0,60.0,8.0,13.0,3.0,3.0,1.0,5.0,4.0,7.0,0,4,0,0,10.0,13.0,2.0,0.0,8.0,5.0,18.0,27.0,2.0,2.0,1200.1476546457927,1227.8713857629753,32.916729440984,60.64046055816649,6.0,12.0,4.4,3.8,48.2,1.6,1.6,1.4,1.2,3.4,4.0,11.6,4.8,4.2,46.8,1.2,1.2,2.0,3.2,2.4,1.0,1.0,2.71,2.72,2.93
6ssJa7Gu,2023,2024-04-13 21:30:00,,U Cluj,Petrolul Ploiesti,1,2,67.0,33.0,20.0,8.0,5.0,3.0,10.0,3.0,3.0,4.0,1,2,0,0,12.0,10.0,1.0,1.0,8.0,10.0,20.0,15.0,1.0,4.0,1251.5936782774518,1179.000582200518,133.16271200407368,60.56961592713995,6.0,11.0,3.4,6.4,53.0,1.0,0.2,1.8,1.0,1.2,7.0,11.4,4.0,5.6,47.4,0.6,1.6,0.8,2.8,1.4,1.6666666666666667,0.6666666666666666,1.93,3.08,4.24
WQP6dykI,2023,2024-04-14 13:30:00,,FC Botosani,U Craiova 1948,4,1,54.0,46.0,8.0,6.0,4.0,2.0,4.0,2.0,2.0,4.0,3,3,0,1,8.0,17.0,2.0,4.0,9.0,11.0,14.0,17.0,1.0,0.0,1132.7208161039202,1179.2183004438912,13.047971649260262,59.54545598923108,8.0,12.0,3.4,4.2,53.0,0.4,1.2,0.8,1.4,2.0,5.0,12.2,3.2,3.4,52.6,0.8,1.6,0.2,2.0,3.8,0.3333333333333333,2.3333333333333335,2.3,3.09,3.09
QmPAee4O,2023,2024-04-14 18:15:00,,Dinamo Bucuresti,Poli Iasi,1,0,63.0,37.0,16.0,9.0,5.0,4.0,7.0,4.0,5.0,1.0,3,2,0,1,18.0,15.0,4.0,1.0,15.0,19.0,19.0,17.0,4.0,4.0,1125.390482560612,1125.4281698136404,60.75804428274341,60.795731535771736,5.0,5.8,2.0,2.4,52.4,0.4,1.0,1.0,1.4,3.2,6.0,9.4,2.8,4.0,56.8,0.4,0.8,0.6,1.8,3.2,1.6666666666666667,0.6666666666666666,2.13,3.06,3.5
d2hOCC1s,2023,2024-04-14 21:00:00,,CFR Cluj,FCSB,0,1,53.0,47.0,22.0,15.0,5.0,5.0,12.0,6.0,8.0,2.0,2,1,1,0,13.0,8.0,2.0,0.0,7.0,13.0,16.0,19.0,4.0,5.0,1394.4073261252552,1445.4418892304102,10.381332485059374,61.415895590214426,8.0,15.0,6.0,7.0,54.6,1.6,1.0,1.6,1.8,3.2,7.0,11.6,3.8,8.2,52.6,1.2,1.0,2.4,2.8,2.8,0.3333333333333333,2.3333333333333335,2.15,3.1,3.44
rJjWAjWg,2023,2024-04-15 20:30:00,,Rapid Bucuresti,Sepsi Sf. Gheorghe,0,1,41.0,59.0,12.0,10.0,4.0,3.0,4.0,4.0,1.0,1.0,3,3,0,0,16.0,15.0,2.0,6.0,14.0,15.0,29.0,19.0,2.0,4.0,1338.4139747952593,1280.9974243241352,118.06004282061235,60.64349234948819,9.0,15.0,4.4,5.4,52.4,1.6,1.8,0.8,2.2,2.0,10.0,12.2,4.0,4.8,47.6,1.8,1.0,1.6,1.8,3.0,1.0,1.0,1.7,3.71,4.46
veuRcooh,2023,2024-04-19 17:30:00,,FC Hermannstadt,FC Botosani,1,1,50.0,50.0,6.0,11.0,2.0,3.0,1.0,5.0,10.0,5.0,1,3,1,0,9.0,17.0,1.0,1.0,13.0,8.0,20.0,19.0,2.0,1.0,1258.8261097574264,1149.3911567244622,169.08296850102465,59.64801546806054,7.0,12.4,4.2,3.8,48.8,1.4,0.8,1.4,1.8,4.4,5.0,12.6,4.0,3.8,53.6,1.2,1.2,1.4,1.6,2.2,1.6666666666666667,0.6666666666666666,1.88,3.17,4.33
vopu9U06,2023,2024-04-19 20:30:00,,Farul Constanta,CFR Cluj,5,1,50.0,50.0,20.0,17.0,8.0,6.0,5.0,6.0,5.0,3.0,2,2,0,0,10.0,11.0,0.0,3.0,11.0,9.0,19.0,22.0,5.0,3.0,1333.4979247448873,1384.1086162489053,8.698652897615375,59.309344401633226,7.0,10.8,4.4,2.0,45.8,1.0,0.8,1.6,3.2,3.8,4.0,17.8,6.2,7.4,54.4,1.4,1.0,1.4,2.0,3.2,1.3333333333333333,1.3333333333333333,3.16,3.24,2.18
CpXweqVA,2023,2024-04-20 15:00:00,,Poli Iasi,FC Voluntari,3,1,48.0,52.0,15.0,6.0,7.0,2.0,6.0,3.0,5.0,7.0,3,2,0,0,12.0,14.0,1.0,6.0,17.0,11.0,29.0,26.0,1.0,4.0,1117.1593157544046,1199.203059565439,-21.27194666779883,60.77179714323552,5.0,10.4,3.2,4.0,53.4,0.4,1.0,0.4,1.8,3.8,6.0,12.4,4.8,4.2,47.4,1.8,1.0,1.6,1.2,3.0,1.3333333333333333,1.3333333333333333,2.4,2.99,3.03
tKyrf3pH,2023,2024-04-20 17:30:00,,U Craiova 1948,Dinamo Bucuresti,1,1,50.0,50.0,8.0,12.0,2.0,4.0,1.0,6.0,1.0,2.0,1,1,0,0,15.0,10.0,0.0,1.0,10.0,15.0,33.0,21.0,3.0,1.0,1162.5479598233492,1133.6593366198479,90.78593903505634,61.89731583155504,6.0,10.6,2.8,4.0,50.8,0.6,1.8,0.2,2.4,3.2,5.0,8.0,2.8,2.4,55.8,0.6,1.0,1.4,2.0,3.6,3.0,0.0,2.47,2.99,2.91
QstyAAo0,2023,2024-04-20 20:30:00,,FCSB,Rapid Bucuresti,2,2,69.0,31.0,13.0,8.0,5.0,4.0,7.0,3.0,8.0,3.0,4,6,0,0,11.0,16.0,1.0,2.0,11.0,7.0,19.0,10.0,2.0,3.0,1455.74059910676,1325.1409497095574,192.30532987155925,61.70568047435645,5.0,12.2,4.6,6.6,51.2,1.2,1.0,2.4,2.2,2.8,5.0,16.0,4.6,5.2,50.4,1.4,1.8,0.6,2.2,2.2,0.0,3.0,1.86,3.48,3.89
YgYZePF4,2023,2024-04-21 16:00:00,,Otelul Galati,U Cluj,1,0,42.0,58.0,7.0,11.0,2.0,1.0,4.0,6.0,1.0,4.0,3,1,1,0,16.0,10.0,0.0,1.0,11.0,14.0,33.0,38.0,1.0,1.0,1228.815980843329,1237.9382124386668,52.20609521537335,61.32832681071104,7.0,11.8,5.2,5.2,46.8,1.2,0.6,2.2,3.4,2.2,7.0,14.2,4.2,6.2,56.6,1.0,0.6,1.2,1.2,1.2,2.0,0.5,2.68,2.65,3.03
Y7qq8lGC,2023,2024-04-21 19:00:00,,Sepsi Sf. Gheorghe,Univ. Craiova,1,3,54.0,46.0,18.0,17.0,5.0,8.0,4.0,4.0,1.0,9.0,2,3,0,0,9.0,14.0,3.0,3.0,13.0,9.0,27.0,15.0,5.0,4.0,1294.270449409837,1337.9121379148687,18.32478296516024,61.96647147019185,5.0,10.6,3.0,3.4,48.2,1.2,1.0,1.6,2.2,3.6,8.0,12.2,4.2,4.8,47.6,1.4,1.4,1.8,4.6,4.4,1.0,2.0,2.49,3.12,2.79
jVrVd50b,2023,2024-04-22 19:00:00,,Petrolul Ploiesti,UTA Arad,1,1,46.0,54.0,12.0,18.0,2.0,5.0,9.0,6.0,2.0,7.0,1,0,0,0,5.0,7.0,2.0,1.0,7.0,5.0,22.0,33.0,4.0,1.0,1192.656048039303,1227.380460547411,26.125508244081402,60.84992075218954,8.0,11.4,3.6,5.8,44.8,1.0,1.6,1.4,2.6,2.0,10.0,10.4,4.8,4.6,44.4,1.2,1.4,1.4,2.8,3.0,1.3333333333333333,1.3333333333333333,2.08,3.1,3.62
2ZPjhsFT,2023,2024-04-23 17:00:00,,FC Voluntari,U Craiova 1948,0,0,33.0,67.0,3.0,22.0,0.0,5.0,2.0,10.0,2.0,7.0,3,2,1,0,11.0,13.0,1.0,1.0,14.0,12.0,19.0,23.0,5.0,0.0,1184.1961437211787,1159.992821727368,84.99695235781223,60.79363036400139,3.0,12.0,5.0,4.4,48.6,2.0,1.6,1.4,1.2,3.0,2.0,9.8,2.4,3.8,51.0,0.6,1.6,0.4,2.2,3.0,0.0,3.0,2.3,3.08,3.12
KAzngNaN,2023,2024-04-23 19:30:00,,FC Botosani,Dinamo Bucuresti,2,1,59.0,41.0,16.0,11.0,4.0,1.0,4.0,6.0,4.0,3.0,2,3,0,1,10.0,6.0,1.0,3.0,6.0,10.0,26.0,25.0,0.0,3.0,1153.906770943493,1136.214474715829,78.3060207534038,60.613724525739826,4.0,11.6,3.8,4.0,50.6,1.4,1.4,1.4,2.2,2.0,3.0,9.0,3.0,2.4,53.2,0.6,1.2,1.0,2.2,3.4,0.0,3.0,2.62,2.83,2.9
veHIm1Np,2023,2024-04-24 16:45:00,,U Cluj,Poli Iasi,1,0,51.0,49.0,10.0,8.0,4.0,0.0,3.0,5.0,10.0,3.0,3,2,0,0,9.0,9.0,2.0,1.0,10.0,9.0,24.0,16.0,0.0,3.0,1229.4296169789227,1132.1662315986648,158.46087800366195,61.197492623404,3.0,13.6,3.6,5.4,57.4,1.0,0.8,1.0,1.0,1.2,4.0,11.4,3.6,4.6,53.6,0.8,1.0,0.8,2.0,3.8,0.0,3.0,1.7,3.45,4.93
lGRVVi8J,2023,2024-04-24 19:00:00,,Farul Constanta,Rapid Bucuresti,3,1,59.0,41.0,21.0,10.0,5.0,4.0,10.0,2.0,7.0,2.0,1,1,0,0,8.0,15.0,7.0,1.0,12.0,5.0,20.0,24.0,3.0,2.0,1352.9972946329178,1330.1723318914962,84.45228808579395,61.62732534437235,4.0,14.0,5.6,2.4,48.8,2.0,1.0,2.0,3.0,4.0,3.0,15.4,4.4,5.0,49.0,1.0,2.2,0.2,3.4,2.2,1.3333333333333333,1.3333333333333333,2.56,3.27,2.61
Cbrm78VI,2023,2024-04-24 21:45:00,,Sepsi Sf. Gheorghe,FCSB,2,2,55.0,45.0,20.0,9.0,5.0,4.0,9.0,4.0,11.0,3.0,2,2,0,0,8.0,10.0,1.0,2.0,10.0,5.0,19.0,19.0,2.0,3.0,1279.3831065031395,1450.7092169248212,-108.89098250388793,62.43512791779381,3.0,12.2,3.2,3.2,50.6,1.0,1.4,1.0,1.8,4.0,4.0,13.0,5.0,6.4,52.6,1.6,0.6,2.6,2.8,3.0,0.0,3.0,3.38,3.37,2.05
hb50Cp0o,2023,2024-04-25 16:45:00,,UTA Arad,Otelul Galati,3,1,39.0,61.0,9.0,14.0,5.0,3.0,3.0,9.0,2.0,7.0,0,2,0,0,10.0,9.0,5.0,2.0,9.0,9.0,20.0,31.0,2.0,2.0,1228.1309990565865,1237.3245763030732,53.46920510096493,62.662782347451746,2.0,13.2,5.4,4.2,47.8,1.4,1.4,1.6,2.0,2.8,4.0,11.4,5.2,4.6,44.6,1.2,0.4,2.6,3.8,1.6,0.5,2.0,2.62,2.85,2.89
Wl44B4Fi,2023,2024-04-25 19:00:00,,FC Hermannstadt,Petrolul Ploiesti,2,0,38.0,62.0,13.0,7.0,5.0,2.0,7.0,3.0,4.0,4.0,0,1,0,0,8.0,13.0,3.0,1.0,13.0,10.0,30.0,40.0,2.0,3.0,1254.3104955383956,1191.9055095301276,125.96647296347396,63.561486955206064,6.0,11.0,3.6,5.2,50.8,1.6,0.8,1.6,1.8,4.0,3.0,11.4,3.2,4.6,42.4,1.0,1.4,1.6,1.8,2.4,1.6666666666666667,0.6666666666666666,2.1,2.95,3.79
S6QZUBNP,2023,2024-04-25 21:45:00,,Univ. Craiova,CFR Cluj,0,1,54.0,46.0,12.0,18.0,5.0,5.0,4.0,10.0,8.0,6.0,2,4,0,0,5.0,9.0,1.0,1.0,5.0,3.0,17.0,5.0,4.0,5.0,1352.7994808215662,1364.6092463608747,52.44383661689699,64.2536021562055,4.0,12.6,4.6,5.4,46.6,1.6,1.4,1.8,4.8,4.6,6.0,18.0,6.4,7.2,52.4,1.4,2.0,0.8,2.4,2.8,2.3333333333333335,0.3333333333333333,2.47,3.35,2.64
ttDI6tUM,2023,2024-04-26 20:00:00,,Dinamo Bucuresti,FC Voluntari,1,1,59.0,41.0,15.0,10.0,3.0,3.0,8.0,3.0,8.0,5.0,0,3,0,0,14.0,15.0,0.0,1.0,8.0,11.0,18.0,8.0,2.0,2.0,1128.4309000803066,1181.7973992110246,10.024745945359882,63.39124507607795,3.0,9.6,2.6,2.6,52.6,0.8,1.0,1.0,2.2,3.2,3.0,8.0,3.2,3.8,45.2,1.4,0.8,1.6,1.4,3.6,2.0,1.0,2.02,3.03,3.86
bHND7MEG,2023,2024-04-27 17:30:00,,U Craiova 1948,U Cluj,3,2,50.0,50.0,9.0,9.0,7.0,5.0,2.0,2.0,7.0,3.0,2,0,0,0,7.0,11.0,2.0,3.0,12.0,7.0,22.0,26.0,3.0,4.0,1162.391566237522,1235.1607199251673,-9.399542761895418,63.36961092574988,4.0,12.2,3.2,4.8,52.2,0.6,1.4,0.6,2.4,2.6,3.0,13.2,3.6,6.6,58.8,0.6,0.8,1.0,1.4,0.8,1.0,2.0,2.64,3.01,2.66
pnD1QVVt,2023,2024-04-27 20:30:00,,FCSB,Farul Constanta,2,1,44.0,56.0,19.0,8.0,6.0,2.0,6.0,4.0,7.0,7.0,5,2,0,0,13.0,15.0,0.0,0.0,14.0,12.0,29.0,20.0,1.0,4.0,1447.673824529382,1363.7679956118704,148.0457254384487,64.13989652093711,2.0,12.2,4.8,4.6,49.6,1.6,0.8,2.2,3.0,3.6,3.0,14.8,5.8,3.6,51.6,2.2,1.0,2.0,2.4,4.0,2.3333333333333335,0.3333333333333333,1.88,3.54,3.69
jiK59rp4,2023,2024-04-28 13:30:00,,Otelul Galati,FC Hermannstadt,1,0,39.0,61.0,6.0,10.0,2.0,4.0,2.0,3.0,3.0,6.0,2,4,1,0,18.0,13.0,0.0,3.0,12.0,8.0,22.0,25.0,4.0,1.0,1225.3418481996823,1263.538698218388,26.391497650145993,64.58834766885154,2.0,11.8,4.2,5.0,49.4,1.2,1.0,2.0,3.8,1.8,2.0,10.6,3.2,5.0,47.2,1.4,0.8,1.6,1.4,3.8,0.5,2.0,2.11,2.85,3.78
pEJ982aA,2023,2024-04-28 18:15:00,,Poli Iasi,UTA Arad,0,2,63.0,37.0,25.0,9.0,4.0,4.0,7.0,4.0,10.0,5.0,2,2,0,0,14.0,13.0,1.0,3.0,13.0,13.0,30.0,19.0,2.0,4.0,1126.4351286524202,1240.1137271599773,-48.39711214383988,65.28148636371725,4.0,11.2,3.4,4.6,50.8,0.8,1.0,0.8,2.0,3.0,3.0,12.8,5.2,4.4,45.6,1.2,1.0,1.6,1.6,2.0,2.0,1.0,2.04,3.39,3.33
QeL9O90g,2023,2024-04-28 21:00:00,,CFR Cluj,Sepsi Sf. Gheorghe,2,1,75.0,25.0,33.0,6.0,10.0,1.0,14.0,3.0,16.0,2.0,4,6,0,2,15.0,5.0,3.0,0.0,7.0,15.0,16.0,13.0,0.0,8.0,1376.1073407625754,1282.4184988985787,158.05646771589477,64.36762585189817,2.0,16.6,6.0,5.8,49.0,1.4,1.6,1.4,2.8,3.4,3.0,14.4,4.0,5.2,53.6,1.2,1.4,1.2,2.2,3.8,1.3333333333333333,1.3333333333333333,1.61,4.03,4.65
C0L1AOUc,2023,2024-04-29 17:30:00,,Petrolul Ploiesti,FC Botosani,1,2,48.0,52.0,10.0,11.0,4.0,5.0,4.0,2.0,3.0,3.0,1,4,0,0,15.0,6.0,2.0,2.0,6.0,14.0,32.0,29.0,3.0,3.0,1182.6773068501352,1161.6903455790155,85.78513409921788,64.79817282809812,3.0,10.4,3.0,3.8,47.0,0.8,1.8,1.0,1.6,2.8,5.0,12.4,4.2,4.2,51.2,1.8,1.0,2.0,2.4,1.8,2.3333333333333335,0.3333333333333333,2.19,3.06,3.31
rXV4Pkom,2023,2024-04-29 20:30:00,,Rapid Bucuresti,Univ. Craiova,1,2,55.0,45.0,14.0,13.0,3.0,4.0,8.0,8.0,6.0,3.0,3,2,0,0,8.0,8.0,2.0,3.0,5.0,4.0,21.0,14.0,2.0,2.0,1319.4016309125436,1341.3013864198656,41.96690883001588,63.86666433733779,5.0,14.0,4.4,3.4,46.2,1.0,2.4,0.2,2.6,2.2,3.0,13.2,4.8,6.6,50.0,1.2,1.4,1.2,4.4,4.2,1.3333333333333333,1.3333333333333333,2.79,3.76,2.18
CCNLL7pC,2023,2024-05-03 20:00:00,,Farul Constanta,Sepsi Sf. Gheorghe,1,4,60.0,40.0,28.0,13.0,11.0,7.0,10.0,5.0,4.0,0.0,2,3,0,0,9.0,15.0,1.0,5.0,14.0,9.0,28.0,20.0,3.0,10.0,1357.7886469730113,1276.677872549246,144.13728394330383,63.026509519538635,5.0,14.2,5.2,4.6,52.2,2.4,1.2,2.0,2.0,4.0,4.0,13.6,4.0,4.8,49.4,1.2,1.6,1.0,3.4,4.0,2.3333333333333335,0.3333333333333333,,,
KWBM50qT,2023,2024-05-04 14:30:00,,FC Botosani,FC Voluntari,0,0,48.0,52.0,16.0,6.0,6.0,1.0,6.0,4.0,7.0,4.0,2,2,0,0,7.0,12.0,3.0,5.0,10.0,7.0,28.0,20.0,1.0,6.0,1174.1104587891532,1182.0858545487322,53.24208391213028,61.21747967170927,4.0,11.4,4.0,3.2,53.6,1.8,1.0,2.0,2.6,2.2,7.0,7.8,2.8,4.2,44.2,1.4,1.0,1.2,1.8,3.2,0.3333333333333333,2.3333333333333335,,,
CO3l1Kip,2023,2024-05-04 20:00:00,,U Cluj,Dinamo Bucuresti,3,3,47.0,53.0,18.0,10.0,7.0,5.0,3.0,3.0,5.0,3.0,1,2,0,0,10.0,11.0,0.0,3.0,12.0,9.0,23.0,22.0,2.0,4.0,1224.8902453226708,1128.142444742599,157.85123927144878,61.10343869137697,7.0,12.4,4.2,5.0,56.2,1.0,1.4,0.8,1.4,1.2,8.0,11.2,2.8,4.2,54.2,0.8,1.0,1.0,1.6,2.8,1.6666666666666667,0.6666666666666666,,,
j5avOsac,2023,2024-05-05 15:30:00,,Petrolul Ploiesti,Otelul Galati,2,1,39.0,61.0,16.0,6.0,4.0,2.0,8.0,2.0,2.0,7.0,3,2,0,0,13.0,11.0,2.0,1.0,7.0,11.0,26.0,25.0,1.0,2.0,1170.2571936399975,1234.5836974645583,-3.5421554186289086,60.78434840593194,5.0,10.2,2.8,4.0,46.8,0.8,2.0,0.8,1.4,3.2,7.0,10.0,3.0,4.0,48.8,1.0,0.8,2.0,2.8,2.0,1.0,1.0,2.44,2.85,3.12
YLOHMmV5,2023,2024-05-05 21:30:00,,CFR Cluj,Rapid Bucuresti,3,2,45.0,55.0,10.0,18.0,6.0,7.0,4.0,5.0,3.0,5.0,3,2,0,0,14.0,6.0,2.0,3.0,7.0,13.0,15.0,20.0,5.0,3.0,1381.847967111908,1308.1995666752216,135.19039493482865,61.54199449814228,7.0,20.0,6.4,7.4,53.2,1.6,1.6,1.8,3.0,3.4,6.0,13.2,4.2,3.0,45.2,1.0,2.4,0.2,2.8,2.2,1.0,2.0,1.42,4.73,5.91
hKtyPNqi,2023,2024-05-06 15:00:00,,FC Hermannstadt,Poli Iasi,0,1,61.0,39.0,9.0,14.0,3.0,4.0,4.0,6.0,7.0,4.0,3,3,0,0,13.0,12.0,4.0,1.0,12.0,12.0,21.0,32.0,3.0,3.0,1254.296848953512,1114.2503218281659,202.06057758369002,62.01405045834398,8.0,9.6,3.2,5.0,48.6,1.4,0.8,1.6,1.8,3.2,7.0,15.0,3.8,5.6,51.4,0.6,1.0,0.8,2.4,2.6,2.3333333333333335,0.3333333333333333,,,
jF2h0v7j,2023,2024-05-06 18:00:00,,UTA Arad,U Craiova 1948,3,1,35.0,65.0,20.0,17.0,10.0,6.0,9.0,8.0,5.0,9.0,2,2,0,0,12.0,13.0,2.0,4.0,10.0,12.0,15.0,14.0,5.0,7.0,1252.2985339842317,1172.6620408400186,140.5076855413988,60.871192397185816,7.0,13.8,5.6,5.0,45.6,1.6,1.0,2.0,1.8,2.4,9.0,12.6,3.8,5.0,50.6,1.0,1.4,1.2,2.2,2.0,2.3333333333333335,0.3333333333333333,,,
4nKDNTFa,2023,2024-05-06 21:00:00,,Univ. Craiova,FCSB,2,0,42.0,58.0,13.0,11.0,5.0,2.0,7.0,7.0,4.0,6.0,3,2,0,0,19.0,6.0,2.0,1.0,5.0,18.0,16.0,20.0,2.0,3.0,1352.5034506571876,1453.6531731682412,-39.62486549431105,61.52485701674247,7.0,14.4,4.8,6.8,51.0,1.2,1.4,1.2,3.2,4.0,9.0,13.6,5.0,5.0,49.0,1.8,1.0,2.2,2.8,2.8,0.0,3.0,,,
Ms5CrViP,2023,2024-05-10 20:30:00,,Sepsi Sf. Gheorghe,Rapid Bucuresti,3,2,51.0,49.0,18.0,16.0,8.0,6.0,7.0,6.0,7.0,2.0,1,0,0,0,14.0,8.0,3.0,1.0,11.0,14.0,17.0,24.0,4.0,5.0,1300.7982705203044,1301.9054872058657,61.59874652446274,62.70596321002406,7.0,13.4,4.2,3.0,46.6,1.8,1.6,1.4,3.2,5.8,4.0,12.4,4.4,3.4,44.6,1.2,2.2,0.2,3.0,2.4,1.6666666666666667,0.6666666666666666,,,
fyDQKRaI,2023,2024-05-11 20:00:00,,FCSB,CFR Cluj,0,1,61.0,39.0,11.0,7.0,5.0,1.0,5.0,2.0,5.0,3.0,1,1,0,0,8.0,16.0,0.0,2.0,8.0,4.0,9.0,7.0,0.0,5.0,1437.9050905911533,1388.142046581264,113.08741160041086,63.324367590521426,4.0,13.4,4.4,5.2,52.6,1.4,1.4,1.6,2.8,2.8,5.0,20.0,6.4,7.2,53.8,1.4,1.8,1.8,3.0,3.4,2.3333333333333335,0.3333333333333333,,,
CtFO2XSl,2023,2024-05-12 21:30:00,,FC Voluntari,U Cluj,0,1,44.0,56.0,7.0,10.0,1.0,2.0,4.0,6.0,5.0,0.0,3,3,0,0,5.0,13.0,1.0,2.0,11.0,4.0,32.0,20.0,1.0,1.0,1183.6064009531628,1220.6357081834037,25.30921228341458,62.33851951365543,8.0,6.6,1.8,4.4,43.6,0.6,1.0,0.8,2.0,3.8,8.0,13.6,4.4,5.0,54.6,1.4,1.8,0.8,1.2,1.6,2.3333333333333335,0.3333333333333333,,,
pSbrN1E3,2023,2024-05-12 21:30:00,,Otelul Galati,FC Botosani,2,0,53.0,47.0,10.0,12.0,5.0,3.0,3.0,6.0,4.0,5.0,1,3,0,0,15.0,7.0,4.0,5.0,7.0,15.0,21.0,29.0,3.0,3.0,1224.4817495684204,1172.5899123847225,113.42581880530702,61.53398162160915,7.0,9.2,2.4,5.0,52.6,1.0,1.2,1.4,2.6,2.2,8.0,12.4,4.4,4.2,52.6,1.8,0.8,2.2,2.8,1.2,0.0,3.0,,,
IJFK3DDr,2023,2024-05-12 21:30:00,,Dinamo Bucuresti,UTA Arad,2,0,52.0,48.0,6.0,8.0,3.0,1.0,1.0,6.0,3.0,4.0,7,5,1,1,15.0,22.0,0.0,1.0,14.0,10.0,8.0,14.0,1.0,1.0,1132.3969818818662,1261.0140622449871,-66.35690877078582,62.260171592335254,8.0,12.8,3.6,4.2,53.2,1.4,1.4,1.2,1.8,2.8,6.0,14.4,6.2,4.6,43.2,2.0,1.2,2.0,1.4,2.6,1.3333333333333333,1.3333333333333333,,,
tfhiLuqG,2023,2024-05-12 21:30:00,,U Craiova 1948,FC Hermannstadt,1,3,53.0,47.0,15.0,10.0,7.0,3.0,5.0,3.0,6.0,6.0,0,2,0,0,10.0,11.0,1.0,2.0,8.0,9.0,25.0,13.0,0.0,6.0,1163.946512579263,1239.058741471403,-11.591248804568522,63.520980087571424,6.0,12.4,4.4,5.6,55.6,1.2,2.0,1.0,2.0,2.6,6.0,9.8,3.6,5.8,51.8,1.2,0.8,1.4,2.0,2.8,0.6666666666666666,1.6666666666666667,,,
OIcnMLT9,2023,2024-05-12 21:30:00,,Poli Iasi,Petrolul Ploiesti,2,0,44.0,56.0,18.0,8.0,6.0,1.0,7.0,4.0,6.0,8.0,0,3,0,0,12.0,11.0,1.0,4.0,10.0,11.0,22.0,25.0,1.0,4.0,1129.4884293102748,1180.3591415361354,11.624980625523449,62.495692851384206,6.0,14.2,3.8,4.6,47.2,0.8,1.0,1.2,2.4,2.6,7.0,10.6,3.0,3.0,45.6,1.2,1.4,1.4,1.6,3.0,0.5,2.0,,,
8vHUJoFO,2023,2024-05-13 20:30:00,,Farul Constanta,Univ. Craiova,3,3,47.0,53.0,23.0,17.0,9.0,5.0,6.0,6.0,5.0,5.0,2,2,0,0,12.0,10.0,1.0,1.0,6.0,5.0,12.0,13.0,2.0,6.0,1333.668249001953,1368.2515332342755,28.937592992756436,63.52087722507905,10.0,18.4,7.0,5.0,55.0,2.4,1.8,1.8,2.2,3.6,6.0,14.0,5.2,6.2,47.4,1.6,1.0,1.8,2.8,3.8,3.0,0.0,2.68,3.57,2.33
CUQ27NFd,2023,2024-05-17 20:00:00,,FC Botosani,CS Mioveni,1,0,59.0,41.0,13.0,8.0,4.0,2.0,6.0,4.0,11.0,1.0,0,2,0,0,7.0,18.0,0.0,2.0,9.0,14.0,26.0,18.0,2.0,3.0,1162.9073794417077,1039.8382737294883,186.52766016735018,63.45855445513086,4.0,13.2,4.2,4.8,51.2,1.0,1.0,1.6,2.8,1.6,363.0,6.2,2.6,2.8,43.2,0.2,2.2,0.0,1.6,4.2,1.6666666666666667,0.6666666666666666,1.47,3.96,6.45
rg7uxTUh,2023,2024-05-18 21:00:00,,Univ. Craiova,Sepsi Sf. Gheorghe,3,2,48.0,52.0,19.0,13.0,8.0,4.0,6.0,6.0,9.0,8.0,2,3,0,0,6.0,10.0,1.0,1.0,13.0,5.0,20.0,20.0,2.0,5.0,1369.0825035002513,1309.0436622602692,123.87943456624657,63.84059332626442,5.0,14.4,5.4,5.8,48.0,2.0,1.2,2.0,2.4,3.6,8.0,15.0,5.2,4.2,45.0,2.2,2.0,1.4,2.8,5.8,3.0,0.0,1.48,4.58,5.32
428yw9Fn,2023,2024-05-18 21:00:00,,CFR Cluj,Farul Constanta,5,1,39.0,61.0,13.0,5.0,9.0,2.0,3.0,1.0,7.0,1.0,0,1,0,0,15.0,10.0,1.0,0.0,7.0,10.0,25.0,12.0,1.0,4.0,1401.286687606144,1332.8372787359772,132.7833710869827,64.33396221681598,7.0,17.0,5.6,6.2,51.0,1.6,1.6,2.4,2.8,3.6,5.0,20.0,7.0,5.6,54.4,2.6,2.2,1.4,1.8,3.4,1.3333333333333333,1.3333333333333333,1.38,4.7,7.07
84lqpjvA,2023,2024-05-19 14:30:00,,Otelul Galati,U Cluj,0,2,50.0,50.0,16.0,6.0,5.0,3.0,10.0,2.0,3.0,2.0,2,3,0,0,9.0,17.0,1.0,1.0,12.0,7.0,23.0,23.0,1.0,5.0,1234.164282511435,1231.362880077354,68.0884642447129,65.28706181063203,6.0,8.6,2.8,4.4,51.2,1.2,1.0,1.8,2.0,2.4,6.0,11.6,3.8,4.4,52.4,1.4,1.4,1.4,1.6,1.6,2.3333333333333335,0.3333333333333333,2.59,2.9,2.84
Ojivvk0t,2023,2024-05-19 21:00:00,,Rapid Bucuresti,FCSB,2,0,38.0,62.0,12.0,10.0,6.0,2.0,6.0,6.0,2.0,11.0,2,3,0,0,11.0,9.0,0.0,3.0,9.0,11.0,17.0,19.0,2.0,4.0,1293.660095465901,1424.7604495662733,-67.0791938590944,64.02116024127803,9.0,13.2,4.8,3.6,46.2,1.6,2.6,0.2,2.4,3.0,8.0,12.6,4.4,5.8,55.4,1.2,1.6,1.0,2.8,1.8,2.3333333333333335,0.3333333333333333,1.7,4.07,4.04
vHSf9qop,2023,2024-05-20 20:00:00,,Dinamo Bucuresti,Csikszereda M. Ciuc,2,0,60.0,40.0,12.0,8.0,3.0,0.0,8.0,5.0,7.0,1.0,1,2,0,0,,,4.0,2.0,7.0,9.0,13.0,18.0,0.0,1.0,1149.2077618183484,1200.0,14.491856211473532,65.28409439312499,7.0,10.8,3.2,3.8,51.0,1.6,1.4,1.2,2.6,2.2,7.0,,,,,,,,,,,,,,
hSG5KBWr,2023,2024-05-24 20:00:00,,CS Mioveni,FC Botosani,0,1,42.0,58.0,0.0,12.0,0.0,4.0,0.0,8.0,1.0,1.0,2,1,0,0,16.0,12.0,0.0,0.0,7.0,13.0,26.0,18.0,3.0,0.0,1034.7444221143742,1168.0012310568218,-66.95626984486489,66.3005390975828,7.0,7.0,2.6,2.6,44.0,0.2,2.2,0.0,1.4,3.6,7.0,13.6,4.4,6.0,53.0,1.0,0.8,2.0,2.2,1.8,0.3333333333333333,2.3333333333333335,3.83,3.15,1.97
2cKgct2L,2023,2024-05-26 20:00:00,,Univ. Craiova,U Cluj,2,1,56.0,44.0,16.0,21.0,5.0,9.0,7.0,8.0,6.0,4.0,4,2,0,0,22.0,14.0,3.0,2.0,6.0,13.0,21.0,14.0,8.0,4.0,1375.6607553742722,1248.2415676687406,193.1125003865502,65.69331268101861,7.0,14.8,5.4,5.8,48.4,2.0,1.4,2.0,2.2,3.2,7.0,10.6,4.2,4.0,50.8,1.8,1.2,2.0,2.0,2.4,1.6666666666666667,0.6666666666666666,1.93,3.27,3.88
xGj9vXNE,2023,2024-05-27 20:00:00,,Csikszereda M. Ciuc,Dinamo Bucuresti,0,0,63.0,37.0,14.0,5.0,6.0,2.0,6.0,2.0,6.0,4.0,2,2,0,0,14.0,14.0,3.0,3.0,14.0,14.0,36.0,28.0,2.0,6.0,1186.4474039405625,1162.760357877786,89.75170527386626,66.06465921108983,7.0,,,,,,,,,,7.0,10.8,3.0,4.8,53.0,1.8,1.2,1.6,2.6,2.0,0.0,3.0,,,
URv8HfxS,2024,2024-07-12 18:30:00,,Farul Constanta,Unirea Slobozia,0,1,70.0,30.0,17.0,7.0,6.0,2.0,8.0,4.0,8.0,5.0,2,3,0,0,12.0,18.0,2.0,1.0,18.0,12.0,29.0,15.0,1.0,6.0,1320.1292841517632,1200.0,186.00439640228683,65.87511225052371,54.0,17.0,5.8,4.8,56.6,1.8,3.0,0.8,1.6,3.2,7.0,,,,,,,,,,,,,,
0nmiLxw3,2024,2024-07-12 21:30:00,,FC Hermannstadt,Univ. Craiova,0,0,38.0,62.0,9.0,18.0,1.0,10.0,5.0,3.0,0.0,9.0,1,1,0,0,6.0,10.0,1.0,0.0,10.0,6.0,23.0,21.0,10.0,1.0,1252.7292379538992,1380.6120424418884,-63.12479506448312,64.75800942350602,61.0,9.6,3.4,6.6,51.4,1.2,0.8,1.4,2.0,2.8,47.0,15.6,5.4,5.4,48.8,2.4,1.4,2.6,2.6,4.0,1.0,2.0,,,
W8jGJP1b,2024,2024-07-13 17:00:00,,Sepsi Sf. Gheorghe,Poli Iasi,1,0,62.0,38.0,14.0,18.0,5.0,5.0,5.0,10.0,4.0,4.0,0,1,0,0,10.0,15.0,4.0,2.0,13.0,5.0,26.0,30.0,5.0,4.0,1302.4654103862483,1143.1575542928726,224.20065147957166,64.89279538619598,55.0,14.0,5.0,5.6,44.6,2.4,2.0,1.4,3.0,5.8,61.0,16.0,4.2,5.6,48.6,1.2,0.8,1.8,2.0,2.0,1.3333333333333333,1.3333333333333333,1.68,3.65,4.73
fk05cZpd,2024,2024-07-13 19:15:00,,UTA Arad,Rapid Bucuresti,1,1,50.0,50.0,16.0,15.0,5.0,6.0,5.0,6.0,5.0,3.0,3,3,0,0,8.0,7.0,1.0,1.0,7.0,7.0,18.0,21.0,5.0,4.0,1244.2032823085049,1310.4992174905271,-1.079513571919506,65.21642161010284,61.0,12.8,5.0,4.6,42.6,1.8,1.0,2.0,1.8,2.6,54.0,14.0,5.2,3.4,47.6,1.6,2.2,0.6,1.6,2.8,0.6666666666666666,1.6666666666666667,3.5,3.28,2.05
dEt0JG7F,2024,2024-07-13 22:00:00,,FCSB,U Cluj,1,1,57.0,43.0,20.0,4.0,6.0,2.0,10.0,0.0,6.0,0.0,2,3,0,0,5.0,12.0,3.0,0.0,8.0,2.0,17.0,18.0,1.0,5.0,1407.921327541647,1243.2902806011243,229.84979886049382,65.21875191997114,55.0,12.0,3.8,6.4,54.0,0.8,1.6,0.8,2.6,2.2,48.0,12.8,5.2,2.8,49.4,1.8,1.6,1.4,1.8,3.2,0.6666666666666666,1.6666666666666667,1.49,3.94,6.47
YZBdaeGq,2024,2024-07-14 19:00:00,,CFR Cluj,Dinamo Bucuresti,3,2,48.0,52.0,17.0,7.0,7.0,2.0,7.0,4.0,7.0,2.0,3,2,0,0,6.0,7.0,5.0,1.0,6.0,7.0,26.0,24.0,0.0,4.0,1413.994682190358,1165.2876506853343,313.4912324889831,64.78420098395932,56.0,16.2,6.2,7.0,48.8,2.4,0.8,3.0,2.4,3.2,47.0,9.6,3.2,5.0,52.2,1.6,0.8,1.8,2.4,2.6,2.3333333333333335,0.3333333333333333,1.5,4.03,6.06
lCLvCYak,2024,2024-07-15 18:30:00,,FC Botosani,Otelul Galati,2,3,51.0,49.0,14.0,14.0,5.0,7.0,4.0,4.0,7.0,4.0,3,2,0,0,14.0,9.0,1.0,2.0,9.0,17.0,28.0,25.0,4.0,3.0,1176.0975832776776,1217.2855949200484,23.808127280857207,64.99613892322812,51.0,12.8,4.4,5.4,52.8,0.8,0.6,2.0,2.0,1.8,57.0,10.4,3.4,4.8,52.8,1.0,1.4,1.2,1.8,2.4,1.5,1.5,2.4,2.86,3.18
SzpPH3WA,2024,2024-07-15 21:30:00,,Petrolul Ploiesti,Gloria Buzau,0,0,62.0,38.0,15.0,5.0,2.0,1.0,2.0,2.0,5.0,4.0,2,2,0,0,22.0,6.0,2.0,1.0,5.0,22.0,30.0,25.0,1.0,2.0,1166.6900165535376,1180.0397536658452,50.84508812992226,64.19482524222975,64.0,10.6,2.6,3.8,50.2,0.8,1.6,0.8,1.8,3.0,407.0,,,,,,,,2.0,2.5,,,2.05,3.08,3.8
U1eHrXzR,2024,2024-07-19 19:00:00,,Poli Iasi,FC Botosani,1,0,50.0,50.0,10.0,4.0,5.0,1.0,3.0,2.0,5.0,2.0,1,3,0,0,13.0,10.0,3.0,1.0,9.0,12.0,32.0,29.0,1.0,4.0,1138.8425379741145,1165.4134008643662,37.51498129705533,64.08584418730696,6.0,16.6,3.8,5.4,46.6,0.6,0.8,1.2,1.6,2.6,4.0,13.4,4.4,6.2,52.6,0.8,1.0,1.4,1.8,2.0,0.3333333333333333,2.3333333333333335,2.35,2.94,3.21
ttFMMkE7,2024,2024-07-19 22:00:00,,Unirea Slobozia,FCSB,2,2,31.0,69.0,10.0,12.0,4.0,4.0,4.0,4.0,4.0,9.0,3,2,0,0,16.0,11.0,1.0,1.0,12.0,12.0,14.0,20.0,2.0,2.0,1214.894704360236,1402.1273150614895,-122.47743584665409,64.75517485459959,7.0,,,,,,,,,,6.0,14.2,4.2,7.0,56.4,0.6,1.4,0.8,2.6,1.8,,,6.75,4.36,1.42
lQ0DQXEr,2024,2024-07-20 19:00:00,,Univ. Craiova,UTA Arad,4,2,63.0,37.0,20.0,8.0,8.0,5.0,8.0,2.0,8.0,3.0,0,0,0,0,10.0,7.0,0.0,1.0,6.0,9.0,15.0,30.0,3.0,4.0,1378.814896272689,1244.2343531067488,199.58967334089357,65.00913017495326,7.0,16.6,6.6,6.6,52.2,2.0,1.2,2.2,2.4,3.8,6.0,12.4,5.0,4.2,41.8,1.8,1.0,2.0,2.4,3.4,2.3333333333333335,0.3333333333333333,1.57,3.87,5.42
UuKtWgiL,2024,2024-07-20 22:00:00,,Rapid Bucuresti,CFR Cluj,2,2,49.0,51.0,15.0,16.0,7.0,3.0,5.0,7.0,5.0,4.0,1,0,0,0,13.0,15.0,2.0,3.0,15.0,12.0,23.0,23.0,1.0,5.0,1310.4681466922832,1416.8205213806086,-40.83267562359606,65.51969906472947,7.0,15.0,5.6,3.6,49.4,1.6,1.8,0.8,2.0,3.2,6.0,16.0,6.6,7.2,49.2,2.8,1.2,3.0,2.2,2.2,1.0,2.0,2.5,3.26,2.68
MwaLOBqe,2024,2024-07-21 19:00:00,,U Cluj,FC Hermannstadt,3,1,59.0,41.0,15.0,6.0,6.0,2.0,6.0,3.0,3.0,8.0,1,1,0,0,12.0,7.0,2.0,4.0,10.0,12.0,26.0,20.0,1.0,3.0,1249.0842930812819,1254.5263841230985,60.16534884171119,65.60743988352786,7.0,11.8,4.6,2.2,48.0,1.6,1.2,1.6,2.4,3.4,8.0,10.2,3.2,4.6,49.0,1.0,0.6,1.4,2.0,4.4,1.6666666666666667,0.6666666666666666,2.02,2.96,4.1
MFGYXFM8,2024,2024-07-21 22:00:00,,Dinamo Bucuresti,Petrolul Ploiesti,4,1,55.0,45.0,6.0,5.0,4.0,1.0,1.0,2.0,5.0,3.0,2,2,0,0,14.0,12.0,1.0,0.0,10.0,15.0,17.0,27.0,0.0,0.0,1162.4618114950836,1165.2369358212336,63.7111156613646,66.48623998751458,7.0,8.0,3.0,3.8,50.8,1.8,1.2,1.6,2.8,3.0,6.0,11.2,2.6,4.4,53.4,0.6,1.4,0.8,2.0,2.4,0.6666666666666666,1.6666666666666667,2.03,3.1,3.79
tKwnACU1,2024,2024-07-22 19:00:00,,Gloria Buzau,Sepsi Sf. Gheorghe,1,2,45.0,55.0,11.0,13.0,5.0,5.0,3.0,4.0,7.0,9.0,6,2,0,0,11.0,12.0,2.0,1.0,12.0,14.0,32.0,27.0,3.0,4.0,1181.4928343981492,1306.7804267050064,-57.73789111430892,67.54970119254827,6.0,6.0,1.3333333333333333,4.0,42.666666666666664,0.3333333333333333,1.6666666666666667,0.6666666666666666,2.0,2.3333333333333335,9.0,12.8,5.0,4.2,46.0,2.2,1.6,1.8,2.6,6.4,,,4.05,3.45,1.85
8n78pg6E,2024,2024-07-22 22:00:00,,Otelul Galati,Farul Constanta,0,0,42.0,58.0,12.0,19.0,2.0,3.0,7.0,10.0,8.0,12.0,1,0,0,0,17.0,7.0,2.0,3.0,7.0,14.0,32.0,15.0,3.0,2.0,1227.9697773333598,1305.2345797915273,-10.341598834668048,66.92320362349945,7.0,10.4,4.2,4.2,50.4,1.4,1.2,1.8,1.8,2.6,10.0,16.2,6.0,5.0,58.8,1.2,3.0,0.2,1.8,2.8,0.5,2.0,2.67,3.08,2.63
r5LjcWkK,2024,2024-07-26 19:00:00,,FC Hermannstadt,Unirea Slobozia,1,1,53.0,47.0,14.0,20.0,1.0,6.0,11.0,11.0,5.0,3.0,4,3,0,0,10.0,13.0,2.0,2.0,14.0,9.0,27.0,18.0,5.0,0.0,1242.8090494032756,1218.2807752982849,91.47379527347721,66.94552116848644,5.0,8.8,2.6,5.4,49.6,0.8,1.2,0.8,2.2,4.6,6.0,,,,,,,,3.0,4.0,,,2.18,2.99,3.51
EmCMiADs,2024,2024-07-26 22:00:00,,FCSB,Otelul Galati,0,2,73.0,27.0,19.0,6.0,7.0,4.0,9.0,1.0,9.0,2.0,2,0,0,0,12.0,11.0,2.0,0.0,14.0,13.0,32.0,21.0,2.0,7.0,1398.7412441234405,1228.267344599853,237.22639812370176,66.75249860011424,7.0,12.8,3.8,7.4,61.4,0.6,1.6,0.4,2.0,2.0,4.0,11.6,4.2,5.2,51.0,1.2,1.2,1.4,1.6,2.4,1.5,1.5,1.81,3.38,4.34
8UDxlSC6,2024,2024-07-27 19:00:00,,Poli Iasi,Gloria Buzau,1,2,62.0,38.0,17.0,10.0,3.0,5.0,8.0,3.0,7.0,1.0,2,5,0,0,10.0,13.0,1.0,6.0,12.0,9.0,28.0,37.0,3.0,2.0,1147.7669468713495,1173.1395334774982,39.68992842529178,65.06251503144048,8.0,17.0,4.8,5.8,46.8,0.8,0.6,1.8,1.4,2.2,5.0,7.25,2.25,4.75,43.25,0.5,1.75,0.5,3.0,2.5,,,1.96,3.2,3.91
0pnmwBbl,2024,2024-07-27 22:00:00,,Sepsi Sf. Gheorghe,Dinamo Bucuresti,1,1,51.0,49.0,9.0,7.0,1.0,2.0,5.0,4.0,9.0,3.0,2,3,0,0,12.0,12.0,1.0,0.0,14.0,11.0,35.0,19.0,1.0,0.0,1315.1337276256575,1176.641294228866,202.71964159412846,64.22720819733689,5.0,14.2,5.8,5.6,52.0,2.4,1.4,2.4,1.8,5.6,6.0,7.2,2.8,4.2,51.2,2.0,0.8,2.0,2.8,2.2,2.3333333333333335,0.3333333333333333,1.87,3.46,3.93
z30Vklrf,2024,2024-07-28 19:00:00,,Farul Constanta,FC Botosani,0,1,67.0,33.0,20.0,8.0,1.0,4.0,13.0,1.0,7.0,5.0,1,4,0,1,10.0,17.0,1.0,0.0,16.0,11.0,15.0,28.0,3.0,1.0,1304.937012525034,1156.4889919671311,212.28133937430516,63.833318816402276,5.0,18.4,6.2,6.0,59.2,1.0,2.6,0.4,1.4,2.4,9.0,11.0,3.4,5.2,53.0,0.8,1.2,1.2,2.0,2.6,1.6666666666666667,0.6666666666666666,1.56,3.93,5.41
SYhH14gJ,2024,2024-07-28 22:00:00,,CFR Cluj,Univ. Craiova,0,2,35.0,65.0,14.0,13.0,2.0,4.0,9.0,4.0,5.0,5.0,4,4,1,0,14.0,11.0,1.0,1.0,11.0,14.0,14.0,17.0,2.0,2.0,1415.65064379663,1385.6224814697052,92.7028608995438,62.674698572618965,8.0,12.6,5.2,4.8,44.4,2.8,1.4,2.6,1.4,3.2,8.0,18.0,7.2,7.4,56.4,2.4,1.6,2.2,1.8,4.0,1.0,2.0,2.01,3.52,3.38
Sdw4ZScD,2024,2024-07-29 19:00:00,,UTA Arad,U Cluj,0,0,41.0,59.0,11.0,10.0,4.0,1.0,4.0,6.0,6.0,5.0,0,2,0,0,7.0,11.0,2.0,2.0,11.0,7.0,17.0,19.0,1.0,4.0,1237.4267679097327,1260.8016278011048,37.96270297952151,61.337562870893535,9.0,12.2,5.0,4.4,41.4,1.6,1.6,1.4,2.4,3.8,8.0,11.2,4.4,1.8,50.4,1.6,0.8,2.0,2.4,3.2,1.3333333333333333,1.3333333333333333,2.62,3.18,2.62
fqudykT0,2024,2024-07-29 22:00:00,,Petrolul Ploiesti,Rapid Bucuresti,1,0,34.0,66.0,6.0,11.0,2.0,4.0,2.0,4.0,0.0,12.0,1,1,0,1,15.0,13.0,2.0,0.0,14.0,13.0,18.0,35.0,4.0,1.0,1151.0574530874512,1311.6380242762618,-99.32463282141816,61.25593836739238,8.0,10.8,2.4,4.2,50.0,0.8,1.8,0.8,2.2,1.8,9.0,15.2,6.4,3.4,48.2,1.8,1.8,1.0,1.6,3.0,1.3333333333333333,1.3333333333333333,3.92,3.17,1.97
dlFDkulB,2024,2024-08-02 19:00:00,,Otelul Galati,FC Hermannstadt,1,0,52.0,48.0,15.0,11.0,4.0,2.0,8.0,4.0,6.0,2.0,0,2,0,0,17.0,8.0,0.0,1.0,7.0,14.0,24.0,24.0,2.0,3.0,1250.8004588488363,1240.235415158313,72.77973533539375,62.214691644870264,6.0,11.6,4.6,4.2,44.2,1.4,0.8,2.0,1.2,3.4,7.0,9.6,2.0,5.2,48.0,1.0,1.2,1.0,2.2,5.4,1.3333333333333333,1.3333333333333333,,,
lnfhrcto,2024,2024-08-02 22:00:00,,Dinamo Bucuresti,Gloria Buzau,4,1,64.0,36.0,15.0,10.0,6.0,1.0,5.0,7.0,5.0,2.0,1,1,0,0,11.0,13.0,1.0,1.0,10.0,11.0,19.0,31.0,1.0,2.0,1181.8931526413276,1184.2769579322128,60.4260370272641,62.80984231814933,6.0,7.4,2.6,4.2,50.6,1.8,1.0,1.6,2.0,2.0,6.0,7.8,2.8,4.0,42.2,0.8,1.6,1.0,3.4,2.4,,,,,
4fxu60Yi,2024,2024-08-03 21:00:00,,Farul Constanta,Poli Iasi,2,0,54.0,46.0,12.0,9.0,5.0,2.0,6.0,3.0,3.0,6.0,2,2,0,0,8.0,6.0,2.0,2.0,5.0,5.0,21.0,13.0,2.0,3.0,1289.4887426079233,1136.629522416635,216.74442251057326,63.88520231928488,6.0,16.8,4.2,6.6,60.6,0.8,2.0,0.4,1.2,2.4,7.0,15.4,4.6,5.2,46.6,1.0,0.6,1.8,1.4,2.4,1.5,1.5,,,
fPIdgNln,2024,2024-08-04 19:00:00,,Univ. Craiova,Petrolul Ploiesti,0,0,58.0,42.0,10.0,13.0,0.0,6.0,9.0,4.0,8.0,5.0,2,2,0,0,11.0,17.0,0.0,0.0,17.0,12.0,21.0,18.0,6.0,0.0,1403.450957492711,1163.8408301204897,303.96860006561064,64.35847269338936,6.0,17.2,7.0,7.4,58.8,2.2,1.0,2.6,2.2,3.2,5.0,10.0,2.0,3.6,47.2,0.8,1.4,1.4,2.2,2.0,2.0,1.0,,,
tGaT8L0n,2024,2024-08-04 22:00:00,,CFR Cluj,U Cluj,2,3,52.0,48.0,14.0,13.0,6.0,7.0,7.0,2.0,0.0,3.0,0,4,0,0,11.0,14.0,0.0,2.0,13.0,11.0,41.0,26.0,4.0,4.0,1397.8221677736242,1261.8899545144536,199.76279763407615,63.83058437490554,7.0,13.4,4.4,5.2,42.4,2.2,1.4,2.0,1.6,2.6,6.0,11.2,4.2,2.8,51.0,1.4,0.8,1.6,2.2,3.8,3.0,0.0,,,
jiC5i1Jb,2024,2024-08-05 19:00:00,,Unirea Slobozia,UTA Arad,0,1,61.0,39.0,11.0,9.0,2.0,1.0,7.0,5.0,3.0,2.0,2,4,0,0,12.0,15.0,3.0,2.0,11.0,14.0,26.0,30.0,0.0,2.0,1220.8544095432476,1236.3384411963839,47.20730631997003,62.691337973106414,10.0,12.333333333333334,4.0,4.0,36.0,1.3333333333333333,1.0,1.6666666666666667,3.0,2.6666666666666665,7.0,12.6,5.0,4.6,42.2,1.2,1.6,1.0,2.0,3.2,,,,,
4d7on6sJ,2024,2024-08-05 22:00:00,,Rapid Bucuresti,Sepsi Sf. Gheorghe,2,2,28.0,72.0,12.0,21.0,4.0,7.0,7.0,8.0,2.0,5.0,2,1,0,0,15.0,13.0,3.0,1.0,14.0,13.0,18.0,29.0,5.0,2.0,1298.8546472432233,1309.8818692131958,50.81283335567241,61.840055325645025,7.0,13.8,5.8,4.8,50.4,1.4,1.4,1.0,1.4,2.6,9.0,13.4,4.6,7.4,54.2,1.8,1.4,2.0,1.6,3.8,0.3333333333333333,2.3333333333333335,,,
UyUUEeHM,2024,2024-08-09 21:00:00,,FCSB,Farul Constanta,3,2,64.0,36.0,23.0,9.0,8.0,2.0,11.0,5.0,6.0,2.0,1,3,0,0,10.0,14.0,2.0,0.0,12.0,10.0,14.0,16.0,0.0,5.0,1376.2081298744572,1295.7990142626497,142.14025804083008,61.73114242902272,13.0,14.4,4.8,8.0,64.4,0.6,1.6,0.4,2.0,1.8,6.0,14.6,3.4,6.2,62.0,0.6,1.4,0.8,1.2,2.4,2.3333333333333335,0.3333333333333333,,,
GENEIwIc,2024,2024-08-10 17:00:00,,FC Hermannstadt,FC Botosani,2,1,63.0,37.0,8.0,10.0,2.0,4.0,3.0,5.0,8.0,1.0,2,3,0,0,13.0,13.0,4.0,0.0,13.0,15.0,36.0,22.0,3.0,0.0,1232.3000728479253,1171.937261884242,122.55316422087935,62.19035325719601,7.0,10.0,1.8,4.2,45.4,1.0,1.2,1.0,2.0,5.4,12.0,10.2,3.6,5.2,50.2,1.0,0.8,1.8,2.2,2.2,1.6666666666666667,0.6666666666666666,,,
l8VSfzQj,2024,2024-08-10 19:00:00,,UTA Arad,Otelul Galati,1,1,64.0,36.0,15.0,14.0,7.0,2.0,5.0,5.0,10.0,4.0,2,4,0,0,8.0,10.0,4.0,1.0,9.0,9.0,35.0,23.0,1.0,6.0,1247.688876495869,1258.735801159224,51.63932855427356,62.686253217628476,5.0,10.4,3.2,4.0,43.0,0.8,1.4,1.0,2.4,2.6,8.0,12.6,4.4,4.6,44.0,1.2,0.8,2.0,1.0,3.2,1.3333333333333333,1.3333333333333333,,,
dOVMGHnA,2024,2024-08-10 22:00:00,,Gloria Buzau,Rapid Bucuresti,1,1,50.0,50.0,13.0,15.0,3.0,5.0,5.0,6.0,2.0,3.0,2,0,0,0,10.0,12.0,1.0,2.0,12.0,9.0,28.0,27.0,4.0,2.0,1169.9388245837388,1297.4024752882592,-64.88805628654018,62.57559441798015,8.0,8.8,2.8,3.6,41.0,1.0,2.4,0.8,3.4,2.2,5.0,13.0,5.4,4.8,46.2,1.4,1.2,1.2,1.8,2.6,,,,,
x8zm4v34,2024,2024-08-11 19:00:00,,Sepsi Sf. Gheorghe,Univ. Craiova,1,2,60.0,40.0,23.0,6.0,6.0,3.0,9.0,3.0,9.0,1.0,1,5,0,1,13.0,8.0,1.0,1.0,8.0,11.0,37.0,24.0,1.0,5.0,1311.33404116816,1396.4124465795935,-22.36434504697513,62.71406036445836,5.0,14.0,4.4,7.0,58.4,1.6,1.4,1.6,1.6,3.4,7.0,15.4,5.4,7.2,60.8,1.6,0.6,2.2,2.2,4.0,0.0,3.0,,,
4zfd0d2T,2024,2024-08-11 22:00:00,,CFR Cluj,Unirea Slobozia,3,0,51.0,49.0,16.0,5.0,6.0,0.0,5.0,4.0,3.0,2.0,2,2,0,0,22.0,17.0,0.0,1.0,10.0,16.0,26.0,23.0,0.0,3.0,1382.6322157496359,1209.5039742437625,235.14051262173234,62.012271115858915,7.0,14.8,5.4,4.6,45.0,2.4,2.0,1.4,1.4,2.4,6.0,12.0,3.5,3.75,42.25,1.0,1.0,1.25,2.75,2.0,,,,,
dAjl2IXG,2024,2024-08-12 19:00:00,,Petrolul Ploiesti,U Cluj,0,0,46.0,54.0,8.0,7.0,3.0,2.0,4.0,4.0,6.0,2.0,0,2,0,0,9.0,11.0,1.0,1.0,11.0,11.0,25.0,31.0,2.0,3.0,1170.8793410336073,1277.079906538442,-43.65494547218077,62.54562003265383,8.0,9.4,2.4,4.2,47.8,0.4,1.2,1.0,2.0,1.8,7.0,12.6,5.0,3.0,50.6,1.6,1.2,1.6,2.4,3.6,1.6666666666666667,0.6666666666666666,,,
lMA19Zvp,2024,2024-08-12 22:00:00,,Poli Iasi,Dinamo Bucuresti,2,2,34.0,66.0,15.0,14.0,6.0,3.0,6.0,7.0,6.0,3.0,2,3,0,0,13.0,9.0,1.0,1.0,10.0,13.0,18.0,31.0,1.0,4.0,1130.3192507619085,1196.2312859898016,-3.2726712349699483,62.63936399292319,9.0,14.4,4.2,5.6,48.0,0.8,1.0,1.2,1.2,2.4,10.0,8.0,3.2,3.8,51.4,2.2,1.2,1.6,2.0,2.2,0.6666666666666666,1.6666666666666667,,,
xridVG13,2024,2024-08-16 19:00:00,,Unirea Slobozia,Petrolul Ploiesti,1,2,40.0,60.0,14.0,16.0,6.0,6.0,5.0,3.0,6.0,5.0,1,2,1,0,13.0,16.0,0.0,1.0,18.0,13.0,26.0,17.0,4.0,5.0,1202.3926553531637,1172.1292605038655,92.90982326203743,62.64642841273924,4.0,10.6,2.8,3.4,43.6,0.8,1.4,1.0,2.6,2.2,4.0,9.4,2.8,3.8,45.8,0.4,0.8,1.2,1.4,1.4,,,2.7,2.73,2.94
GdUrMCOk,2024,2024-08-16 22:00:00,,Univ. Craiova,Gloria Buzau,5,1,63.0,37.0,25.0,9.0,11.0,3.0,8.0,4.0,9.0,2.0,3,3,0,0,18.0,8.0,3.0,0.0,9.0,19.0,22.0,9.0,2.0,6.0,1405.7696365609195,1171.7850372034484,295.68511370430497,61.70051434683393,5.0,13.4,5.0,6.2,57.6,1.6,0.6,2.2,2.4,3.4,6.0,9.8,3.0,3.2,41.4,1.0,1.6,1.0,3.2,2.6,,,1.33,5.01,7.72
KQrDRY0S,2024,2024-08-17 19:00:00,,FC Botosani,UTA Arad,1,0,49.0,51.0,21.0,11.0,3.0,3.0,14.0,4.0,7.0,2.0,4,3,0,0,13.0,5.0,0.0,1.0,3.0,11.0,30.0,36.0,3.0,2.0,1165.325262411809,1246.2134258338913,-18.725075631361733,62.16308779072053,7.0,9.6,3.6,3.2,45.8,1.0,1.2,1.2,2.8,1.8,7.0,11.8,4.4,5.2,46.2,1.0,1.2,1.2,1.8,2.6,0.6666666666666666,1.6666666666666667,2.35,3.06,3.09
djSBPoVs,2024,2024-08-17 22:00:00,,FCSB,Poli Iasi,0,1,67.0,33.0,13.0,15.0,2.0,4.0,9.0,5.0,7.0,4.0,6,4,1,0,10.0,13.0,3.0,0.0,6.0,6.0,27.0,16.0,3.0,2.0,1382.3309409167678,1130.4134430261226,314.87096791476847,62.953470024123355,8.0,16.8,5.4,8.2,65.0,1.2,1.8,1.0,2.0,1.8,5.0,13.8,4.2,5.6,46.0,0.8,1.4,0.8,1.6,2.4,3.0,0.0,1.42,4.49,6.6
x2Fwrfo9,2024,2024-08-18 21:30:00,,Rapid Bucuresti,Dinamo Bucuresti,1,1,47.0,53.0,9.0,13.0,3.0,4.0,5.0,6.0,1.0,3.0,5,4,0,0,9.0,17.0,0.0,2.0,16.0,8.0,18.0,25.0,3.0,2.0,1295.5562626685496,1196.1370937255874,161.08313556141843,61.6639666184563,7.0,13.6,5.2,5.0,48.6,1.2,1.4,0.8,1.4,2.6,5.0,9.8,3.4,3.6,57.2,2.6,1.6,1.6,2.2,1.8,3.0,0.0,1.79,3.55,4.18
dnE97D9d,2024,2024-08-19 19:00:00,,U Cluj,Sepsi Sf. Gheorghe,3,0,50.0,50.0,15.0,12.0,7.0,3.0,4.0,5.0,1.0,1.0,1,1,0,0,16.0,12.0,1.0,1.0,11.0,13.0,21.0,20.0,3.0,4.0,1275.8299870681838,1301.976851186834,35.19232113475982,61.33918525341011,7.0,9.8,3.6,2.6,52.6,1.4,0.8,1.8,2.4,3.4,8.0,16.0,4.8,7.2,60.0,1.4,1.2,1.6,1.2,2.6,1.3333333333333333,1.3333333333333333,2.23,3.08,3.28
CONiKjg2,2024,2024-08-19 22:00:00,,Farul Constanta,FC Hermannstadt,3,2,52.0,48.0,19.0,16.0,8.0,5.0,4.0,2.0,4.0,7.0,1,2,0,0,13.0,13.0,1.0,1.0,12.0,13.0,16.0,31.0,3.0,5.0,1289.6762032203392,1238.9120723203582,113.27122072570842,62.50708982572741,10.0,15.4,3.4,6.4,57.0,0.8,1.0,0.8,1.6,2.6,9.0,9.6,1.6,4.6,48.6,0.8,1.2,1.0,2.0,4.8,1.3333333333333333,1.3333333333333333,1.74,3.51,4.54
0rPSL3U6,2024,2024-08-23 19:00:00,,Petrolul Ploiesti,Otelul Galati,0,0,49.0,51.0,8.0,10.0,2.0,4.0,4.0,4.0,2.0,3.0,0,3,0,0,8.0,15.0,3.0,0.0,15.0,10.0,26.0,26.0,4.0,2.0,1184.7414480492696,1260.2112518212016,-12.448919510420637,63.020884261511334,7.0,9.6,3.6,3.8,45.4,0.8,1.0,1.6,1.4,2.2,13.0,12.2,3.8,4.8,41.2,1.4,0.6,2.2,1.4,4.2,1.6666666666666667,0.6666666666666666,2.61,2.73,3.05
fu58GT9O,2024,2024-08-23 22:00:00,,Poli Iasi,Rapid Bucuresti,1,2,58.0,42.0,17.0,14.0,8.0,5.0,7.0,5.0,5.0,4.0,2,4,0,0,14.0,14.0,3.0,3.0,12.0,10.0,28.0,20.0,3.0,7.0,1147.60682176835,1291.2258444679337,-80.57127677958874,63.04774591999487,6.0,13.2,4.0,5.6,45.0,1.0,1.2,1.4,2.2,2.0,5.0,12.4,4.6,4.6,48.0,1.2,1.4,0.8,1.8,2.4,1.5,1.5,3.81,3.5,1.89
4GVJNPaf,2024,2024-08-24 19:00:00,,Sepsi Sf. Gheorghe,Unirea Slobozia,0,1,69.0,31.0,13.0,13.0,2.0,3.0,3.0,7.0,7.0,4.0,4,4,1,0,8.0,13.0,0.0,2.0,8.0,7.0,28.0,27.0,2.0,2.0,1286.4047902226032,1189.7804678077596,159.09294318936236,62.46862077451878,5.0,15.6,4.4,6.6,57.6,1.2,1.8,1.0,1.4,2.4,8.0,12.0,3.6,3.6,45.6,0.8,1.8,0.4,2.2,1.8,,,1.51,4.05,5.85
hG8iKBAa,2024,2024-08-24 22:00:00,,Dinamo Bucuresti,Univ. Craiova,2,1,37.0,63.0,7.0,10.0,2.0,2.0,2.0,5.0,2.0,6.0,7,2,2,0,18.0,17.0,1.0,1.0,16.0,19.0,25.0,16.0,1.0,0.0,1200.4675119262033,1411.9372824794075,-150.0724319677504,61.397338585453674,6.0,11.0,3.8,3.8,57.4,2.4,1.2,1.8,2.6,1.4,8.0,14.8,5.2,6.2,57.8,2.6,0.8,2.6,2.8,3.6,0.0,3.0,3.02,3.3,2.26
YeNzKsaJ,2024,2024-08-25 19:00:00,,CFR Cluj,FC Botosani,3,0,53.0,47.0,21.0,3.0,11.0,0.0,9.0,2.0,9.0,3.0,1,2,0,0,6.0,16.0,2.0,0.0,17.0,6.0,23.0,18.0,0.0,8.0,1389.7435346402347,1175.8636921905133,276.3323890151755,62.45254656545425,13.0,15.4,4.8,3.8,47.4,2.0,1.8,1.4,1.8,2.2,8.0,11.4,3.4,4.4,44.0,1.0,1.2,1.2,3.4,2.4,1.3333333333333333,1.3333333333333333,1.8,3.64,4.04
0tCaIkuC,2024,2024-08-25 22:00:00,,FC Hermannstadt,FCSB,2,0,33.0,67.0,12.0,16.0,5.0,3.0,4.0,8.0,5.0,5.0,0,1,0,0,8.0,10.0,2.0,3.0,10.0,7.0,15.0,15.0,3.0,3.0,1232.0614798432393,1365.1375621745403,-70.1837182453412,62.892364085959905,6.0,11.0,2.4,6.0,50.6,1.2,1.8,0.8,2.2,3.8,8.0,17.4,5.4,7.4,66.0,1.2,1.6,1.0,2.6,1.6,0.3333333333333333,2.3333333333333335,3.68,3.21,2.02
0ITCRgIP,2024,2024-08-26 19:00:00,,Gloria Buzau,U Cluj,0,2,43.0,57.0,9.0,14.0,3.0,3.0,3.0,5.0,2.0,9.0,3,3,0,0,7.0,14.0,2.0,3.0,15.0,5.0,22.0,28.0,1.0,3.0,1165.6173912849604,1291.4020480324145,-61.620241404275475,64.1644153431786,9.0,10.6,3.4,2.8,41.2,1.2,2.6,0.8,3.4,3.4,7.0,12.0,4.6,2.8,54.0,1.8,0.6,2.2,2.0,3.0,,,4.71,3.48,1.74
W0KrMXum,2024,2024-08-26 22:00:00,,UTA Arad,Farul Constanta,1,1,41.0,59.0,8.0,15.0,4.0,6.0,2.0,5.0,5.0,8.0,3,3,0,0,11.0,16.0,2.0,2.0,17.0,11.0,22.0,26.0,5.0,3.0,1235.674996055187,1296.526795697458,2.438123438187631,63.28992308045861,9.0,10.8,4.0,4.6,46.4,0.8,1.2,1.0,1.8,2.0,7.0,15.8,3.8,5.6,53.4,1.4,1.2,1.4,1.4,3.0,0.6666666666666666,1.6666666666666667,2.83,3.16,2.47
AiuIzXft,2024,2024-08-30 21:00:00,,Otelul Galati,Sepsi Sf. Gheorghe,2,0,48.0,52.0,12.0,14.0,6.0,2.0,6.0,8.0,2.0,5.0,2,2,0,0,10.0,18.0,1.0,0.0,18.0,13.0,38.0,28.0,2.0,4.0,1259.8530963747546,1272.121027701735,51.016728727354575,63.284660054335106,7.0,11.4,3.2,4.6,41.6,0.8,0.2,1.8,1.6,4.0,6.0,15.6,3.8,6.2,60.4,0.8,1.8,0.4,1.8,2.0,0.5,2.0,2.52,2.94,2.92
ULoHqSwB,2024,2024-08-31 18:30:00,,FC Hermannstadt,Poli Iasi,6,2,48.0,52.0,16.0,19.0,7.0,6.0,7.0,8.0,3.0,3.0,0,2,0,0,8.0,11.0,7.0,2.0,12.0,8.0,14.0,12.0,4.0,1.0,1249.022163272822,1139.8851531620023,173.32769496283663,64.1906848520171,5.0,12.2,3.0,5.4,49.0,1.4,1.2,1.4,2.0,3.8,7.0,14.6,4.6,5.6,46.6,1.0,1.6,0.8,2.4,2.4,1.3333333333333333,1.3333333333333333,2.12,3.15,3.46
Ygh8ol9b,2024,2024-08-31 21:30:00,,Univ. Craiova,Rapid Bucuresti,1,1,65.0,35.0,13.0,3.0,2.0,1.0,8.0,2.0,5.0,0.0,4,2,0,0,13.0,5.0,0.0,1.0,5.0,15.0,22.0,17.0,0.0,1.0,1397.8678427460666,1298.9475130742815,163.91916400046034,64.99883432867526,6.0,12.8,4.0,5.8,57.8,2.0,0.8,2.0,3.2,3.0,7.0,12.2,4.2,4.4,46.6,1.2,1.2,1.2,2.4,3.6,2.3333333333333335,0.3333333333333333,2.06,3.46,3.28
6JYQYAPh,2024,2024-09-01 16:30:00,,FC Botosani,Petrolul Ploiesti,0,2,48.0,52.0,19.0,13.0,3.0,5.0,10.0,7.0,9.0,3.0,3,3,0,0,13.0,14.0,1.0,2.0,14.0,13.0,22.0,17.0,3.0,3.0,1169.9994585837712,1185.0996034957166,49.568951662697145,64.66909657464247,6.0,9.2,2.4,3.6,43.2,0.6,1.2,1.2,3.2,3.2,8.0,10.2,3.8,3.6,46.2,0.6,0.2,1.8,1.0,3.0,1.3333333333333333,1.3333333333333333,,,
zaQsVSOH,2024,2024-09-01 18:45:00,,Farul Constanta,CFR Cluj,0,3,64.0,36.0,13.0,15.0,1.0,4.0,10.0,5.0,5.0,5.0,3,2,0,0,12.0,13.0,2.0,0.0,13.0,11.0,12.0,17.0,1.0,1.0,1296.5969693791048,1395.6077682469768,-35.55266936792373,63.458129499948186,5.0,15.0,4.4,4.8,53.6,1.6,1.4,1.4,2.0,3.2,6.0,16.2,5.6,4.2,48.4,2.0,1.4,1.4,1.4,2.2,1.3333333333333333,1.3333333333333333,,,
0tf0mAvn,2024,2024-09-01 21:30:00,,FCSB,UTA Arad,2,0,59.0,41.0,20.0,9.0,8.0,2.0,6.0,4.0,6.0,5.0,1,1,0,0,13.0,9.0,0.0,1.0,3.0,7.0,24.0,24.0,2.0,6.0,1348.1768787449578,1235.6048223735402,174.8636147471118,62.291558375694095,6.0,16.6,4.8,7.2,68.0,1.0,1.8,0.8,2.4,2.0,5.0,10.8,3.8,5.0,47.2,0.6,0.6,1.2,2.4,2.2,1.0,2.0,,,
EqxZWlf5,2024,2024-09-02 19:00:00,,Unirea Slobozia,Gloria Buzau,2,1,44.0,56.0,13.0,13.0,6.0,5.0,5.0,5.0,8.0,6.0,2,0,0,0,15.0,4.0,2.0,0.0,4.0,15.0,30.0,23.0,4.0,4.0,1204.0642303286277,1153.9574944486938,112.96605837038169,62.859322490447724,9.0,12.6,3.4,3.6,45.6,0.6,1.4,0.8,2.4,1.8,7.0,10.2,3.0,1.8,40.8,1.0,2.6,0.8,2.8,3.0,,,,,
MFOkT6gU,2024,2024-09-02 21:30:00,,U Cluj,Dinamo Bucuresti,1,0,42.0,58.0,6.0,12.0,2.0,3.0,2.0,7.0,5.0,6.0,3,3,0,0,18.0,13.0,1.0,1.0,13.0,19.0,19.0,20.0,3.0,1.0,1303.0619448686812,1214.5369516595442,151.89870370583185,63.373710496694805,7.0,11.8,4.0,4.0,53.6,1.6,0.4,2.2,2.4,3.4,8.0,11.2,3.4,3.2,53.8,2.0,1.2,1.8,3.6,1.6,1.6666666666666667,0.6666666666666666,,,
MT3Os68N,2024,2024-09-13 18:00:00,,Sepsi Sf. Gheorghe,FC Botosani,3,0,46.0,54.0,14.0,14.0,5.0,7.0,6.0,6.0,2.0,3.0,2,4,0,0,8.0,14.0,3.0,2.0,16.0,8.0,23.0,24.0,7.0,2.0,1260.040697065975,1153.8532309211807,170.00268625091007,63.81522010611579,13.0,16.6,4.0,5.4,60.6,0.6,2.0,0.2,1.8,2.6,12.0,12.2,2.8,5.0,42.8,0.6,1.4,1.2,3.2,3.0,2.3333333333333335,0.3333333333333333,1.5,3.96,6.18
UZQkbRh4,2024,2024-09-13 21:00:00,,Dinamo Bucuresti,Unirea Slobozia,1,0,50.0,50.0,10.0,14.0,4.0,3.0,3.0,7.0,4.0,7.0,2,6,0,0,12.0,17.0,2.0,2.0,12.0,8.0,21.0,33.0,3.0,3.0,1208.6501568672645,1210.9227370785889,62.252348209055526,64.52492842037975,10.0,12.2,3.6,3.8,55.6,1.8,1.2,1.6,3.6,1.8,11.0,11.2,3.4,4.6,45.0,0.8,1.4,1.2,2.2,2.6,,,2.0,3.1,3.94
61uexpWp,2024,2024-09-14 18:45:00,,Gloria Buzau,Otelul Galati,0,0,51.0,49.0,9.0,6.0,2.0,1.0,6.0,4.0,5.0,2.0,1,3,0,1,8.0,20.0,4.0,0.0,16.0,5.0,27.0,27.0,1.0,2.0,1147.0989876987326,1271.9334270105146,-59.692473533653356,65.14196577812864,11.0,10.8,3.0,2.8,44.4,0.8,2.8,0.2,1.8,3.4,14.0,11.4,4.0,3.4,42.8,1.2,0.2,2.2,1.8,3.8,,,3.68,3.09,2.07
Y7Xt0mOi,2024,2024-09-14 21:30:00,,Petrolul Ploiesti,Farul Constanta,1,1,50.0,50.0,12.0,7.0,4.0,4.0,5.0,1.0,5.0,2.0,1,2,0,0,15.0,15.0,2.0,0.0,15.0,14.0,29.0,23.0,3.0,3.0,1201.245831158307,1281.0426877223838,-14.527287303551248,65.26956926052544,13.0,11.6,4.4,4.2,49.8,0.8,0.2,1.8,1.4,2.8,13.0,13.6,4.4,4.4,53.0,1.6,1.8,1.4,2.4,2.8,1.0,2.0,2.67,2.93,2.76
8ppJavU8,2024,2024-09-15 18:15:00,,Poli Iasi,Univ. Craiova,2,0,30.0,70.0,16.0,22.0,5.0,5.0,7.0,5.0,1.0,12.0,4,2,0,0,13.0,11.0,1.0,4.0,9.0,9.0,17.0,32.0,5.0,3.0,1129.1098268065602,1393.4713393589625,-199.06060188417746,65.30091066822474,14.0,15.0,5.2,4.8,44.6,1.2,2.4,0.8,2.4,2.0,14.0,12.8,3.6,5.8,57.8,1.8,1.0,1.6,3.2,2.6,0.3333333333333333,2.3333333333333335,3.92,3.8,1.79
2mPcd5NG,2024,2024-09-15 21:00:00,,CFR Cluj,FCSB,2,2,38.0,62.0,8.0,13.0,5.0,4.0,3.0,5.0,1.0,4.0,2,1,0,0,19.0,17.0,1.0,1.0,18.0,17.0,14.0,29.0,2.0,3.0,1411.1620499036978,1355.7470669416728,122.3254634324428,66.91048047041774,14.0,16.0,5.8,4.4,45.4,2.2,1.0,1.8,1.8,1.4,13.0,18.2,5.6,6.6,66.0,1.0,1.4,1.2,2.2,2.0,1.3333333333333333,1.3333333333333333,2.0,3.42,3.49
Sl7Wyyx2,2024,2024-09-16 18:00:00,,UTA Arad,FC Hermannstadt,1,1,52.0,48.0,16.0,17.0,3.0,7.0,5.0,7.0,3.0,5.0,1,0,0,0,10.0,4.0,3.0,3.0,3.0,11.0,16.0,17.0,6.0,2.0,1228.0346341768252,1259.797489628264,34.893960186950835,66.65681563838963,14.0,10.4,3.4,4.8,47.2,0.6,1.0,1.0,2.6,3.2,15.0,12.6,4.2,5.0,48.0,2.4,1.4,1.8,1.2,3.6,1.0,2.0,2.47,3.07,2.88
KO3Owc7k,2024,2024-09-16 21:00:00,,Rapid Bucuresti,U Cluj,0,2,53.0,47.0,14.0,9.0,3.0,2.0,7.0,4.0,7.0,3.0,2,2,0,0,8.0,8.0,4.0,1.0,8.0,10.0,31.0,19.0,0.0,3.0,1303.3440164613855,1308.9487396609609,60.9770200138646,66.58174321344003,15.0,10.6,3.6,2.0,40.4,1.4,1.2,1.4,2.6,3.6,13.0,11.0,4.2,4.0,50.2,1.8,0.4,2.6,2.6,3.2,1.3333333333333333,1.3333333333333333,2.12,3.0,3.67
YRTchdMr,2024,2024-09-20 18:00:00,,FC Botosani,Gloria Buzau,3,3,58.0,42.0,22.0,9.0,7.0,5.0,10.0,3.0,7.0,4.0,3,2,0,0,11.0,11.0,3.0,2.0,13.0,13.0,21.0,32.0,2.0,4.0,1144.3904533976613,1148.8003674640233,60.926904830260355,65.33681889662239,7.0,13.4,3.4,4.6,47.0,0.4,2.0,0.6,3.2,3.2,5.0,10.6,3.2,3.4,47.4,0.6,2.0,0.4,1.8,3.2,,,1.86,3.3,4.24
6uS5jzie,2024,2024-09-20 21:00:00,,Otelul Galati,Dinamo Bucuresti,1,1,53.0,47.0,17.0,8.0,2.0,3.0,10.0,3.0,7.0,2.0,1,0,0,0,12.0,16.0,1.0,0.0,5.0,6.0,25.0,28.0,2.0,1.0,1270.2320472452238,1216.8773216372497,118.56135499804236,65.20662939006812,6.0,11.4,3.4,3.4,47.2,0.8,0.2,1.8,2.4,2.8,7.0,11.2,3.2,3.6,52.8,1.2,1.0,1.6,3.8,2.2,2.0,1.0,2.14,2.83,3.84
jT19AerR,2024,2024-09-21 18:30:00,,FC Hermannstadt,CFR Cluj,0,0,44.0,56.0,3.0,21.0,1.0,6.0,2.0,10.0,3.0,10.0,1,1,0,0,11.0,15.0,0.0,5.0,16.0,11.0,11.0,24.0,6.0,1.0,1260.7984552942587,1407.779852143323,-82.02121012349585,64.96018672556845,5.0,13.8,5.2,5.6,48.0,2.6,1.4,2.0,0.8,3.4,5.0,14.8,6.4,3.6,46.0,2.6,1.0,2.0,1.4,1.4,2.0,1.0,3.8,3.27,1.96
27LElEL7,2024,2024-09-21 21:30:00,,FCSB,Petrolul Ploiesti,1,1,45.0,55.0,9.0,13.0,4.0,3.0,3.0,7.0,2.0,3.0,6,4,1,0,13.0,17.0,1.0,0.0,12.0,6.0,12.0,14.0,2.0,3.0,1359.1292647020475,1201.6637165942977,222.5995743162175,65.13402620846763,6.0,17.0,5.0,5.6,63.8,1.4,1.4,1.4,2.0,2.2,7.0,11.4,4.0,4.2,51.4,1.0,0.4,1.8,1.2,3.4,2.3333333333333335,0.3333333333333333,1.45,4.1,6.84
GAmRcIbL,2024,2024-09-22 16:00:00,,Farul Constanta,Sepsi Sf. Gheorghe,2,1,39.0,61.0,10.0,19.0,4.0,7.0,5.0,5.0,4.0,6.0,3,2,1,1,5.0,11.0,0.0,1.0,10.0,5.0,23.0,32.0,6.0,2.0,1280.624802286393,1269.5034745894945,75.83132544823434,64.70999775133573,7.0,12.6,4.2,4.2,52.2,1.4,2.0,1.0,2.4,3.0,8.0,15.2,3.6,4.8,55.4,0.8,1.6,0.6,2.0,3.6,1.3333333333333333,1.3333333333333333,2.3,3.39,2.87
nD2v5Z5l,2024,2024-09-22 21:30:00,,U Cluj,Univ. Craiova,1,1,57.0,43.0,13.0,8.0,4.0,3.0,5.0,4.0,6.0,2.0,4,3,0,0,16.0,17.0,1.0,3.0,12.0,15.0,25.0,14.0,2.0,3.0,1325.5477305518627,1372.0104086630558,18.836175311906345,65.29885342309946,6.0,10.2,3.2,4.0,50.0,1.6,0.0,2.6,2.2,3.0,7.0,15.2,4.6,6.6,60.2,1.8,1.4,1.4,3.2,2.0,0.6666666666666666,1.6666666666666667,2.75,3.05,2.57
rudm3Dz1,2024,2024-09-23 18:00:00,,UTA Arad,Poli Iasi,0,0,54.0,46.0,19.0,16.0,8.0,7.0,9.0,7.0,8.0,5.0,3,2,0,0,9.0,10.0,2.0,1.0,10.0,9.0,27.0,14.0,7.0,8.0,1227.0336685108305,1150.570757502467,141.72114306952358,65.25823206116006,7.0,11.8,3.8,5.0,49.8,0.6,1.2,0.6,2.0,4.0,7.0,16.4,5.8,3.8,41.4,1.6,2.0,1.4,2.8,2.4,2.0,1.0,2.11,3.17,3.44
UDD0CHDE,2024,2024-09-23 21:00:00,,Unirea Slobozia,Rapid Bucuresti,1,2,46.0,54.0,6.0,20.0,2.0,3.0,2.0,12.0,5.0,6.0,1,0,0,0,14.0,13.0,2.0,0.0,7.0,10.0,25.0,29.0,1.0,1.0,1202.6955723086037,1286.7450255704837,-19.081241285567557,64.96821197631239,10.0,11.8,3.6,5.4,42.8,0.8,1.4,1.2,3.0,3.2,7.0,11.0,3.4,3.0,45.4,1.0,1.2,1.2,2.6,2.6,,,4.08,3.3,1.88
UeKUFjK6,2024,2024-09-27 18:00:00,,Petrolul Ploiesti,FC Hermannstadt,4,1,48.0,52.0,18.0,13.0,9.0,4.0,6.0,8.0,2.0,1.0,0,0,0,0,15.0,7.0,1.0,1.0,4.0,7.0,22.0,27.0,3.0,5.0,1207.3174293560564,1263.1163150662478,8.46047507337812,64.25936078356942,5.0,12.4,4.0,3.6,53.2,1.2,0.6,1.8,2.0,3.6,5.0,12.8,5.0,4.6,44.2,2.2,1.2,1.6,0.6,4.0,0.6666666666666666,1.6666666666666667,2.25,2.88,3.47
0GSDJYKs,2024,2024-09-27 21:00:00,,Dinamo Bucuresti,FC Botosani,2,2,48.0,52.0,12.0,12.0,2.0,4.0,7.0,5.0,4.0,5.0,6,1,1,0,15.0,10.0,3.0,1.0,11.0,14.0,31.0,23.0,2.0,0.0,1220.1632238305785,1142.654593310271,143.0354025178276,65.52677199751997,7.0,10.0,3.2,3.4,49.0,1.0,0.8,1.6,3.2,1.6,7.0,15.8,4.0,5.8,51.2,0.8,2.2,0.8,3.2,3.6,2.0,1.0,1.88,3.23,4.23
0x4lWB4m,2024,2024-09-28 16:45:00,,Poli Iasi,U Cluj,1,0,31.0,69.0,9.0,8.0,1.0,1.0,6.0,6.0,3.0,1.0,3,4,0,0,17.0,13.0,2.0,2.0,14.0,14.0,31.0,19.0,1.0,0.0,1154.4376919671026,1325.0061123926707,-105.3340778039485,65.23434262161963,4.0,16.6,6.0,3.6,43.8,1.2,1.6,1.4,2.8,3.8,5.0,11.4,3.6,4.8,50.6,1.8,0.2,2.6,2.6,2.8,2.0,1.0,3.32,3.12,2.18
IH0PyYtQ,2024,2024-09-28 19:00:00,,CFR Cluj,UTA Arad,1,3,66.0,34.0,23.0,11.0,6.0,6.0,10.0,4.0,13.0,1.0,5,1,0,0,16.0,15.0,0.0,1.0,15.0,17.0,33.0,19.0,3.0,5.0,1405.461992371334,1223.1667340461947,248.5002631350235,66.20500480988429,7.0,16.2,6.4,5.6,46.8,2.2,0.4,2.2,1.6,0.8,5.0,12.6,4.0,4.6,47.8,0.4,1.0,0.6,2.2,5.2,2.3333333333333335,0.3333333333333333,1.39,4.49,7.45
MVGMHCkf,2024,2024-09-28 21:30:00,,Rapid Bucuresti,Otelul Galati,0,0,47.0,53.0,11.0,19.0,1.0,2.0,8.0,11.0,2.0,5.0,2,0,0,0,10.0,12.0,2.0,1.0,13.0,10.0,32.0,34.0,2.0,1.0,1296.1963748070566,1266.946145051895,93.74337893211123,64.4931491769496,5.0,12.0,3.0,3.6,46.2,1.2,1.2,1.6,2.6,2.4,8.0,11.8,3.0,3.6,47.4,0.8,0.4,1.4,2.6,2.8,2.0,0.5,1.84,3.32,4.29
W0xrPfcK,2024,2024-09-29 16:00:00,,Gloria Buzau,Farul Constanta,1,0,44.0,56.0,12.0,12.0,4.0,5.0,4.0,6.0,4.0,3.0,5,3,0,0,14.0,15.0,2.0,0.0,14.0,13.0,26.0,23.0,5.0,3.0,1150.5362275514137,1288.476211243243,-73.64442412130256,64.29555957052662,8.0,9.8,3.6,3.8,45.8,1.0,2.4,0.4,1.8,3.2,7.0,12.8,4.6,4.6,52.8,1.4,1.6,1.6,2.4,3.2,,,2.97,3.33,2.26
Ghfe1i5D,2024,2024-09-29 21:30:00,,Sepsi Sf. Gheorghe,FCSB,0,1,49.0,51.0,16.0,10.0,5.0,2.0,5.0,6.0,6.0,0.0,1,2,0,0,9.0,12.0,0.0,4.0,8.0,8.0,26.0,26.0,1.0,5.0,1261.6520656326447,1353.4755519402888,-26.621291319889906,65.20219498775415,7.0,14.4,3.8,4.2,55.6,0.8,1.6,0.6,2.2,3.8,8.0,14.2,4.2,4.8,60.0,1.0,1.2,1.0,3.0,2.6,0.3333333333333333,2.3333333333333335,3.05,3.26,2.25
QNDwEUlJ,2024,2024-09-30 21:00:00,,Univ. Craiova,Unirea Slobozia,3,0,59.0,41.0,18.0,7.0,7.0,1.0,5.0,5.0,8.0,2.0,2,3,0,1,12.0,15.0,1.0,1.0,,,22.0,13.0,1.0,4.0,1372.5520268222479,1193.2442230720308,243.81735321655947,64.50954946634228,7.0,15.6,4.6,6.8,60.8,1.6,1.4,1.0,2.8,1.6,7.0,12.0,4.0,6.0,42.2,1.0,1.2,1.2,2.8,2.8,,,1.32,4.96,8.41
4nCuUtuH,2024,2024-10-04 18:00:00,,UTA Arad,Petrolul Ploiesti,3,1,30.0,70.0,8.0,16.0,4.0,4.0,2.0,5.0,3.0,6.0,2,4,1,0,5.0,14.0,3.0,1.0,14.0,5.0,11.0,28.0,3.0,1.0,1245.9914758186574,1224.2162455420637,86.79726914447178,65.022038867878,5.0,12.6,4.6,4.4,44.4,1.0,1.0,1.2,1.8,5.8,7.0,12.8,4.6,3.0,50.8,1.6,0.6,1.8,1.6,3.2,1.6666666666666667,0.6666666666666666,,,
zHNxALmo,2024,2024-10-04 21:00:00,,Farul Constanta,Dinamo Bucuresti,1,1,55.0,45.0,21.0,6.0,5.0,3.0,10.0,1.0,5.0,0.0,2,4,0,0,7.0,9.0,1.0,4.0,9.0,8.0,22.0,26.0,2.0,4.0,1276.3877390135426,1216.2641654852407,125.94667395685656,65.82310042855468,5.0,11.4,4.0,4.4,53.6,0.8,1.4,1.0,2.8,3.2,7.0,9.8,2.8,3.6,48.0,1.2,1.0,1.6,3.6,1.6,2.0,1.0,,,
CCFmSK9T,2024,2024-10-05 16:45:00,,Unirea Slobozia,U Cluj,2,2,29.0,71.0,10.0,16.0,3.0,4.0,6.0,9.0,2.0,9.0,1,3,0,0,14.0,15.0,2.0,0.0,17.0,14.0,21.0,33.0,2.0,1.0,1186.4110310515546,1312.0639498824753,-60.09038147014985,65.56253736077079,4.0,10.6,3.0,5.2,42.4,0.8,1.4,1.2,3.2,2.8,7.0,10.0,2.4,4.8,54.4,1.2,0.4,2.0,3.2,2.2,,,,,
dpiKMbXj,2024,2024-10-05 19:00:00,,CFR Cluj,Poli Iasi,2,1,42.0,58.0,9.0,18.0,4.0,6.0,3.0,6.0,6.0,3.0,2,0,1,0,13.0,12.0,2.0,1.0,15.0,16.0,16.0,24.0,5.0,2.0,1382.6372505988713,1167.379854477298,280.9483708911473,65.69097476957401,7.0,17.6,6.4,7.6,49.8,1.8,1.0,1.6,2.2,1.4,7.0,15.4,5.4,3.4,43.4,1.2,1.6,1.4,2.6,3.6,2.3333333333333335,0.3333333333333333,,,
8KIWV2A4,2024,2024-10-05 21:30:00,,Otelul Galati,Univ. Craiova,1,1,51.0,49.0,11.0,8.0,2.0,2.0,6.0,4.0,6.0,3.0,1,0,0,0,14.0,10.0,3.0,1.0,10.0,14.0,34.0,32.0,1.0,1.0,1269.5806731375346,1379.385218842724,-43.86519812034226,65.93934758484718,7.0,12.8,3.0,3.8,50.8,0.6,0.2,1.4,1.8,1.8,5.0,14.2,3.8,6.6,60.0,1.2,1.2,1.0,2.6,1.4,0.5,2.0,,,
827dUkZa,2024,2024-10-06 13:30:00,,FC Hermannstadt,Sepsi Sf. Gheorghe,0,4,57.0,43.0,8.0,13.0,2.0,8.0,3.0,4.0,7.0,3.0,3,3,0,0,9.0,15.0,2.0,1.0,15.0,9.0,31.0,21.0,4.0,2.0,1246.2174988802406,1252.4167920138195,59.83424515376123,66.03353828734026,8.0,12.2,4.8,3.4,45.0,2.0,1.4,1.6,0.2,4.0,6.0,15.2,4.2,5.2,55.4,0.8,1.2,0.6,2.2,3.2,0.6666666666666666,1.6666666666666667,,,
z7KOXOuh,2024,2024-10-06 18:15:00,,FC Botosani,Rapid Bucuresti,2,0,41.0,59.0,18.0,14.0,7.0,6.0,8.0,3.0,4.0,3.0,5,0,0,0,10.0,7.0,1.0,1.0,7.0,10.0,18.0,26.0,6.0,5.0,1146.5536516556087,1293.561846721417,-82.7304580614948,64.27773700431345,8.0,14.0,4.2,5.4,51.8,1.0,2.6,0.4,2.6,3.0,7.0,12.4,2.6,3.8,46.2,1.0,1.0,1.6,2.0,2.2,0.6666666666666666,1.6666666666666667,,,
UHe5ST3C,2024,2024-10-06 21:00:00,,FCSB,Gloria Buzau,3,2,65.0,35.0,26.0,7.0,8.0,2.0,14.0,2.0,8.0,2.0,0,2,0,0,6.0,8.0,1.0,0.0,8.0,6.0,19.0,14.0,0.0,5.0,1362.710825559114,1162.624699781114,265.6724170213979,65.58629124339792,6.0,13.6,4.2,3.4,56.8,1.2,1.0,1.6,2.2,3.0,7.0,10.4,3.8,4.2,47.2,1.0,1.4,1.0,2.2,3.0,,,,,
b9XErtfA,2024,2024-10-18 18:30:00,,Gloria Buzau,FC Hermannstadt,3,0,53.0,47.0,19.0,12.0,11.0,4.0,4.0,5.0,4.0,4.0,3,4,0,2,10.0,12.0,1.0,1.0,12.0,10.0,13.0,21.0,4.0,8.0,1159.0628749212165,1222.8068151065497,2.1094879225570367,65.85342810789024,11.0,10.0,3.6,4.2,45.6,1.4,1.6,1.0,2.0,3.8,12.0,11.4,4.2,3.8,49.8,1.6,2.2,1.0,0.8,4.2,,,,,
vTvnslz3,2024,2024-10-18 21:00:00,,U Cluj,Otelul Galati,2,0,57.0,43.0,7.0,8.0,4.0,2.0,3.0,4.0,3.0,7.0,2,1,0,0,16.0,16.0,4.0,4.0,16.0,16.0,25.0,18.0,2.0,2.0,1310.3514510984323,1270.8365491707757,106.65948100577612,67.14457907811952,13.0,10.4,2.6,4.8,57.2,1.2,0.8,1.6,3.2,1.8,12.0,13.0,2.6,4.4,50.8,0.8,0.4,1.4,1.4,1.6,1.0,2.0,,,
2sv6p2Pc,2024,2024-10-19 18:15:00,,Sepsi Sf. Gheorghe,UTA Arad,1,0,54.0,46.0,14.0,13.0,5.0,4.0,4.0,7.0,4.0,2.0,0,1,0,0,11.0,17.0,2.0,1.0,17.0,11.0,24.0,31.0,4.0,4.0,1275.8274757875104,1256.6722966276798,87.0446631415341,67.88948398170348,13.0,15.2,5.4,4.4,50.2,1.6,1.0,1.2,2.0,3.2,15.0,12.6,4.6,4.0,42.2,1.4,1.0,1.6,1.6,5.4,2.0,1.0,,,
ngrfuS4F,2024,2024-10-19 21:00:00,,Petrolul Ploiesti,CFR Cluj,0,0,50.0,50.0,6.0,7.0,0.0,2.0,4.0,3.0,6.0,6.0,3,2,0,0,14.0,11.0,1.0,0.0,11.0,14.0,19.0,27.0,2.0,0.0,1213.5354247330413,1385.948888135847,-103.95804532366787,68.45541807913787,15.0,14.4,5.0,3.8,55.0,1.8,1.2,1.6,2.4,2.6,14.0,15.2,5.0,7.0,47.6,1.6,1.2,1.6,2.4,2.4,0.0,3.0,,,
d4F1ZyHd,2024,2024-10-20 16:00:00,,Univ. Craiova,FC Botosani,0,0,65.0,35.0,17.0,9.0,4.0,4.0,9.0,4.0,7.0,2.0,0,2,0,0,12.0,15.0,0.0,2.0,15.0,12.0,30.0,17.0,4.0,4.0,1378.129342809483,1164.0010415100685,282.80166513856284,68.67336383914841,14.0,13.8,3.8,6.0,57.2,1.2,1.0,1.2,2.2,1.6,13.0,17.0,5.6,5.6,50.6,1.4,2.0,1.0,3.2,2.6,1.3333333333333333,1.3333333333333333,,,
WMVMtKOM,2024,2024-10-20 21:00:00,,Dinamo Bucuresti,FCSB,0,2,56.0,44.0,8.0,15.0,1.0,4.0,3.0,4.0,1.0,4.0,1,4,0,0,16.0,20.0,1.0,1.0,20.0,16.0,32.0,18.0,2.0,1.0,1219.7383397223593,1366.2726504190116,-78.3647771567787,68.16953353987363,16.0,9.6,3.0,3.2,49.6,1.0,1.0,1.2,3.0,2.2,14.0,15.6,5.2,4.0,56.4,1.8,1.0,2.2,2.0,2.4,0.0,3.0,,,
rLy3w6ZR,2024,2024-10-21 18:30:00,,Poli Iasi,Unirea Slobozia,1,0,43.0,57.0,12.0,9.0,3.0,2.0,5.0,4.0,5.0,2.0,2,1,0,0,16.0,15.0,4.0,6.0,15.0,16.0,21.0,24.0,2.0,2.0,1164.0682169403224,1188.1235298355975,43.2888184384708,67.34413133374606,15.0,15.6,5.0,3.0,43.4,1.2,1.6,1.4,2.2,3.4,16.0,10.0,3.0,4.8,42.0,1.0,1.8,0.8,2.6,2.8,,,,,
j7Cgybnp,2024,2024-10-21 21:00:00,,Rapid Bucuresti,Farul Constanta,5,0,53.0,47.0,17.0,9.0,8.0,0.0,4.0,3.0,6.0,1.0,5,3,1,1,15.0,14.0,0.0,3.0,14.0,15.0,17.0,19.0,0.0,3.0,1276.1144568669572,1272.913564776424,71.2020575673373,68.00116547680405,15.0,12.4,2.8,3.6,49.6,0.6,1.2,1.0,1.2,1.8,17.0,12.6,3.8,3.8,52.8,0.8,1.4,1.0,2.6,3.0,0.3333333333333333,2.3333333333333335,,,
viNYXqck,2024,2024-10-25 21:00:00,,CFR Cluj,Sepsi Sf. Gheorghe,3,3,61.0,39.0,21.0,5.0,8.0,3.0,10.0,1.0,10.0,4.0,1,2,0,0,11.0,16.0,2.0,1.0,16.0,11.0,29.0,19.0,0.0,5.0,1383.0429446690398,1283.3732637533024,169.00894127523134,69.33926035949396,6.0,13.6,4.6,7.2,50.4,1.0,1.2,1.2,2.4,2.2,6.0,15.2,6.0,4.2,50.6,1.8,0.6,1.8,1.6,3.2,1.3333333333333333,1.3333333333333333,,,
p4hZVNR1,2024,2024-10-26 13:30:00,,UTA Arad,Gloria Buzau,1,0,45.0,55.0,12.0,9.0,5.0,2.0,3.0,5.0,5.0,4.0,3,2,0,0,13.0,10.0,5.0,1.0,10.0,13.0,13.0,14.0,2.0,4.0,1249.1265086618878,1176.27822119094,141.84900399228786,69.00071652134,6.0,13.4,5.0,3.4,43.2,1.4,0.8,1.6,1.6,5.0,7.0,11.2,4.8,3.8,45.0,1.8,1.2,1.6,2.6,3.8,2.0,0.5,,,
nTb3643E,2024,2024-10-26 16:00:00,,Petrolul Ploiesti,Poli Iasi,3,1,74.0,26.0,21.0,4.0,10.0,1.0,9.0,2.0,14.0,0.0,4,2,0,1,14.0,22.0,1.0,1.0,22.0,14.0,22.0,16.0,0.0,7.0,1216.4413681998485,1172.8286721810955,113.07315775094389,69.46046173219088,6.0,13.0,4.0,4.4,54.6,1.4,1.2,1.2,2.4,2.4,4.0,14.2,4.4,3.4,41.6,1.0,0.4,2.0,2.2,3.6,1.3333333333333333,1.3333333333333333,,,
CApLgRJ8,2024,2024-10-26 19:00:00,,FC Hermannstadt,Dinamo Bucuresti,0,2,36.0,64.0,11.0,13.0,3.0,3.0,8.0,9.0,10.0,1.0,1,2,0,0,10.0,10.0,0.0,1.0,10.0,10.0,31.0,21.0,1.0,3.0,1205.5914688368262,1208.7329769739918,67.04611342981184,70.18762156697748,8.0,10.6,3.6,4.0,49.6,0.4,2.4,0.4,1.6,5.0,5.0,8.8,2.6,2.2,49.2,1.0,1.2,1.2,2.6,2.4,2.0,1.0,,,
WKGGr1B7,2024,2024-10-27 16:00:00,,Otelul Galati,Unirea Slobozia,0,2,56.0,44.0,10.0,10.0,0.0,4.0,8.0,3.0,4.0,4.0,2,1,1,0,15.0,14.0,0.0,2.0,14.0,15.0,30.0,38.0,2.0,0.0,1260.9044837896563,1179.3630745948244,150.4661939276748,68.92478473284301,8.0,12.2,1.8,5.4,49.8,0.4,0.8,0.8,1.2,1.6,5.0,9.2,2.2,3.6,44.6,0.6,1.8,0.2,2.4,2.4,,,,,
YPYTi5lL,2024,2024-10-27 21:00:00,,FCSB,Rapid Bucuresti,0,0,64.0,36.0,22.0,9.0,5.0,3.0,14.0,2.0,7.0,4.0,1,3,0,0,8.0,21.0,1.0,1.0,21.0,8.0,20.0,24.0,3.0,5.0,1377.2780131673792,1293.9557219694893,150.75378394020981,67.43149274231999,7.0,14.6,4.4,3.6,53.4,1.8,1.0,2.2,2.6,2.2,6.0,15.2,4.2,4.8,53.2,1.4,1.0,1.4,1.8,1.6,0.3333333333333333,2.3333333333333335,,,
b7I8pNte,2024,2024-10-28 18:00:00,,FC Botosani,U Cluj,1,2,30.0,70.0,8.0,17.0,2.0,6.0,5.0,6.0,6.0,10.0,1,2,1,0,11.0,7.0,0.0,3.0,7.0,11.0,21.0,20.0,4.0,1.0,1170.7187788337321,1320.2835164795517,-82.43967914756468,67.12505849825487,8.0,15.0,5.8,4.2,48.0,1.4,1.6,1.2,3.0,2.8,9.0,10.6,3.0,4.4,60.2,1.4,0.8,1.6,3.0,1.6,0.0,3.0,,,
48PanqCr,2024,2024-10-28 21:00:00,,Farul Constanta,Univ. Craiova,3,2,29.0,71.0,8.0,28.0,4.0,7.0,2.0,8.0,2.0,11.0,6,2,1,0,15.0,17.0,0.0,2.0,17.0,15.0,13.0,25.0,5.0,1.0,1255.0722996738918,1371.4116054858193,-49.789553263355856,66.54975254857165,7.0,11.8,3.6,3.0,49.4,0.8,1.8,1.0,2.6,3.4,8.0,14.6,4.2,6.4,57.2,1.0,0.8,1.2,1.4,2.4,2.3333333333333335,0.3333333333333333,,,
EsFqnzIa,2024,2024-11-01 21:00:00,,Gloria Buzau,CFR Cluj,0,1,48.0,52.0,9.0,7.0,2.0,4.0,6.0,2.0,5.0,2.0,1,5,0,0,13.0,18.0,0.0,0.0,18.0,13.0,19.0,18.0,3.0,2.0,1170.1482850462617,1378.5290268269869,-140.974239600205,67.40650218052009,6.0,11.2,4.8,3.6,45.8,1.8,1.4,1.4,2.8,4.4,7.0,16.2,5.2,9.0,55.0,1.2,1.4,1.2,2.2,1.8,,,,,
hSQzldmm,2024,2024-11-02 18:30:00,,Sepsi Sf. Gheorghe,Petrolul Ploiesti,1,1,33.0,67.0,8.0,16.0,4.0,3.0,2.0,8.0,0.0,4.0,4,2,2,0,8.0,13.0,1.0,1.0,13.0,8.0,29.0,20.0,2.0,3.0,1287.8871815953553,1226.13683266367,128.69549883083437,66.94514989914907,7.0,13.4,5.6,4.6,49.2,1.8,1.2,1.4,1.6,2.8,7.0,14.8,5.2,6.2,59.4,1.8,1.2,1.6,3.0,1.8,2.3333333333333335,0.3333333333333333,,,
0bDipEnC,2024,2024-11-02 21:00:00,,Dinamo Bucuresti,UTA Arad,1,0,61.0,39.0,11.0,12.0,3.0,5.0,3.0,4.0,4.0,2.0,1,3,0,0,13.0,15.0,0.0,2.0,15.0,13.0,32.0,19.0,5.0,2.0,1225.570801429118,1255.2564448065662,36.993740253743,66.67938363119113,7.0,9.4,2.4,1.6,52.0,1.2,1.2,1.2,2.6,2.4,7.0,12.6,5.4,3.8,41.8,1.4,0.6,2.0,2.0,4.2,2.0,1.0,,,
MRtZdiWH,2024,2024-11-03 13:30:00,,Poli Iasi,Otelul Galati,2,1,61.0,39.0,19.0,12.0,6.0,5.0,6.0,3.0,10.0,3.0,1,2,0,1,11.0,15.0,2.0,0.0,15.0,11.0,30.0,21.0,4.0,4.0,1163.133207717274,1240.993923916016,-10.510889549629155,67.34982664911294,7.0,11.8,3.6,3.2,40.8,0.8,1.0,1.4,1.8,4.0,6.0,13.0,1.6,5.8,51.2,0.4,1.2,0.6,1.0,1.6,0.6666666666666666,1.6666666666666667,,,
84zJ0ZWh,2024,2024-11-03 16:00:00,,U Cluj,Farul Constanta,1,1,55.0,45.0,20.0,10.0,3.0,5.0,10.0,4.0,8.0,3.0,1,3,0,0,13.0,9.0,1.0,0.0,9.0,13.0,25.0,12.0,4.0,2.0,1327.954262475328,1266.495628099871,129.58114368403199,68.12250930857502,5.0,12.2,3.8,5.8,64.8,1.4,1.0,1.6,3.0,1.2,5.0,12.0,3.6,3.0,45.2,1.2,2.0,1.4,3.4,3.8,2.3333333333333335,0.3333333333333333,,,
CxsA2e2t,2024,2024-11-03 21:00:00,,Univ. Craiova,FCSB,1,1,41.0,59.0,15.0,15.0,3.0,5.0,5.0,6.0,4.0,6.0,5,5,1,2,7.0,14.0,2.0,5.0,14.0,7.0,17.0,22.0,4.0,2.0,1359.9882770598401,1373.192223246511,54.65112661035619,67.8550727970271,6.0,15.8,4.6,6.2,57.4,1.4,1.0,1.2,1.4,2.0,7.0,16.4,4.6,4.2,53.8,1.4,0.6,2.2,2.6,2.2,1.0,2.0,,,
0ChQbD15,2024,2024-11-04 18:00:00,,Unirea Slobozia,FC Botosani,1,0,40.0,60.0,13.0,22.0,6.0,5.0,4.0,7.0,6.0,12.0,3,1,0,0,14.0,11.0,1.0,3.0,11.0,14.0,20.0,35.0,5.0,5.0,1199.2736344684647,1163.0480328379558,103.96366395661698,67.73806232610815,8.0,8.4,2.4,3.0,43.4,1.0,1.6,0.8,1.4,1.8,7.0,13.8,4.8,4.8,43.2,1.6,1.4,1.2,2.4,3.2,,,,,
dQ60rhHO,2024,2024-11-04 21:00:00,,Rapid Bucuresti,FC Hermannstadt,1,0,53.0,47.0,9.0,15.0,4.0,7.0,3.0,4.0,4.0,2.0,1,1,0,1,8.0,9.0,4.0,6.0,9.0,8.0,17.0,20.0,7.0,3.0,1298.0415118903575,1188.7536443816998,177.55797297023014,68.27010546157253,8.0,14.2,4.2,4.2,49.8,1.4,0.6,1.6,2.0,2.6,9.0,9.4,2.8,5.0,47.2,0.2,2.6,0.2,1.8,4.8,1.3333333333333333,1.3333333333333333,,,
EyfzQk04,2024,2024-11-08 18:00:00,,Otelul Galati,FC Botosani,0,0,60.0,40.0,10.0,5.0,1.0,1.0,8.0,3.0,5.0,1.0,1,2,0,1,15.0,13.0,0.0,3.0,13.0,15.0,38.0,36.0,1.0,1.0,1230.6914884565217,1155.9541243650974,143.40439566600935,68.667031574585,5.0,12.0,2.2,5.0,48.4,0.4,1.4,0.4,1.2,2.0,4.0,13.8,4.4,5.8,43.6,1.0,1.0,1.0,2.0,3.8,2.0,1.0,,,
tWDaDCGb,2024,2024-11-08 21:00:00,,Dinamo Bucuresti,CFR Cluj,1,1,56.0,44.0,12.0,6.0,4.0,3.0,3.0,2.0,11.0,2.0,3,1,0,0,14.0,12.0,1.0,0.0,12.0,14.0,19.0,21.0,2.0,3.0,1234.5100416680757,1384.6803905786005,-81.79642187315449,68.37392703737035,6.0,10.0,2.4,2.0,54.8,1.2,1.0,1.6,2.8,3.2,7.0,13.4,4.8,7.4,54.2,1.4,1.4,1.6,3.0,2.0,0.3333333333333333,2.3333333333333335,,,
UipseV0U,2024,2024-11-09 13:30:00,,Poli Iasi,Sepsi Sf. Gheorghe,1,2,62.0,38.0,15.0,7.0,2.0,4.0,5.0,3.0,7.0,8.0,1,2,0,0,13.0,13.0,1.0,4.0,13.0,13.0,17.0,10.0,2.0,1.0,1173.4356431767683,1284.3436313559162,-42.360680902497506,68.54730727665027,6.0,12.4,3.4,4.2,43.8,1.2,1.2,1.8,1.6,3.2,6.0,11.2,5.0,3.4,43.6,1.8,1.0,1.6,2.0,2.8,1.0,2.0,,,
8bX89UFN,2024,2024-11-09 18:15:00,,Univ. Craiova,FC Hermannstadt,3,1,55.0,45.0,13.0,7.0,7.0,3.0,4.0,4.0,2.0,6.0,0,0,0,0,10.0,8.0,0.0,3.0,8.0,10.0,19.0,12.0,2.0,4.0,1358.4281374475875,1183.4612962082,242.85514096219595,67.88829972280865,5.0,17.2,4.6,6.6,57.0,1.4,1.0,1.2,1.8,2.2,4.0,11.8,4.0,4.8,47.8,0.2,2.8,0.0,1.8,4.2,1.3333333333333333,1.3333333333333333,,,
0YT0BjoB,2024,2024-11-09 21:00:00,,Rapid Bucuresti,UTA Arad,2,0,54.0,46.0,19.0,13.0,12.0,5.0,5.0,4.0,7.0,1.0,2,1,0,0,12.0,13.0,4.0,5.0,13.0,12.0,22.0,27.0,5.0,10.0,1303.3338600638572,1246.3172045676085,125.32526473732128,68.30860924107255,5.0,12.0,4.4,3.8,49.6,1.2,0.4,1.6,2.2,3.8,7.0,11.2,4.8,2.6,38.8,1.4,0.8,1.8,2.0,3.2,1.6666666666666667,0.6666666666666666,,,
Kx1RRBVi,2024,2024-11-10 16:00:00,,Unirea Slobozia,Farul Constanta,0,1,48.0,52.0,22.0,15.0,5.0,4.0,10.0,2.0,10.0,4.0,1,1,0,0,13.0,8.0,0.0,0.0,8.0,13.0,26.0,20.0,3.0,5.0,1206.367542941323,1270.0614482538433,5.308541392976167,69.00244670549631,5.0,9.8,3.2,3.2,42.2,1.0,1.2,1.4,1.8,2.6,7.0,12.0,3.8,2.8,46.4,1.0,2.0,1.0,3.4,3.0,3.0,0.0,,,
hW8u48wo,2024,2024-11-10 21:00:00,,U Cluj,FCSB,1,2,55.0,45.0,10.0,9.0,6.0,4.0,4.0,4.0,6.0,2.0,4,4,0,1,17.0,16.0,3.0,3.0,16.0,17.0,30.0,27.0,2.0,5.0,1324.3884423213558,1374.7523628587637,17.877067651994594,68.24098818940257,7.0,13.6,3.6,6.2,64.4,1.4,1.0,1.6,2.4,1.6,7.0,17.6,4.8,5.0,56.6,1.4,0.6,2.2,2.4,2.2,1.0,1.0,,,
8IFiFYon,2024,2024-11-11 18:00:00,,Gloria Buzau,Petrolul Ploiesti,0,1,61.0,39.0,11.0,9.0,6.0,3.0,1.0,4.0,4.0,6.0,2,1,0,0,10.0,13.0,1.0,1.0,13.0,10.0,39.0,22.0,2.0,6.0,1163.996921294648,1229.6803829031091,1.7689698492404204,67.45243145770158,9.0,11.2,4.2,3.8,47.0,1.2,1.0,1.2,2.6,4.2,8.0,15.4,5.2,6.4,61.8,1.8,1.2,1.6,2.6,1.8,1.0,1.0,,,
Obk4TfWF,2024,2024-11-11 21:00:00,,Otelul Galati,CFR Cluj,0,1,54.0,46.0,12.0,4.0,1.0,1.0,9.0,2.0,8.0,1.0,3,4,0,0,19.0,19.0,1.0,0.0,19.0,19.0,34.0,23.0,0.0,1.0,1226.7834279603264,1382.3686540548683,-88.88661323222277,66.69861286231902,3.0,10.2,2.0,5.0,49.8,0.4,1.4,0.4,1.4,2.0,3.0,10.0,4.2,5.2,49.8,1.4,1.0,1.8,2.2,2.0,1.0,1.0,,,
I33MmJIN,2024,2024-11-21 20:00:00,,FC Botosani,FCSB,1,0,33.0,67.0,13.0,18.0,4.0,4.0,6.0,8.0,3.0,8.0,3,3,0,0,9.0,16.0,1.0,5.0,16.0,9.0,21.0,29.0,4.0,3.0,1159.8621848612927,1385.2664526147769,-159.2678572010352,66.1364105524489,13.0,12.4,3.8,5.0,41.2,0.6,0.6,1.0,2.2,4.0,10.0,17.4,5.2,5.4,55.4,1.6,0.8,2.2,2.8,2.2,0.0,3.0,,,
nkhrOTUG,2024,2024-11-22 17:30:00,,Sepsi Sf. Gheorghe,Gloria Buzau,2,0,49.0,51.0,9.0,14.0,5.0,2.0,4.0,7.0,5.0,4.0,2,1,0,0,17.0,13.0,2.0,2.0,13.0,17.0,25.0,15.0,2.0,3.0,1293.130398740471,1153.9460066895472,206.39239301949647,67.20800096857266,13.0,9.4,4.8,3.8,41.4,2.2,1.0,2.2,2.2,2.8,10.0,11.0,4.6,3.8,50.4,1.0,1.2,0.6,2.0,3.6,3.0,0.0,,,
fyqcIbbe,2024,2024-11-22 20:30:00,,Farul Constanta,Otelul Galati,0,1,63.0,37.0,9.0,20.0,0.0,8.0,3.0,8.0,4.0,6.0,3,3,0,0,9.0,10.0,2.0,1.0,10.0,9.0,25.0,20.0,7.0,0.0,1280.2142284684264,1219.287397162058,128.63037417202463,67.70354286565622,12.0,12.6,3.6,3.0,45.6,1.2,1.8,1.6,3.0,3.4,10.0,10.4,1.8,5.4,50.4,0.2,1.4,0.2,1.8,1.8,1.6666666666666667,0.6666666666666666,,,
SMSGxTqA,2024,2024-11-23 17:00:00,,FC Hermannstadt,U Cluj,2,1,28.0,72.0,7.0,18.0,6.0,4.0,1.0,6.0,2.0,5.0,3,3,0,0,10.0,12.0,6.0,2.0,12.0,10.0,22.0,26.0,3.0,4.0,1177.857169298015,1313.8743525653426,-69.32928373122627,66.6878995361014,13.0,10.6,3.8,5.8,46.4,0.2,2.6,0.0,1.8,4.0,12.0,14.0,4.6,7.2,61.6,1.6,1.2,1.6,2.4,2.0,0.3333333333333333,2.3333333333333335,,,
EaxNGoNj,2024,2024-11-23 21:30:00,,CFR Cluj,Rapid Bucuresti,1,1,49.0,51.0,15.0,12.0,3.0,4.0,7.0,5.0,7.0,7.0,0,1,0,0,9.0,10.0,1.0,5.0,10.0,9.0,22.0,23.0,3.0,2.0,1389.8646848531369,1312.585026256174,144.8652621562428,67.5856035592799,12.0,9.0,3.6,4.2,50.6,1.2,0.8,1.8,2.6,1.2,14.0,13.6,6.6,4.8,51.0,1.6,0.4,2.0,2.2,4.4,2.3333333333333335,0.3333333333333333,,,
MNpkKKTr,2024,2024-11-24 18:15:00,,FCSB,Unirea Slobozia,3,0,56.0,44.0,16.0,6.0,7.0,2.0,2.0,4.0,11.0,2.0,1,2,0,0,5.0,15.0,3.0,2.0,15.0,5.0,29.0,21.0,2.0,4.0,1370.9785803997934,1196.21476272674,242.05364919755448,67.28983152450118,2.0,15.8,4.4,5.4,55.8,1.0,0.6,1.6,3.4,2.8,14.0,12.8,4.0,4.8,43.6,1.0,0.8,1.4,1.4,2.4,1.0,1.0,,,
rHoiM7aT,2024,2024-11-24 20:45:00,,Petrolul Ploiesti,Dinamo Bucuresti,0,1,45.0,55.0,11.0,16.0,3.0,7.0,5.0,5.0,4.0,5.0,1,2,0,0,18.0,11.0,0.0,0.0,11.0,18.0,25.0,24.0,6.0,3.0,1239.73129750821,1236.8217781918079,70.71602987427127,67.80651055786925,13.0,13.6,4.0,7.2,60.0,1.2,1.0,1.6,2.8,2.4,15.0,10.0,2.8,3.4,56.4,1.0,0.8,1.6,2.2,3.2,1.3333333333333333,1.3333333333333333,,,
j3x6GxT7,2024,2024-11-25 17:30:00,,FC Botosani,Poli Iasi,1,1,38.0,62.0,10.0,15.0,4.0,4.0,4.0,6.0,4.0,5.0,2,0,0,0,13.0,5.0,4.0,2.0,5.0,13.0,21.0,29.0,3.0,3.0,1174.1500570762762,1164.6488757922134,76.40711266556832,66.90593138150561,3.0,11.4,3.2,4.8,39.6,0.4,0.6,1.0,1.8,3.6,16.0,13.6,3.6,5.0,50.0,1.2,1.6,1.2,1.2,3.4,2.0,1.0,,,
feF9vkFc,2024,2024-11-25 20:30:00,,UTA Arad,Univ. Craiova,1,2,37.0,63.0,17.0,14.0,6.0,5.0,9.0,8.0,5.0,1.0,3,2,0,0,11.0,13.0,2.0,1.0,13.0,11.0,22.0,22.0,3.0,5.0,1237.0660383752918,1364.0322643577726,-60.222624063285366,66.74360191919556,15.0,11.6,4.6,2.6,41.2,0.8,1.0,1.2,2.0,4.2,16.0,16.2,4.6,5.4,56.2,1.4,1.2,1.2,1.4,2.4,0.3333333333333333,2.3333333333333335,,,
nodbocSs,2024,2024-11-29 17:00:00,,FC Botosani,Farul Constanta,0,0,44.0,56.0,24.0,16.0,3.0,5.0,8.0,4.0,12.0,6.0,2,0,0,0,15.0,8.0,0.0,3.0,8.0,15.0,31.0,28.0,5.0,3.0,1171.9856642454754,1266.6723174076956,-28.56433675551102,66.1223164067091,3.0,11.6,3.2,5.2,40.2,0.6,0.8,1.0,1.8,3.4,6.0,10.2,2.6,2.8,47.2,1.0,1.8,1.4,3.2,4.4,1.6666666666666667,0.6666666666666666,,,
xdI0xKkR,2024,2024-11-29 20:45:00,,Rapid Bucuresti,Petrolul Ploiesti,1,1,60.0,40.0,10.0,13.0,5.0,4.0,4.0,6.0,4.0,5.0,0,4,0,0,5.0,12.0,7.0,1.0,12.0,5.0,23.0,20.0,3.0,4.0,1316.528653386557,1227.7235751566948,154.98891716074672,66.18383893088455,5.0,13.2,6.2,5.6,49.4,1.8,0.2,2.2,2.4,3.8,5.0,12.6,3.8,6.8,55.0,1.0,0.6,1.6,2.2,3.4,0.3333333333333333,2.3333333333333335,,,
xK0mTFCD,2024,2024-11-30 15:00:00,,Unirea Slobozia,FC Hermannstadt,1,2,55.0,45.0,12.0,10.0,6.0,4.0,4.0,2.0,2.0,7.0,1,3,0,0,12.0,13.0,2.0,3.0,13.0,12.0,35.0,28.0,2.0,5.0,1189.3257089484991,1189.8265562737283,65.36897938991729,65.86982671514642,5.0,12.0,3.8,4.8,46.6,0.6,1.0,1.2,1.6,2.8,6.0,10.4,4.6,4.8,40.6,0.6,2.0,0.6,1.8,3.8,1.0,1.0,,,
80p7qycf,2024,2024-11-30 17:30:00,,Gloria Buzau,Poli Iasi,2,0,39.0,61.0,11.0,10.0,6.0,2.0,2.0,4.0,4.0,5.0,3,6,0,2,15.0,17.0,1.0,1.0,17.0,15.0,24.0,37.0,2.0,4.0,1147.3387813950999,1166.8132686230142,45.505871027177136,64.98035825509142,8.0,12.4,4.6,4.2,53.6,0.6,1.0,0.6,1.8,3.2,5.0,13.0,3.2,5.4,50.8,1.2,1.4,1.4,1.2,3.6,3.0,0.0,,,
GtUivtLE,2024,2024-11-30 20:30:00,,Dinamo Bucuresti,Sepsi Sf. Gheorghe,1,1,59.0,41.0,10.0,8.0,3.0,3.0,7.0,4.0,2.0,6.0,1,2,0,0,8.0,6.0,4.0,1.0,6.0,8.0,21.0,30.0,2.0,2.0,1248.829500543323,1299.7376240349183,14.994762435176654,65.90288592677187,5.0,12.0,3.6,4.4,58.4,1.0,0.6,2.0,1.8,3.0,8.0,8.6,4.2,4.2,42.6,1.8,1.0,2.2,2.0,2.8,0.3333333333333333,2.3333333333333335,,,
8v9WWcDl,2024,2024-12-01 20:30:00,,Univ. Craiova,CFR Cluj,0,2,66.0,34.0,13.0,9.0,5.0,4.0,7.0,3.0,2.0,3.0,3,2,0,0,10.0,11.0,0.0,1.0,11.0,10.0,26.0,28.0,2.0,5.0,1372.3160711909252,1385.9210577227539,52.265550680518345,65.87053721234702,6.0,17.4,5.2,5.0,59.0,1.6,1.2,1.6,1.8,3.2,7.0,10.6,3.8,4.4,50.4,1.4,1.0,1.8,2.2,1.8,2.0,1.0,,,
462uVyr1,2024,2024-12-02 17:30:00,,U Cluj,UTA Arad,0,1,71.0,29.0,26.0,9.0,6.0,3.0,14.0,4.0,10.0,2.0,3,6,0,0,9.0,16.0,0.0,4.0,16.0,9.0,26.0,23.0,2.0,6.0,1301.9049655896292,1228.7822315421392,137.77424628309018,64.6515122356003,9.0,14.4,4.6,6.4,61.8,1.4,1.2,1.4,2.4,2.6,6.0,13.4,5.0,3.0,42.6,0.4,1.2,0.6,2.2,4.2,0.6666666666666666,1.6666666666666667,,,
G25SjJ4K,2024,2024-12-02 20:30:00,,Otelul Galati,FCSB,1,4,49.0,51.0,13.0,19.0,3.0,9.0,9.0,6.0,3.0,6.0,2,2,0,0,13.0,14.0,2.0,1.0,14.0,13.0,23.0,20.0,5.0,2.0,1232.8293082227888,1377.8676341780342,-81.4195561063118,63.61876984893367,10.0,12.8,3.0,5.2,49.2,0.4,1.0,0.8,2.2,1.4,8.0,16.0,5.0,6.8,58.2,1.2,0.6,1.6,2.8,3.0,2.0,1.0,,,
GQmFsFR6,2024,2024-12-06 20:00:00,,Sepsi Sf. Gheorghe,Rapid Bucuresti,2,0,42.0,58.0,13.0,15.0,4.0,5.0,6.0,6.0,3.0,2.0,1,2,0,0,13.0,12.0,4.0,1.0,12.0,13.0,18.0,19.0,5.0,2.0,1300.1689402272498,1312.341823843382,50.44581740378544,62.61870101991764,5.0,7.4,3.8,4.6,40.0,1.8,1.2,1.8,2.4,2.4,6.0,11.8,5.6,5.2,50.8,1.0,0.4,1.8,1.4,4.4,2.3333333333333335,0.3333333333333333,,,
OAF4hWuP,2024,2024-12-07 17:00:00,,Gloria Buzau,Dinamo Bucuresti,0,1,53.0,47.0,20.0,8.0,3.0,3.0,13.0,2.0,4.0,4.0,3,2,0,1,14.0,9.0,1.0,1.0,9.0,14.0,24.0,21.0,2.0,3.0,1159.6391503508394,1248.3981843509916,-25.23260192827911,63.526432071873145,6.0,10.8,3.6,4.2,50.8,0.4,1.0,0.6,1.8,2.8,6.0,12.4,4.0,4.6,59.0,1.2,0.4,2.2,1.8,3.0,0.0,3.0,,,
dzdNugdJ,2024,2024-12-07 20:00:00,,Petrolul Ploiesti,Univ. Craiova,1,1,45.0,55.0,4.0,19.0,3.0,5.0,1.0,13.0,1.0,6.0,3,2,0,0,16.0,7.0,0.0,1.0,7.0,16.0,40.0,45.0,4.0,2.0,1231.9104046998698,1356.0624048343022,-61.32119467541611,62.83080545901646,7.0,14.0,4.6,6.6,53.0,1.2,0.8,1.6,2.4,3.8,5.0,16.6,5.4,4.0,59.2,1.6,1.6,1.4,2.4,2.8,1.3333333333333333,1.3333333333333333,,,
8EPubzCm,2024,2024-12-08 13:30:00,,UTA Arad,Unirea Slobozia,3,4,54.0,46.0,18.0,17.0,6.0,9.0,9.0,6.0,8.0,5.0,2,3,0,0,9.0,11.0,2.0,0.0,11.0,9.0,28.0,27.0,5.0,3.0,1242.5521300310277,1177.4661294810992,128.04782084887825,62.9618202989498,5.0,12.6,4.8,3.0,39.2,0.6,1.0,1.2,3.2,4.6,7.0,12.6,4.6,4.8,46.2,0.8,1.2,1.2,1.6,2.8,3.0,0.0,,,
44XCdrht,2024,2024-12-08 16:30:00,,Poli Iasi,Farul Constanta,2,2,39.0,61.0,18.0,12.0,4.0,6.0,6.0,4.0,6.0,5.0,2,2,0,0,11.0,7.0,0.0,3.0,7.0,11.0,34.0,24.0,4.0,2.0,1154.5128996672747,1265.8520170853562,-49.39184001413901,61.94727740394255,7.0,12.6,3.0,5.4,54.4,1.0,1.8,0.8,2.0,4.0,8.0,11.6,3.6,3.8,49.0,1.0,0.8,1.6,2.6,4.4,1.0,2.0,,,
xfHdfhBC,2024,2024-12-08 20:30:00,,FCSB,FC Botosani,2,1,70.0,30.0,18.0,4.0,8.0,2.0,4.0,1.0,7.0,2.0,0,3,0,0,10.0,9.0,4.0,3.0,9.0,10.0,22.0,15.0,1.0,6.0,1391.2018852315812,1172.8059645678147,280.4491064226047,62.05318575883832,6.0,15.4,5.8,6.6,55.6,2.0,0.8,2.0,3.0,2.8,9.0,14.8,3.4,6.4,43.0,0.4,0.4,1.2,2.0,3.6,2.0,1.0,,,
GvTmdEt0,2024,2024-12-09 17:30:00,,FC Hermannstadt,Otelul Galati,1,0,48.0,52.0,13.0,13.0,4.0,5.0,7.0,5.0,2.0,5.0,4,1,0,0,12.0,15.0,2.0,0.0,15.0,12.0,28.0,33.0,5.0,3.0,1201.6861357411283,1219.4950571692418,44.493233345287535,62.302154773401114,9.0,10.0,4.6,5.4,40.2,1.0,1.6,1.2,1.6,3.2,6.0,13.4,3.6,5.0,47.8,0.6,1.4,0.8,2.2,2.0,1.0,2.0,,,
lUr93dlQ,2024,2024-12-09 20:30:00,,U Cluj,CFR Cluj,3,2,53.0,47.0,10.0,6.0,5.0,3.0,3.0,2.0,6.0,6.0,5,4,0,0,16.0,9.0,1.0,4.0,9.0,16.0,25.0,29.0,1.0,2.0,1288.1350671007408,1402.1747240793768,-51.08302694364306,62.9566300349929,7.0,18.2,5.0,7.8,64.6,1.0,1.4,0.8,2.6,2.6,8.0,8.2,3.0,3.0,45.0,1.2,0.4,2.2,2.4,2.8,1.0,2.0,,,
QyXedZcc,2024,2024-12-13 17:00:00,,FC Botosani,FC Hermannstadt,1,2,48.0,52.0,11.0,10.0,4.0,3.0,6.0,4.0,3.0,3.0,2,1,0,0,13.0,11.0,0.0,1.0,11.0,13.0,30.0,26.0,1.0,3.0,1169.4863777069775,1210.4124725623521,22.89001897159642,63.81611382697113,4.0,11.2,2.8,4.4,37.0,0.6,0.6,1.2,2.4,3.8,3.0,10.4,4.8,3.8,42.6,1.2,1.2,1.8,2.2,4.0,0.3333333333333333,2.3333333333333335,,,
OnsymVKq,2024,2024-12-13 20:00:00,,Dinamo Bucuresti,Poli Iasi,2,0,65.0,35.0,17.0,9.0,7.0,2.0,7.0,3.0,6.0,5.0,0,1,0,0,14.0,13.0,7.0,0.0,13.0,14.0,31.0,26.0,2.0,5.0,1257.6732058557475,1155.925011065885,164.7649679066842,63.01677311682171,6.0,11.4,4.0,5.2,55.6,1.0,0.4,2.2,1.8,3.0,5.0,15.4,3.6,6.6,57.0,1.2,1.6,1.0,2.0,3.4,1.6666666666666667,0.6666666666666666,,,
bVvAYV5j,2024,2024-12-14 14:30:00,,Otelul Galati,UTA Arad,1,1,60.0,40.0,19.0,9.0,3.0,3.0,9.0,3.0,4.0,3.0,2,0,0,0,14.0,14.0,1.0,4.0,14.0,14.0,26.0,29.0,2.0,2.0,1210.768720348018,1229.024891430931,45.3528618401574,63.60903292307041,4.0,13.6,3.6,5.4,50.4,0.4,1.2,0.8,2.0,1.8,6.0,13.8,5.0,3.6,41.0,1.0,1.8,0.6,3.0,5.2,1.3333333333333333,1.3333333333333333,,,
xIVKfMMh,2024,2024-12-14 17:00:00,,Univ. Craiova,Sepsi Sf. Gheorghe,2,1,58.0,42.0,15.0,8.0,6.0,4.0,6.0,3.0,5.0,3.0,2,1,0,0,12.0,17.0,2.0,0.0,17.0,12.0,30.0,22.0,3.0,4.0,1354.3155403018577,1312.27202091999,105.55520259089167,63.51168320902392,6.0,14.8,5.0,3.0,56.0,1.4,1.2,1.6,2.4,3.0,7.0,9.0,4.0,4.4,40.6,1.6,0.6,2.2,2.2,2.4,3.0,0.0,,,
YqPTh0i5,2024,2024-12-14 20:00:00,,U Cluj,Petrolul Ploiesti,4,1,55.0,45.0,20.0,7.0,6.0,3.0,10.0,3.0,4.0,3.0,1,4,0,1,12.0,19.0,1.0,1.0,19.0,12.0,30.0,24.0,2.0,2.0,1299.594850993784,1233.6572692323143,129.9781668474468,64.04058508597727,4.0,16.8,4.8,7.0,61.2,1.2,1.6,0.8,3.2,2.6,7.0,10.6,3.2,4.0,47.2,0.8,0.8,1.2,2.2,4.6,0.6666666666666666,1.6666666666666667,,,
vsSyivMH,2024,2024-12-15 16:00:00,,Unirea Slobozia,CFR Cluj,1,1,33.0,67.0,7.0,14.0,1.0,3.0,2.0,7.0,1.0,8.0,3,3,0,1,17.0,18.0,0.0,1.0,18.0,17.0,18.0,28.0,2.0,0.0,1190.993368081196,1390.7149401863337,-134.84645770569227,64.87511439944547,7.0,14.0,5.6,5.0,46.6,1.2,1.8,1.2,2.0,3.4,5.0,8.0,2.8,3.8,44.0,1.4,1.0,1.6,2.2,2.8,0.0,3.0,,,
fHOChicM,2024,2024-12-15 20:45:00,,Farul Constanta,FCSB,1,1,50.0,50.0,18.0,21.0,6.0,7.0,8.0,7.0,4.0,9.0,0,2,0,0,8.0,9.0,3.0,2.0,9.0,8.0,26.0,21.0,6.0,5.0,1264.439905686746,1394.5214720924184,-64.92914868276512,65.15241772290724,7.0,12.4,4.0,4.4,55.4,0.8,0.8,1.2,1.8,3.8,7.0,16.0,6.4,6.8,57.8,2.2,0.8,2.4,2.0,2.6,0.0,3.0,,,
M3Q4fDS9,2024,2024-12-16 20:00:00,,Rapid Bucuresti,Gloria Buzau,2,0,53.0,47.0,14.0,9.0,5.0,2.0,4.0,1.0,2.0,3.0,0,4,0,0,14.0,10.0,3.0,2.0,10.0,14.0,21.0,23.0,2.0,3.0,1300.2387431506418,1150.3641288460835,215.16558365362698,65.29096934906882,10.0,13.0,6.0,4.8,55.2,1.0,0.8,1.6,1.2,3.8,9.0,13.0,3.8,4.2,50.4,0.4,1.0,0.6,2.0,2.4,1.0,1.0,,,
WCpqo9kd,2024,2024-12-20 19:00:00,,Sepsi Sf. Gheorghe,U Cluj,0,0,31.0,69.0,3.0,27.0,0.0,6.0,2.0,10.0,2.0,12.0,3,0,1,0,5.0,12.0,1.0,0.0,12.0,5.0,17.0,24.0,6.0,0.0,1305.2199958939452,1310.7219085066931,60.265677214247034,65.76758982699492,6.0,9.0,4.0,5.0,42.4,1.6,0.8,2.0,1.6,2.8,5.0,16.8,5.4,6.2,61.2,1.8,1.6,1.2,3.2,2.2,0.3333333333333333,2.3333333333333335,,,
6VbRcnZ1,2024,2024-12-21 17:00:00,,FC Hermannstadt,Farul Constanta,0,0,49.0,51.0,12.0,10.0,2.0,3.0,6.0,5.0,4.0,2.0,2,3,0,0,10.0,10.0,4.0,2.0,10.0,10.0,29.0,19.0,3.0,2.0,1221.070348697678,1266.2872607022337,20.42187313645877,65.63878514101454,8.0,9.4,4.0,4.0,43.6,1.6,1.2,2.4,2.2,4.0,5.0,14.0,4.2,4.6,56.4,0.8,0.8,1.2,1.2,4.6,0.3333333333333333,2.3333333333333335,,,
A35Ia84k,2024,2024-12-21 19:30:00,,Gloria Buzau,Univ. Craiova,0,2,53.0,47.0,10.0,8.0,4.0,5.0,4.0,2.0,6.0,3.0,1,3,0,0,10.0,16.0,3.0,3.0,16.0,10.0,32.0,36.0,3.0,4.0,1144.0091891404022,1361.3675653279024,-151.76362450380338,65.5947516836967,4.0,13.0,3.8,3.8,50.2,0.4,1.2,0.6,2.6,2.4,7.0,14.8,5.6,3.2,59.4,1.6,1.2,2.0,1.8,2.8,0.0,3.0,,,
C8NV8Cs3,2024,2024-12-22 12:30:00,,Petrolul Ploiesti,Unirea Slobozia,2,1,53.0,47.0,20.0,7.0,7.0,3.0,6.0,1.0,9.0,6.0,2,1,0,0,11.0,7.0,3.0,1.0,7.0,11.0,21.0,29.0,2.0,5.0,1222.530211719405,1194.690745727353,92.80948613737746,64.97002014532535,7.0,8.8,3.2,3.8,42.8,0.8,1.4,1.0,2.6,4.4,6.0,12.8,4.6,4.0,45.2,1.2,2.0,0.8,2.0,2.8,3.0,0.0,,,
KYQw7jCF,2024,2024-12-22 15:00:00,,CFR Cluj,Otelul Galati,3,2,45.0,55.0,12.0,12.0,4.0,6.0,4.0,4.0,4.0,6.0,1,2,0,0,9.0,12.0,1.0,0.0,12.0,9.0,26.0,33.0,4.0,1.0,1387.0175625401766,1209.4707241607314,243.07114628976228,65.52430791031698,6.0,9.6,2.8,5.0,48.6,1.4,1.0,1.6,2.6,2.2,8.0,15.4,4.0,5.2,50.4,0.6,1.4,0.8,2.2,2.0,1.6666666666666667,0.6666666666666666,,,
YyiDLkR8,2024,2024-12-22 20:00:00,,Dinamo Bucuresti,Rapid Bucuresti,0,0,59.0,41.0,11.0,11.0,4.0,5.0,4.0,3.0,4.0,5.0,5,3,1,1,8.0,11.0,1.0,3.0,11.0,8.0,27.0,11.0,5.0,4.0,1265.570003272397,1306.593682856323,24.797535818456936,65.82121540238305,9.0,12.6,4.8,5.6,56.4,1.2,0.4,2.2,1.6,2.4,6.0,14.0,6.2,4.4,55.2,1.2,0.8,1.6,1.0,2.8,0.3333333333333333,2.3333333333333335,,,
EXJn5UtS,2024,2024-12-23 17:00:00,,UTA Arad,FC Botosani,2,0,41.0,59.0,14.0,13.0,6.0,5.0,7.0,6.0,4.0,2.0,1,5,0,0,13.0,18.0,2.0,1.0,18.0,13.0,22.0,29.0,5.0,4.0,1230.3228876182175,1158.8285015716517,137.26216237563312,65.76777632906743,9.0,13.2,4.6,3.8,41.2,1.2,1.8,0.8,2.4,5.2,10.0,12.4,3.4,4.8,38.6,0.8,1.0,1.0,2.4,3.8,1.3333333333333333,1.3333333333333333,,,
fiuMJTeL,2024,2024-12-23 20:00:00,,Poli Iasi,FCSB,0,2,42.0,58.0,8.0,22.0,0.0,7.0,6.0,10.0,1.0,4.0,1,0,0,0,13.0,9.0,2.0,2.0,9.0,13.0,20.0,29.0,5.0,0.0,1148.0282136492356,1392.6741170769308,-178.21598317604412,66.42992025165105,10.0,13.4,2.8,5.6,51.8,0.8,1.8,0.4,2.0,3.6,7.0,18.4,7.0,8.2,58.8,2.0,0.8,2.0,1.6,2.6,1.0,2.0,,,
4QQiE7Jr,2024,2025-01-17 17:00:00,,Unirea Slobozia,Sepsi Sf. Gheorghe,3,2,48.0,52.0,11.0,23.0,4.0,7.0,4.0,9.0,5.0,8.0,0,1,0,0,9.0,8.0,0.0,6.0,8.0,9.0,17.0,29.0,5.0,1.0,1187.3002421941312,1303.5026000808734,-50.33221371963759,65.87014416710467,26.0,9.8,4.2,3.2,45.0,1.4,2.2,0.8,2.0,3.2,27.0,8.2,3.2,3.8,41.0,1.2,0.6,1.6,1.8,3.8,3.0,0.0,,,
YJcsPOX0,2024,2025-01-17 20:00:00,,FCSB,FC Hermannstadt,1,1,69.0,31.0,24.0,1.0,8.0,1.0,9.0,0.0,9.0,2.0,3,1,0,0,11.0,7.0,4.0,2.0,7.0,11.0,36.0,25.0,0.0,7.0,1400.1377982042159,1220.48323593344,246.38260350905784,66.72804123828193,25.0,19.2,7.6,7.4,57.0,2.4,0.6,2.6,1.0,2.0,27.0,10.4,3.8,3.6,44.4,1.4,0.6,2.6,2.6,3.8,1.3333333333333333,1.3333333333333333,,,
lE0eYSAE,2024,2025-01-18 14:30:00,,U Cluj,Gloria Buzau,2,1,66.0,34.0,20.0,5.0,7.0,2.0,7.0,3.0,7.0,2.0,1,2,0,0,11.0,10.0,5.0,3.0,10.0,11.0,17.0,17.0,1.0,5.0,1312.439304319765,1135.679435295451,243.03030442348836,66.2704353991743,28.0,20.2,5.4,7.4,64.0,1.6,1.2,1.4,2.4,1.8,27.0,12.8,3.4,4.2,48.6,0.4,1.4,0.6,2.4,2.6,3.0,0.0,,,
0hK0Cole,2024,2025-01-18 19:30:00,,Otelul Galati,Petrolul Ploiesti,0,0,52.0,48.0,4.0,12.0,1.0,1.0,1.0,8.0,2.0,4.0,2,1,0,0,11.0,13.0,1.0,0.0,13.0,11.0,26.0,36.0,1.0,1.0,1205.5119575998503,1229.920715252627,42.15864122982657,66.56739888260306,27.0,15.4,5.0,4.8,50.6,1.0,1.8,0.8,2.0,2.2,27.0,11.0,4.0,4.4,45.6,1.0,1.6,1.0,2.8,3.6,0.6666666666666666,1.6666666666666667,,,
Y5I8API7,2024,2025-01-19 18:00:00,,FC Botosani,CFR Cluj,1,1,65.0,35.0,23.0,16.0,5.0,6.0,12.0,5.0,8.0,7.0,2,2,0,0,9.0,8.0,0.0,2.0,8.0,9.0,29.0,14.0,5.0,4.0,1149.9999159372035,1390.9763291010577,-174.49957697910259,66.47683618475169,27.0,12.4,3.6,4.6,43.8,0.6,1.4,0.4,2.8,3.8,28.0,11.2,3.4,5.6,48.4,1.8,1.4,1.6,2.0,2.8,1.0,2.0,,,
QgfZQp3l,2024,2025-01-19 20:30:00,,Univ. Craiova,Dinamo Bucuresti,1,1,41.0,59.0,11.0,7.0,6.0,1.0,2.0,4.0,3.0,3.0,2,2,0,0,13.0,8.0,3.0,0.0,8.0,13.0,24.0,16.0,0.0,5.0,1369.6973191728537,1264.8574822948553,171.66458677227956,66.82474989428131,29.0,13.8,5.2,3.4,57.8,1.4,1.0,2.0,2.4,3.2,28.0,12.4,4.8,4.2,57.0,1.0,0.2,2.2,2.0,3.0,2.0,1.0,,,
tMI2W6uR,2024,2025-01-20 17:00:00,,Farul Constanta,UTA Arad,1,1,65.0,35.0,34.0,7.0,13.0,3.0,10.0,3.0,12.0,3.0,1,3,1,1,7.0,14.0,1.0,0.0,14.0,7.0,34.0,17.0,2.0,12.0,1266.8743734664715,1239.1514732526657,94.20455743934326,66.48165722553749,30.0,13.0,4.0,4.2,56.2,0.6,0.8,0.8,1.6,4.0,28.0,13.4,4.8,4.4,40.2,1.6,1.4,1.4,2.4,4.2,1.0,1.0,,,
UoijN22D,2024,2025-01-20 20:00:00,,Rapid Bucuresti,Poli Iasi,2,1,60.0,40.0,21.0,14.0,7.0,3.0,6.0,7.0,10.0,4.0,2,3,0,0,12.0,8.0,2.0,2.0,8.0,12.0,23.0,18.0,2.0,5.0,1307.3062038338646,1140.5645325219505,233.02481281899918,66.28314150708498,29.0,12.4,4.8,4.0,52.6,0.8,0.8,1.2,1.2,2.6,28.0,12.0,2.4,4.4,47.8,0.6,1.8,0.4,2.0,4.2,2.0,1.0,,,
nsMAQy95,2024,2025-01-24 17:00:00,,Gloria Buzau,Unirea Slobozia,3,0,49.0,51.0,12.0,15.0,5.0,4.0,5.0,7.0,4.0,5.0,1,0,0,0,8.0,21.0,5.0,2.0,21.0,8.0,17.0,28.0,4.0,2.0,1131.7199221830676,1198.738869809828,-0.4248859020992768,66.59406172466107,6.0,11.0,3.4,3.8,45.2,0.6,1.4,0.6,2.6,3.0,7.0,10.8,4.6,3.8,45.8,2.0,2.0,1.4,1.6,3.4,0.0,3.0,,,
GMDRMg8U,2024,2025-01-24 20:00:00,,Dinamo Bucuresti,U Cluj,0,0,43.0,57.0,9.0,15.0,3.0,1.0,3.0,7.0,4.0,4.0,2,3,0,0,10.0,12.0,1.0,0.0,12.0,10.0,27.0,25.0,1.0,3.0,1269.4320512114396,1316.3988174321482,20.92792222842695,67.8946884491357,4.0,10.6,3.6,3.8,57.8,1.0,0.4,1.8,2.0,3.4,6.0,20.6,6.0,7.8,62.8,1.8,1.0,2.0,2.0,1.2,0.3333333333333333,2.3333333333333335,,,
MazgwFhB,2024,2025-01-25 14:30:00,,Poli Iasi,FC Hermannstadt,0,2,55.0,45.0,23.0,14.0,3.0,5.0,12.0,5.0,9.0,3.0,1,3,0,0,7.0,9.0,1.0,3.0,9.0,7.0,28.0,31.0,3.0,3.0,1136.4189296209358,1226.5846471215418,-22.31615104420962,67.84956645639626,4.0,11.8,2.2,4.2,43.4,0.6,2.0,0.2,2.6,4.6,7.0,9.2,2.8,3.6,45.0,1.2,0.6,2.2,2.2,4.6,1.3333333333333333,1.3333333333333333,,,
QXtpuyOb,2024,2025-01-25 20:00:00,,Rapid Bucuresti,Univ. Craiova,1,0,38.0,62.0,15.0,14.0,3.0,4.0,4.0,6.0,4.0,6.0,2,2,0,0,13.0,14.0,2.0,0.0,14.0,13.0,17.0,15.0,4.0,2.0,1311.4518067348793,1365.1227502562695,13.185996540468295,66.8569400618585,5.0,14.2,5.4,4.6,54.4,1.0,0.8,1.6,1.4,2.6,5.0,13.2,5.4,3.8,53.4,1.2,1.0,1.6,2.4,2.2,0.3333333333333333,2.3333333333333335,,,
KE21UJ9t,2024,2025-01-26 17:00:00,,Sepsi Sf. Gheorghe,Otelul Galati,2,0,40.0,60.0,13.0,7.0,7.0,0.0,3.0,5.0,6.0,2.0,0,1,0,0,14.0,13.0,0.0,1.0,13.0,14.0,16.0,22.0,0.0,5.0,1292.0639724651767,1204.304454961832,155.33800696216372,67.57848945881915,9.0,11.0,3.6,4.4,41.6,1.2,1.2,1.0,1.6,3.6,7.0,12.2,3.6,4.0,53.6,0.8,1.8,0.4,1.8,2.4,1.3333333333333333,1.3333333333333333,,,
hKrxscgn,2024,2025-01-26 20:00:00,,UTA Arad,FCSB,0,1,35.0,65.0,14.0,11.0,2.0,4.0,9.0,4.0,4.0,8.0,2,2,0,0,8.0,11.0,0.0,0.0,11.0,8.0,15.0,28.0,3.0,2.0,1241.798349498699,1394.036387016114,-84.04384674728317,68.19419077013193,6.0,11.4,4.2,4.0,39.8,1.6,1.2,1.6,2.4,6.0,9.0,20.8,7.8,7.0,59.6,2.0,0.8,2.2,1.4,1.6,1.0,2.0,,,
vHI2Scvg,2024,2025-01-27 17:00:00,,Petrolul Ploiesti,FC Botosani,3,1,45.0,55.0,7.0,13.0,4.0,4.0,1.0,5.0,3.0,5.0,3,0,0,0,22.0,9.0,1.0,1.0,9.0,22.0,23.0,25.0,3.0,1.0,1231.1282178906451,1154.6387653975985,144.11160877045813,67.62215627741159,8.0,11.2,3.6,4.4,46.2,1.0,1.4,1.2,2.8,2.6,7.0,15.0,3.8,5.4,49.2,0.6,1.4,0.4,2.8,4.2,2.0,1.0,,,
8dAJOFwI,2024,2025-01-27 20:00:00,,CFR Cluj,Farul Constanta,3,1,49.0,51.0,25.0,10.0,11.0,3.0,9.0,4.0,10.0,2.0,0,0,0,0,18.0,10.0,2.0,1.0,10.0,18.0,17.0,13.0,2.0,8.0,1386.3374796406627,1264.2274972204382,190.3764586585296,68.26647623830517,8.0,11.4,4.0,5.6,45.6,1.8,1.4,1.6,2.4,3.0,7.0,18.0,6.6,5.8,56.6,0.8,0.8,1.0,1.2,3.0,2.0,1.0,,,
0ShErAUj,2024,2025-01-31 17:00:00,,FC Hermannstadt,UTA Arad,0,0,58.0,42.0,12.0,18.0,1.0,4.0,11.0,10.0,2.0,1.0,0,2,0,0,7.0,16.0,0.0,0.0,16.0,7.0,23.0,22.0,4.0,1.0,1239.8196657153785,1234.1712229290947,74.44633064368736,68.79788785740354,6.0,10.0,3.0,2.8,45.0,1.2,0.4,2.2,2.2,4.2,4.0,12.4,4.0,4.4,41.0,1.4,1.4,1.0,1.6,5.4,1.3333333333333333,1.3333333333333333,,,
2XARiE74,2024,2025-01-31 20:00:00,,Unirea Slobozia,Dinamo Bucuresti,1,3,25.0,75.0,7.0,16.0,3.0,5.0,4.0,8.0,1.0,9.0,0,1,0,0,17.0,5.0,0.0,0.0,5.0,17.0,18.0,27.0,2.0,2.0,1181.3971801501664,1268.8304246415803,-18.79364680135177,68.63959769006219,7.0,11.4,4.2,4.4,45.0,1.8,2.2,1.4,1.4,3.4,7.0,10.4,3.6,4.2,54.6,0.8,0.2,1.8,2.2,3.2,0.0,3.0,,,
UPw1ygNN,2024,2025-02-01 14:30:00,,FC Botosani,Sepsi Sf. Gheorghe,0,0,54.0,46.0,18.0,7.0,5.0,4.0,7.0,1.0,9.0,3.0,3,2,1,0,9.0,15.0,1.0,2.0,15.0,9.0,38.0,28.0,4.0,5.0,1146.047832585684,1300.2733232826804,-86.5892353498482,67.63625534714816,4.0,12.8,4.0,4.0,51.4,0.8,2.0,0.2,2.4,3.4,5.0,12.0,4.4,4.4,41.4,1.4,1.0,1.4,1.2,3.2,0.0,3.0,,,
EcFXVWpo,2024,2025-02-01 17:00:00,,Otelul Galati,Gloria Buzau,2,1,57.0,43.0,11.0,12.0,7.0,3.0,2.0,5.0,5.0,3.0,4,1,0,0,13.0,15.0,3.0,3.0,15.0,13.0,18.0,26.0,2.0,5.0,1196.0951041443284,1149.0616118427292,114.85288934945902,67.81939704785997,6.0,11.0,3.0,3.8,55.8,0.6,1.4,0.4,1.6,2.4,8.0,11.2,3.2,3.8,47.2,0.8,1.4,0.6,2.2,3.4,1.0,1.0,,,
WC2rlW6T,2024,2025-02-01 20:00:00,,U Cluj,Rapid Bucuresti,2,1,55.0,45.0,8.0,12.0,5.0,3.0,1.0,5.0,5.0,7.0,4,3,0,0,8.0,6.0,5.0,0.0,6.0,8.0,27.0,38.0,2.0,3.0,1317.0004440020075,1321.0724653610212,64.25809890009805,68.33012025911181,8.0,18.4,5.0,6.6,60.0,1.8,0.8,2.2,2.0,1.4,7.0,15.2,5.0,4.6,50.0,1.0,0.6,2.0,1.8,2.8,2.0,1.0,,,
tOV06DMc,2024,2025-02-02 17:15:00,,Univ. Craiova,Poli Iasi,4,1,59.0,41.0,19.0,8.0,6.0,4.0,7.0,2.0,9.0,2.0,1,1,0,0,11.0,11.0,4.0,2.0,11.0,11.0,15.0,21.0,3.0,2.0,1355.5020916301276,1123.183911027099,301.26114887513745,68.94296827210886,7.0,13.4,5.2,4.6,52.6,1.2,0.8,1.6,2.2,2.2,8.0,14.4,2.4,5.0,42.2,0.6,2.0,0.2,1.6,4.4,1.3333333333333333,1.3333333333333333,,,
zo9ZkhxH,2024,2025-02-02 20:00:00,,FCSB,CFR Cluj,1,1,58.0,42.0,7.0,9.0,3.0,4.0,3.0,5.0,2.0,4.0,4,2,1,0,14.0,11.0,2.0,0.0,11.0,14.0,24.0,25.0,3.0,2.0,1401.6635135857184,1393.4229678953075,77.57335873611919,69.33281304570812,7.0,19.2,6.8,7.4,62.4,1.4,0.6,2.2,1.4,1.6,6.0,14.6,5.4,7.0,48.6,2.0,1.6,1.6,2.0,2.4,1.3333333333333333,1.3333333333333333,,,
65HIgzwh,2024,2025-02-03 20:00:00,,Farul Constanta,Petrolul Ploiesti,2,1,57.0,43.0,9.0,10.0,2.0,4.0,4.0,3.0,4.0,8.0,4,2,0,0,8.0,22.0,3.0,3.0,22.0,8.0,16.0,14.0,3.0,0.0,1257.1420089657934,1239.7191507025595,86.59094399002856,69.16808572679469,7.0,16.8,6.2,5.0,55.6,1.0,1.4,0.8,1.2,4.0,7.0,10.0,3.6,4.0,47.2,1.4,1.4,1.6,2.6,2.4,1.3333333333333333,1.3333333333333333,,,
pGSH2VLM,2024,2025-02-04 16:00:00,,Gloria Buzau,FC Botosani,0,2,49.0,51.0,6.0,20.0,1.0,6.0,5.0,8.0,3.0,6.0,0,0,0,0,12.0,11.0,4.0,2.0,11.0,12.0,24.0,34.0,4.0,1.0,1142.251969026038,1148.4897219285083,63.497187655153084,69.73494055762329,2.0,9.6,3.2,3.6,45.2,1.0,1.6,0.6,1.8,4.0,3.0,15.6,4.6,5.4,56.2,0.6,1.6,0.4,2.4,3.0,1.0,1.0,,,
SfMzJj63,2024,2025-02-04 18:00:00,,Rapid Bucuresti,Unirea Slobozia,2,1,68.0,32.0,30.0,11.0,11.0,5.0,10.0,3.0,8.0,4.0,4,6,0,0,13.0,21.0,1.0,0.0,21.0,13.0,27.0,21.0,4.0,9.0,1312.9011585210606,1168.019282244646,213.3644406057665,68.48256432935199,2.0,14.6,4.6,5.6,47.4,1.2,0.6,2.0,2.0,3.0,3.0,9.4,3.0,3.6,40.8,1.2,2.2,0.8,0.8,3.2,3.0,0.0,,,
tnEmc9qp,2024,2025-02-04 20:30:00,,Dinamo Bucuresti,Otelul Galati,1,0,57.0,43.0,17.0,6.0,3.0,0.0,7.0,4.0,4.0,2.0,1,2,0,0,10.0,13.0,2.0,2.0,13.0,10.0,29.0,25.0,0.0,2.0,1282.2083225471006,1202.9047469610196,148.1258784246054,68.82230283852444,4.0,12.0,4.0,5.2,60.2,1.2,0.4,1.8,2.0,3.0,3.0,10.6,3.4,3.8,56.8,1.0,1.4,1.0,2.2,2.2,1.3333333333333333,1.3333333333333333,,,
lAAqHUzG,2024,2025-02-05 18:00:00,,CFR Cluj,FC Hermannstadt,1,0,45.0,55.0,14.0,6.0,1.0,2.0,10.0,2.0,3.0,4.0,1,3,0,0,13.0,9.0,1.0,2.0,9.0,13.0,34.0,28.0,2.0,0.0,1395.6193321474866,1237.7091301508271,227.18081094287845,69.27060894621891,2.0,15.2,5.6,6.6,47.6,1.8,1.2,1.8,1.6,2.4,5.0,9.8,2.4,2.8,47.0,1.0,0.4,1.8,1.4,4.0,1.3333333333333333,1.3333333333333333,,,
f9xHbMKl,2024,2025-02-05 20:30:00,,Univ. Craiova,U Cluj,1,0,40.0,60.0,15.0,22.0,5.0,7.0,8.0,10.0,2.0,8.0,6,6,0,1,8.0,11.0,2.0,0.0,11.0,8.0,18.0,23.0,7.0,4.0,1360.7000219447843,1325.171750841968,105.11817346179805,69.58990235898192,3.0,13.4,5.4,5.2,53.4,1.8,0.8,2.0,2.0,2.4,4.0,18.0,5.0,6.4,60.4,1.6,0.6,2.2,1.8,1.6,1.6666666666666667,0.6666666666666666,,,
zJpPd0k1,2024,2025-02-06 16:00:00,,Poli Iasi,UTA Arad,0,1,50.0,50.0,9.0,11.0,2.0,1.0,6.0,8.0,3.0,5.0,5,0,0,0,12.0,11.0,1.0,3.0,11.0,12.0,34.0,30.0,0.0,2.0,1117.9859807124421,1236.281758493646,-48.17611180995482,70.11966597124902,3.0,12.4,2.4,4.2,42.6,0.4,2.4,0.0,1.4,4.0,5.0,12.4,3.6,3.0,38.6,0.8,0.6,1.2,1.6,4.6,1.3333333333333333,1.3333333333333333,,,
llZ84iiA,2024,2025-02-06 18:00:00,,Sepsi Sf. Gheorghe,Farul Constanta,1,0,46.0,54.0,16.0,12.0,4.0,1.0,5.0,7.0,8.0,7.0,1,2,0,0,14.0,10.0,1.0,6.0,10.0,14.0,20.0,28.0,1.0,3.0,1297.8314339398562,1264.7000733768414,102.60436159914616,69.47300103613142,5.0,10.8,4.4,4.4,42.2,1.0,1.0,1.0,1.4,3.2,2.0,16.2,5.4,4.8,54.8,1.0,1.2,1.2,1.6,4.2,1.3333333333333333,1.3333333333333333,,,
0lUlemEd,2024,2025-02-06 20:30:00,,Petrolul Ploiesti,FCSB,0,0,38.0,62.0,11.0,14.0,0.0,6.0,9.0,5.0,1.0,6.0,1,0,0,0,10.0,10.0,2.0,4.0,10.0,10.0,21.0,27.0,6.0,0.0,1232.1610862915115,1399.4671493335393,-97.29832934781098,70.00773369421672,3.0,11.2,3.8,5.4,46.8,1.4,1.6,1.4,2.4,1.6,4.0,17.0,5.8,6.4,60.0,1.2,0.6,1.8,2.2,2.0,0.6666666666666666,1.6666666666666667,,,
dj4mcU0s,2024,2025-02-07 20:00:00,,FC Botosani,Dinamo Bucuresti,1,1,47.0,53.0,10.0,4.0,3.0,3.0,4.0,1.0,3.0,1.0,0,3,0,0,15.0,16.0,3.0,1.0,16.0,15.0,37.0,23.0,2.0,2.0,1165.1880716387923,1288.1857373163605,-52.785220476887616,70.21244520068058,3.0,17.4,5.0,6.0,56.8,0.8,1.2,1.0,2.0,3.0,2.0,12.0,3.2,4.8,58.6,1.0,0.4,1.8,2.2,2.6,1.3333333333333333,1.3333333333333333,,,
0lpDiQUI,2024,2025-02-08 16:00:00,,Unirea Slobozia,Univ. Craiova,0,1,39.0,61.0,11.0,15.0,2.0,7.0,8.0,5.0,2.0,4.0,2,1,0,0,13.0,11.0,0.0,1.0,11.0,13.0,24.0,25.0,6.0,2.0,1163.48943545568,1367.7635367750122,-133.94857874744685,70.3255225718854,3.0,10.2,3.8,4.2,40.6,1.2,2.4,0.6,1.4,4.6,2.0,13.4,5.2,4.6,49.8,1.6,0.6,2.0,2.8,3.2,0.0,3.0,,,
I5hde8Vg,2024,2025-02-08 19:00:00,,Otelul Galati,Rapid Bucuresti,1,1,50.0,50.0,11.0,17.0,3.0,2.0,5.0,6.0,3.0,4.0,3,2,0,0,11.0,9.0,2.0,0.0,9.0,11.0,35.0,32.0,1.0,2.0,1196.9273321917597,1317.4310053100266,-50.65252207971503,69.85115103855192,3.0,8.0,2.8,3.4,53.4,0.8,1.4,0.8,2.2,2.2,4.0,17.8,5.8,6.8,50.4,1.2,0.8,2.0,2.8,3.4,0.6666666666666666,1.6666666666666667,,,
4Mj4gn06,2024,2025-02-09 14:30:00,,FC Hermannstadt,Petrolul Ploiesti,1,1,47.0,53.0,10.0,11.0,2.0,5.0,4.0,3.0,5.0,2.0,4,0,0,0,14.0,10.0,0.0,0.0,10.0,14.0,30.0,24.0,4.0,1.0,1233.4518846473204,1234.890573044363,68.52103675346711,69.95972515050967,3.0,9.0,2.2,3.0,47.6,0.6,0.4,1.2,1.8,3.4,2.0,12.0,3.2,5.0,45.4,1.2,0.8,1.6,1.8,2.4,1.3333333333333333,1.3333333333333333,,,
CSDV97pm,2024,2025-02-09 17:00:00,,U Cluj,Poli Iasi,2,2,64.0,36.0,8.0,15.0,2.0,6.0,5.0,8.0,3.0,7.0,2,0,0,0,6.0,5.0,1.0,1.0,5.0,6.0,25.0,23.0,4.0,0.0,1318.1082360117402,1109.363781577541,278.55815339901255,69.81369896481323,3.0,18.4,5.2,7.2,61.4,0.8,0.6,1.6,2.8,2.0,3.0,12.4,2.4,3.8,45.6,0.4,2.2,0.0,2.2,3.0,1.0,2.0,,,
8WrXfvKD,2024,2025-02-09 20:00:00,,FCSB,Sepsi Sf. Gheorghe,3,0,63.0,37.0,21.0,7.0,11.0,3.0,5.0,2.0,10.0,1.0,1,0,0,0,12.0,16.0,4.0,1.0,16.0,12.0,23.0,17.0,3.0,8.0,1396.7376625806878,1304.9612027143269,161.09139633204427,69.31493646568322,2.0,15.6,5.6,5.8,62.4,1.0,0.4,1.8,1.8,1.0,3.0,12.4,4.4,5.4,43.0,1.0,0.6,1.6,1.4,2.6,2.3333333333333335,0.3333333333333333,,,
Q7DH2jwK,2024,2025-02-10 17:00:00,,Farul Constanta,Gloria Buzau,1,0,60.0,40.0,12.0,6.0,1.0,1.0,9.0,1.0,9.0,3.0,4,3,0,0,11.0,10.0,3.0,4.0,10.0,11.0,18.0,19.0,1.0,0.0,1257.5703046023707,1125.553619315754,202.06809693815217,70.05141165153563,3.0,15.0,4.4,5.4,55.6,0.8,1.2,1.0,2.0,3.6,6.0,9.0,3.0,3.6,45.6,1.0,1.6,0.6,1.0,4.2,0.0,3.0,,,
hrXbFTMP,2024,2025-02-10 20:00:00,,UTA Arad,CFR Cluj,1,4,45.0,55.0,7.0,21.0,1.0,6.0,2.0,10.0,7.0,8.0,1,0,0,0,13.0,6.0,0.0,2.0,6.0,13.0,21.0,24.0,2.0,0.0,1244.9039576285472,1399.8765776509933,-84.56407821011385,70.40854181233215,4.0,12.8,3.2,3.4,40.6,0.8,0.4,1.6,1.6,4.6,5.0,15.2,5.2,5.6,43.2,1.8,1.0,2.2,1.2,2.8,1.3333333333333333,1.3333333333333333,,,
IPGw8oFa,2024,2025-02-14 17:00:00,,Sepsi Sf. Gheorghe,FC Hermannstadt,2,3,60.0,40.0,13.0,8.0,3.0,3.0,5.0,4.0,7.0,2.0,1,2,0,0,10.0,7.0,3.0,2.0,7.0,10.0,34.0,24.0,0.0,1.0,1295.141533569628,1231.5048688380346,133.05624867572487,69.4195839441314,4.0,13.2,5.0,5.2,44.2,1.0,1.2,1.4,0.8,3.0,5.0,8.6,2.2,3.2,47.2,0.8,0.6,1.2,2.2,3.6,1.6666666666666667,0.6666666666666666,,,
bqxDMpUh,2024,2025-02-14 20:00:00,,Univ. Craiova,Otelul Galati,2,1,49.0,51.0,13.0,9.0,5.0,3.0,4.0,4.0,5.0,3.0,3,3,0,0,11.0,14.0,3.0,2.0,14.0,11.0,18.0,18.0,2.0,3.0,1374.0884905527919,1198.374987017863,244.10912667353864,68.39562313860989,6.0,14.8,5.6,4.8,52.6,1.4,0.6,2.0,2.4,2.8,6.0,7.8,2.2,2.8,52.4,0.6,1.0,1.0,2.4,2.2,1.6666666666666667,0.6666666666666666,,,
4d7DKOb5,2024,2025-02-15 15:00:00,,Petrolul Ploiesti,UTA Arad,0,1,69.0,31.0,16.0,8.0,1.0,4.0,7.0,3.0,6.0,4.0,3,3,1,0,5.0,6.0,4.0,0.0,6.0,5.0,42.0,29.0,3.0,1.0,1236.8375888536489,1231.717852719204,73.81084643484428,68.69111030039942,6.0,10.2,2.8,3.6,45.4,1.0,0.8,1.2,1.4,2.2,4.0,11.4,2.2,4.0,41.4,0.6,1.2,1.0,1.6,4.0,0.3333333333333333,2.3333333333333335,,,
n58f43EO,2024,2025-02-15 20:00:00,,Dinamo Bucuresti,Farul Constanta,0,2,69.0,31.0,25.0,8.0,5.0,3.0,9.0,2.0,13.0,5.0,1,2,0,0,7.0,8.0,0.0,0.0,8.0,7.0,29.0,20.0,1.0,5.0,1286.6780390336296,1262.3320400796576,92.13013028962428,67.78413133565243,8.0,10.6,3.0,4.2,57.4,1.2,0.6,1.8,1.8,2.0,5.0,15.4,4.0,6.8,57.4,1.0,1.2,1.4,2.2,3.4,1.3333333333333333,1.3333333333333333,,,
YyaUGtbU,2024,2025-02-16 16:00:00,,Poli Iasi,CFR Cluj,1,1,40.0,60.0,11.0,17.0,7.0,6.0,0.0,9.0,7.0,4.0,4,3,1,0,8.0,11.0,1.0,4.0,11.0,8.0,31.0,27.0,5.0,6.0,1116.0139482326078,1413.0626825603365,-230.60010834731634,66.44862598041233,6.0,13.8,3.6,5.0,44.4,0.8,2.2,0.2,2.0,2.0,5.0,17.0,5.6,6.4,45.2,2.0,0.8,2.2,1.0,2.0,0.3333333333333333,2.3333333333333335,,,
vu5n6PqC,2024,2025-02-16 20:45:00,,Gloria Buzau,FCSB,0,2,41.0,59.0,7.0,23.0,2.0,9.0,5.0,9.0,2.0,4.0,2,1,0,0,8.0,13.0,0.0,1.0,13.0,8.0,18.0,27.0,7.0,2.0,1120.7918838384671,1406.5573317253866,-218.8811963772364,66.88425150968314,6.0,8.2,2.4,3.0,43.0,1.0,1.4,0.6,1.4,3.6,7.0,15.4,6.4,7.0,63.4,1.2,0.4,1.8,2.0,1.6,0.0,3.0,,,
CMALI2TH,2024,2025-02-17 17:00:00,,U Cluj,Unirea Slobozia,3,2,64.0,36.0,24.0,9.0,7.0,2.0,12.0,4.0,10.0,5.0,3,1,0,0,12.0,15.0,0.0,1.0,15.0,12.0,28.0,17.0,0.0,4.0,1311.4580693566734,1157.1644816779003,220.709076001413,66.41548832264004,8.0,14.6,4.4,5.4,60.4,1.2,1.0,1.6,3.2,2.8,9.0,11.0,3.6,3.4,39.0,1.0,2.2,0.6,1.6,4.8,1.0,1.0,,,
QVw5O6at,2024,2025-02-17 20:00:00,,Rapid Bucuresti,FC Botosani,1,0,45.0,55.0,6.0,3.0,1.0,2.0,4.0,0.0,6.0,3.0,1,4,0,0,17.0,16.0,5.0,3.0,16.0,17.0,23.0,35.0,2.0,0.0,1315.9833504839232,1166.6957699215232,216.03182547694678,66.74424491454671,9.0,19.0,5.2,6.6,52.2,1.4,1.0,2.0,2.6,3.0,10.0,16.8,4.6,6.2,54.4,1.0,1.0,1.2,1.0,2.6,0.6666666666666666,1.6666666666666667,,,
IaXnZNDb,2024,2025-02-21 17:00:00,,FC Hermannstadt,Gloria Buzau,2,1,50.0,50.0,14.0,11.0,6.0,4.0,3.0,3.0,8.0,0.0,1,2,0,0,14.0,6.0,2.0,2.0,6.0,14.0,15.0,20.0,3.0,4.0,1245.1576795783212,1114.5417080112259,197.69593687709767,67.07996531000225,7.0,10.0,2.6,3.2,49.0,1.2,0.8,1.6,2.4,2.4,4.0,8.6,2.4,3.0,44.4,0.8,1.4,0.6,1.4,4.0,0.0,3.0,,,
YZTNzyk3,2024,2025-02-21 20:00:00,,Otelul Galati,U Cluj,0,1,51.0,49.0,10.0,9.0,2.0,3.0,7.0,4.0,1.0,2.0,0,1,0,0,7.0,10.0,2.0,0.0,10.0,7.0,26.0,27.0,2.0,2.0,1194.4351581940027,1315.8414905820957,-53.9623435247579,67.44398886333511,7.0,8.8,2.6,3.0,52.2,0.8,1.4,0.8,2.6,2.6,4.0,15.4,4.4,6.0,60.0,1.4,1.2,1.6,3.6,2.6,1.0,2.0,,,
hviyDXdd,2024,2025-02-22 18:00:00,,FC Botosani,Univ. Craiova,2,2,47.0,53.0,14.0,11.0,7.0,7.0,5.0,2.0,4.0,2.0,1,1,0,0,14.0,12.0,0.0,3.0,12.0,14.0,31.0,19.0,5.0,5.0,1162.219497982116,1378.0283193766522,-148.9992731743646,66.80954822017155,4.0,12.8,4.0,5.2,52.4,0.8,1.0,1.0,1.4,1.6,7.0,15.2,5.4,5.2,54.2,1.6,0.6,2.4,2.6,3.2,0.6666666666666666,1.6666666666666667,,,
KjSVYEJF,2024,2025-02-22 20:30:00,,CFR Cluj,Petrolul Ploiesti,2,0,50.0,50.0,15.0,9.0,7.0,1.0,6.0,7.0,8.0,3.0,1,2,0,0,7.0,12.0,0.0,4.0,12.0,7.0,22.0,27.0,1.0,5.0,1407.254342170059,1224.7445359903556,249.62262699057624,67.11282081087268,6.0,17.2,5.6,5.8,50.2,2.0,0.8,2.2,1.2,2.4,7.0,11.0,2.8,4.0,49.6,1.0,1.0,1.0,1.8,2.6,2.3333333333333335,0.3333333333333333,,,
GILvXhlS,2024,2025-02-23 15:00:00,,Unirea Slobozia,Poli Iasi,0,0,57.0,43.0,14.0,7.0,3.0,2.0,7.0,2.0,3.0,3.0,1,2,0,0,11.0,17.0,2.0,4.0,17.0,11.0,32.0,27.0,2.0,3.0,1152.781060452478,1121.8222886228853,98.47892673734509,67.52015490775241,5.0,10.6,3.2,3.4,36.6,0.8,2.4,0.0,1.8,4.6,6.0,13.2,4.4,5.6,44.4,0.8,2.0,0.4,2.2,2.0,0.0,3.0,,,
jDVfX1rB,2024,2025-02-23 20:00:00,,FCSB,Dinamo Bucuresti,2,1,45.0,55.0,12.0,11.0,7.0,4.0,3.0,6.0,4.0,4.0,1,2,0,0,11.0,17.0,1.0,0.0,17.0,11.0,32.0,21.0,3.0,5.0,1412.8075075526278,1268.8713009637618,211.24929352804588,67.31308693917988,6.0,15.2,6.6,6.0,61.4,1.4,0.2,2.2,1.6,2.0,8.0,14.2,3.8,6.2,59.4,1.0,0.8,1.6,1.6,1.2,3.0,0.0,,,
O0vvypqn,2024,2025-02-24 17:00:00,,UTA Arad,Sepsi Sf. Gheorghe,1,2,50.0,50.0,14.0,6.0,5.0,3.0,7.0,2.0,3.0,5.0,1,4,0,0,18.0,16.0,0.0,1.0,16.0,18.0,36.0,20.0,1.0,4.0,1243.8109055824973,1281.4887228293414,29.978218526262026,67.65603577310617,9.0,11.6,2.4,4.2,40.6,0.6,1.0,1.4,1.6,1.8,10.0,11.2,4.2,5.0,45.8,1.0,1.2,1.4,0.8,2.8,1.0,2.0,,,
pEmTEgSq,2024,2025-02-24 20:00:00,,Farul Constanta,Rapid Bucuresti,1,3,58.0,42.0,18.0,13.0,4.0,6.0,7.0,4.0,3.0,6.0,0,1,0,0,9.0,12.0,2.0,0.0,12.0,9.0,21.0,21.0,3.0,3.0,1280.1387781495255,1320.4596224233303,26.520638431781208,66.84148270558599,9.0,10.2,2.0,5.4,50.6,1.2,1.0,1.8,2.4,4.0,7.0,16.0,4.0,5.8,49.2,1.2,0.8,2.0,2.4,3.0,2.0,1.0,,,
trv0xlQ7,2024,2025-02-28 17:00:00,,Unirea Slobozia,Otelul Galati,0,1,55.0,45.0,28.0,12.0,6.0,2.0,7.0,4.0,10.0,1.0,1,3,0,1,11.0,10.0,2.0,3.0,10.0,11.0,34.0,18.0,1.0,6.0,1150.0201542048444,1185.9759496184886,29.744221124162095,65.70001653780618,5.0,10.4,3.0,3.0,37.8,0.8,1.8,0.2,2.0,4.6,6.0,9.4,3.0,2.8,50.4,0.8,1.2,0.8,2.4,2.0,3.0,0.0,,,
Cl7ARWBk,2024,2025-02-28 20:00:00,,Sepsi Sf. Gheorghe,CFR Cluj,1,1,42.0,58.0,13.0,20.0,6.0,6.0,5.0,11.0,5.0,1.0,0,1,0,0,10.0,12.0,0.0,4.0,12.0,10.0,27.0,23.0,5.0,5.0,1292.3494303962773,1412.685463461789,-55.450068184285556,64.88596488122596,4.0,9.8,3.4,4.8,47.8,1.0,1.4,1.4,1.6,3.6,5.0,15.2,4.8,5.4,50.4,1.8,0.6,2.2,1.4,2.2,0.6666666666666666,1.6666666666666667,,,
8UuhvAee,2024,2025-03-01 16:00:00,,U Cluj,FC Botosani,0,1,59.0,41.0,12.0,6.0,3.0,1.0,6.0,3.0,9.0,6.0,1,2,0,0,12.0,8.0,1.0,0.0,8.0,12.0,38.0,23.0,0.0,3.0,1324.3006991576099,1166.2631325247978,223.04222405386326,65.0046574210511,7.0,14.2,4.8,5.6,58.4,1.6,1.2,2.0,3.2,2.4,6.0,13.0,4.6,5.0,50.8,1.0,0.8,1.2,1.6,2.4,3.0,0.0,,,
C2nqtWQr,2024,2025-03-01 19:00:00,,Univ. Craiova,Farul Constanta,1,0,53.0,47.0,19.0,3.0,5.0,0.0,6.0,3.0,9.0,3.0,1,3,0,0,6.0,18.0,0.0,0.0,18.0,6.0,16.0,30.0,0.0,4.0,1373.9846848339705,1264.9192292457947,172.89543491620157,63.82997932802577,7.0,14.6,6.0,4.4,52.4,2.0,0.8,2.6,2.4,3.8,4.0,11.8,2.2,5.6,52.0,1.2,1.0,1.8,2.4,3.0,0.3333333333333333,2.3333333333333335,,,
KQru0iIE,2024,2025-03-02 15:00:00,,Poli Iasi,Petrolul Ploiesti,1,0,38.0,62.0,9.0,15.0,2.0,4.0,2.0,5.0,5.0,7.0,1,1,0,0,13.0,8.0,2.0,2.0,8.0,13.0,13.0,33.0,4.0,1.0,1124.5831948705188,1219.3134146986258,-30.495430738232926,64.23478908987414,7.0,10.0,4.2,4.4,42.0,0.8,1.6,0.6,2.4,2.0,7.0,11.4,2.2,4.0,50.6,0.4,1.2,0.4,1.6,3.0,1.0,2.0,,,
tKeDoh3L,2024,2025-03-02 20:00:00,,Rapid Bucuresti,FCSB,0,0,58.0,42.0,10.0,10.0,1.0,4.0,5.0,5.0,8.0,2.0,4,6,0,1,18.0,10.0,2.0,3.0,10.0,18.0,16.0,16.0,4.0,1.0,1335.679171327061,1417.380158671645,-16.650537108847857,65.050450235736,6.0,15.6,4.6,6.2,50.0,1.6,1.0,2.0,2.2,2.8,7.0,15.4,7.2,5.2,57.4,1.6,0.4,2.2,1.4,2.2,1.6666666666666667,0.6666666666666666,,,
8G0JPAt2,2024,2025-03-03 17:00:00,,Gloria Buzau,UTA Arad,1,1,54.0,46.0,17.0,14.0,5.0,5.0,5.0,7.0,7.0,3.0,3,3,0,0,15.0,10.0,3.0,1.0,10.0,15.0,26.0,34.0,4.0,4.0,1109.6880606334544,1232.9501980155615,-58.17577156453535,65.08636581757176,10.0,8.4,2.2,2.2,44.6,0.4,1.8,0.0,1.6,4.0,7.0,11.6,3.0,4.0,43.6,0.8,1.2,1.4,1.4,1.4,0.3333333333333333,2.3333333333333335,,,
K474mEY8,2024,2025-03-03 20:00:00,,Dinamo Bucuresti,FC Hermannstadt,2,0,63.0,37.0,11.0,13.0,4.0,5.0,5.0,6.0,6.0,3.0,2,3,0,0,10.0,11.0,1.0,3.0,11.0,10.0,12.0,29.0,5.0,2.0,1264.2986498447447,1250.0113269560927,79.49811055548776,65.21078766683571,8.0,14.6,4.0,6.2,61.8,1.2,1.2,1.4,1.6,2.0,10.0,10.0,2.8,4.2,50.0,1.2,1.0,1.6,2.0,2.4,2.0,1.0,,,
f7uA3QO6,2024,2025-03-07 17:00:00,,Otelul Galati,Poli Iasi,2,3,73.0,27.0,23.0,12.0,11.0,5.0,7.0,3.0,10.0,6.0,1,0,1,1,13.0,4.0,1.0,4.0,4.0,13.0,14.0,10.0,2.0,9.0,1196.8299717062248,1135.4586768153436,127.40419749915804,66.0329026082769,7.0,9.6,2.0,2.0,48.0,0.6,1.0,0.8,2.2,2.8,5.0,10.2,3.8,5.0,41.4,0.8,0.8,1.2,2.4,2.4,1.3333333333333333,1.3333333333333333,,,
QRmg78Ps,2024,2025-03-07 20:00:00,,Farul Constanta,U Cluj,1,1,52.0,48.0,11.0,14.0,5.0,6.0,6.0,5.0,3.0,2.0,1,4,0,0,5.0,19.0,2.0,1.0,19.0,5.0,23.0,28.0,5.0,4.0,1259.5217657544829,1308.6383245839388,15.903018192938134,65.0195770223941,6.0,10.6,1.8,5.4,50.0,0.8,1.0,1.2,2.2,3.2,6.0,15.0,4.4,6.4,59.2,1.2,1.2,1.4,2.6,2.0,0.6666666666666666,1.6666666666666667,,,
SjnmbVnR,2024,2025-03-08 18:00:00,,Petrolul Ploiesti,Sepsi Sf. Gheorghe,1,0,54.0,46.0,15.0,4.0,5.0,3.0,5.0,0.0,5.0,1.0,1,2,0,0,14.0,9.0,3.0,0.0,9.0,14.0,26.0,29.0,3.0,4.0,1208.437932753801,1293.9319975939459,-20.508793287317985,64.98527155282686,6.0,12.4,2.2,3.8,54.4,0.2,1.0,0.4,1.4,3.2,7.0,11.0,3.8,5.2,47.0,1.2,1.6,1.4,1.2,3.6,0.6666666666666666,1.6666666666666667,,,
EmKzkR9D,2024,2025-03-08 20:30:00,,FC Hermannstadt,Rapid Bucuresti,1,0,47.0,53.0,13.0,14.0,6.0,0.0,6.0,7.0,3.0,4.0,1,1,0,0,14.0,8.0,2.0,1.0,8.0,14.0,25.0,28.0,0.0,5.0,1239.0497944035435,1336.158045751538,-31.328759355142665,65.77949199285186,5.0,10.2,3.6,4.4,45.8,1.2,1.4,1.4,2.6,2.0,6.0,15.2,4.2,6.4,52.6,1.4,0.6,2.2,2.4,3.0,0.3333333333333333,2.3333333333333335,,,
CONJh9Al,2024,2025-03-09 15:00:00,,CFR Cluj,Gloria Buzau,6,0,52.0,48.0,21.0,8.0,8.0,2.0,7.0,5.0,3.0,1.0,0,2,0,0,17.0,16.0,0.0,2.0,16.0,17.0,17.0,23.0,2.0,2.0,1411.1028962641203,1111.3470186236405,366.35281549754404,66.5969378570642,8.0,17.4,5.2,4.8,53.6,1.8,0.6,2.2,1.2,2.8,5.0,9.4,2.6,3.0,46.8,0.4,1.6,0.2,2.0,3.8,3.0,0.0,,,
6s7MCU1K,2024,2025-03-09 20:00:00,,FCSB,Univ. Craiova,1,0,42.0,58.0,13.0,10.0,4.0,2.0,4.0,5.0,9.0,8.0,4,5,1,0,15.0,14.0,2.0,0.0,14.0,15.0,20.0,23.0,2.0,3.0,1416.901284247168,1379.3821483252823,104.5137551037526,66.99461918186695,7.0,16.0,7.4,5.2,54.2,1.4,0.2,2.2,1.8,1.8,8.0,14.6,5.8,4.4,51.2,1.4,0.6,2.6,2.4,3.2,1.3333333333333333,1.3333333333333333,,,
Yii15nff,2024,2025-03-10 17:00:00,,FC Botosani,Unirea Slobozia,1,0,57.0,43.0,27.0,7.0,8.0,1.0,8.0,4.0,13.0,1.0,3,1,1,0,9.0,15.0,1.0,2.0,15.0,9.0,29.0,33.0,1.0,7.0,1181.9255070984689,1139.1661321171082,110.28495061838044,67.52557563701966,9.0,10.6,3.8,4.4,48.2,1.2,0.8,1.6,1.4,2.2,10.0,14.6,3.6,4.8,43.8,0.6,1.4,0.2,2.2,4.4,0.0,3.0,,,
KlRRjmu1,2024,2025-03-10 20:00:00,,UTA Arad,Dinamo Bucuresti,0,2,34.0,66.0,14.0,21.0,2.0,7.0,9.0,9.0,3.0,5.0,1,2,0,0,8.0,8.0,2.0,1.0,8.0,8.0,22.0,12.0,5.0,2.0,1231.2912400253754,1275.2601823972939,24.076250299646063,68.04519267156451,7.0,10.8,3.2,4.4,44.4,1.0,1.4,1.4,1.6,2.0,7.0,13.6,3.8,5.6,59.4,1.0,1.0,1.4,1.8,2.6,0.0,3.0,,,
d4aTDTyo,2024,2025-03-14 17:00:00,,Petrolul Ploiesti,FC Botosani,0,2,54.0,46.0,10.0,12.0,2.0,6.0,3.0,5.0,10.0,6.0,2,4,0,0,11.0,7.0,2.0,0.0,7.0,11.0,39.0,34.0,4.0,2.0,1219.0275386208011,1188.8537342257337,97.0849537332665,66.91114933819895,5.0,13.2,3.2,4.6,57.6,0.4,1.0,0.8,1.4,2.6,4.0,12.0,4.2,5.8,49.4,1.0,0.8,1.6,2.0,2.2,2.0,1.0,,,
4pZdu80s,2024,2025-03-14 20:00:00,,Univ. Craiova,U Cluj,3,0,46.0,54.0,16.0,14.0,9.0,5.0,4.0,7.0,4.0,6.0,5,2,0,0,8.0,12.0,0.0,1.0,12.0,8.0,24.0,28.0,5.0,6.0,1372.3027289232464,1309.0957308448353,128.76858442568027,65.56158634726913,5.0,13.6,5.2,5.6,54.8,1.2,0.8,2.0,2.2,2.4,7.0,13.4,4.2,5.2,56.8,1.4,1.2,1.6,2.2,2.0,2.3333333333333335,0.3333333333333333,,,
OAiFyXTi,2024,2025-03-15 18:00:00,,Farul Constanta,Poli Iasi,0,0,68.0,32.0,15.0,8.0,4.0,2.0,9.0,5.0,5.0,0.0,1,0,0,0,5.0,11.0,2.0,0.0,11.0,5.0,23.0,20.0,2.0,4.0,1259.0643594935864,1148.9696846271142,176.49473970893723,66.40006484246518,7.0,10.4,2.6,4.6,49.6,1.0,1.0,1.4,2.0,3.6,8.0,10.8,4.4,5.6,36.8,1.4,1.0,1.8,1.4,4.2,2.3333333333333335,0.3333333333333333,,,
bo7PcGG8,2024,2025-03-15 21:00:00,,CFR Cluj,Dinamo Bucuresti,3,1,40.0,60.0,12.0,9.0,4.0,2.0,3.0,4.0,3.0,6.0,2,1,0,0,10.0,14.0,1.0,2.0,14.0,10.0,17.0,30.0,1.0,1.0,1416.405313928157,1290.3807601755013,192.07333379747092,66.04878004481515,6.0,18.8,6.6,4.8,55.0,2.8,0.6,2.2,1.0,2.8,5.0,14.4,4.6,5.8,61.2,1.2,1.0,1.4,2.0,3.0,2.3333333333333335,0.3333333333333333,,,
KxoOZAb4,2024,2025-03-16 13:00:00,,FC Hermannstadt,Unirea Slobozia,1,1,49.0,51.0,10.0,8.0,2.0,2.0,5.0,3.0,3.0,3.0,0,1,0,0,6.0,13.0,3.0,0.0,13.0,6.0,27.0,22.0,1.0,1.0,1249.9490725930416,1132.2379049898434,184.28747828157407,66.5763106783758,7.0,11.6,4.4,4.2,44.2,1.4,1.2,2.0,2.2,2.0,5.0,13.8,2.8,4.2,46.0,0.4,1.2,0.2,1.2,4.0,2.0,0.5,,,
hjqWXlTG,2024,2025-03-16 18:00:00,,UTA Arad,Otelul Galati,2,0,53.0,47.0,13.0,9.0,3.0,1.0,5.0,5.0,4.0,4.0,1,3,0,0,8.0,24.0,3.0,0.0,24.0,8.0,17.0,20.0,1.0,1.0,1216.170662247168,1183.318963894454,99.06373132822387,66.21203297550996,5.0,11.4,3.4,4.0,41.2,0.8,1.8,0.8,1.8,2.6,9.0,13.0,4.2,3.6,54.0,1.0,1.4,0.8,2.0,2.8,1.6666666666666667,0.6666666666666666,,,
lx99KRP7,2024,2025-03-16 21:00:00,,FCSB,Rapid Bucuresti,3,3,59.0,41.0,18.0,10.0,6.0,4.0,7.0,3.0,13.0,5.0,6,5,0,1,17.0,18.0,5.0,1.0,18.0,17.0,22.0,23.0,1.0,3.0,1423.9807036492039,1325.25876756204,165.700142453107,66.97820636594314,7.0,15.8,7.0,5.8,50.2,1.6,0.2,2.6,2.6,2.2,8.0,12.0,2.0,5.6,49.6,1.0,0.6,1.6,1.8,3.2,0.6666666666666666,1.6666666666666667,,,
ChaXVScT,2024,2025-03-17 20:00:00,,Sepsi Sf. Gheorghe,Gloria Buzau,1,2,60.0,40.0,12.0,7.0,5.0,4.0,5.0,2.0,11.0,1.0,0,3,0,0,16.0,13.0,0.0,6.0,13.0,16.0,43.0,16.0,2.0,4.0,1283.3423917269458,1106.0446009596037,243.94316495173848,66.6453741843964,9.0,8.6,3.6,3.8,47.0,1.0,1.8,0.8,1.4,4.2,8.0,9.8,2.8,2.6,46.6,0.4,2.4,0.2,2.4,3.4,3.0,0.0,,,
nmLEDQt9,2024,2025-03-28 17:30:00,,Unirea Slobozia,Petrolul Ploiesti,0,0,59.0,41.0,14.0,9.0,0.0,2.0,8.0,4.0,12.0,2.0,4,3,1,1,12.0,6.0,0.0,0.0,6.0,12.0,34.0,33.0,2.0,0.0,1137.0949410280548,1201.0333654084034,1.5026637162702627,65.44108809661874,12.0,13.2,2.8,4.4,48.4,0.6,1.2,0.4,1.0,3.0,14.0,13.0,2.6,6.2,57.8,0.2,1.2,0.6,1.8,3.2,0.0,3.0,,,
WvwSkNl2,2024,2025-03-28 20:30:00,,Sepsi Sf. Gheorghe,FC Hermannstadt,0,2,47.0,53.0,17.0,11.0,4.0,9.0,7.0,1.0,9.0,2.0,2,2,0,0,17.0,11.0,0.0,2.0,11.0,17.0,34.0,28.0,7.0,4.0,1267.2852438899104,1245.0920365548302,87.63105169154369,65.43784435646343,11.0,9.6,4.0,5.8,51.6,1.2,1.6,0.8,1.4,3.0,12.0,11.6,4.4,3.8,44.6,1.4,1.2,2.0,1.4,1.4,1.3333333333333333,1.3333333333333333,,,
jJnneIQs,2024,2025-03-29 14:30:00,,FC Botosani,Farul Constanta,4,3,55.0,45.0,25.0,14.0,7.0,6.0,8.0,5.0,6.0,2.0,4,2,0,0,12.0,11.0,0.0,1.0,11.0,12.0,28.0,23.0,3.0,3.0,1206.8479074381314,1254.3805621915858,16.582539314799078,64.11519406825337,14.0,12.4,4.8,6.4,49.2,1.2,0.6,2.0,2.8,2.2,13.0,11.0,3.2,3.8,51.2,0.8,1.0,1.0,1.4,3.8,1.6666666666666667,0.6666666666666666,,,
SOJMZ3UI,2024,2025-03-29 20:00:00,,Rapid Bucuresti,Univ. Craiova,1,2,47.0,53.0,14.0,13.0,5.0,8.0,6.0,4.0,6.0,3.0,3,1,1,0,14.0,13.0,0.0,2.0,13.0,14.0,17.0,22.0,6.0,4.0,1329.6965299826632,1383.482442192527,11.043512726353583,64.82942493621755,12.0,10.6,2.4,5.8,47.8,1.4,1.0,1.6,2.4,3.4,15.0,13.8,5.6,5.6,51.8,1.6,0.8,2.0,3.0,3.0,1.3333333333333333,1.3333333333333333,,,
CYzegdef,2024,2025-03-30 15:00:00,,Poli Iasi,UTA Arad,4,0,27.0,73.0,14.0,24.0,9.0,8.0,3.0,10.0,2.0,7.0,2,3,0,0,20.0,7.0,1.0,1.0,7.0,20.0,14.0,25.0,8.0,5.0,1153.6534819291148,1226.3863074529436,-8.677231900814832,64.0555936230139,14.0,9.4,3.6,4.2,36.0,1.0,0.6,1.8,1.4,5.0,13.0,12.6,3.8,3.4,42.8,1.0,1.0,1.4,1.8,2.4,0.3333333333333333,2.3333333333333335,,,
QaN5wnVg,2024,2025-03-30 20:30:00,,Dinamo Bucuresti,FCSB,1,2,48.0,52.0,8.0,15.0,2.0,5.0,1.0,5.0,4.0,10.0,6,4,0,0,10.0,16.0,1.0,0.0,16.0,10.0,16.0,24.0,3.0,1.0,1283.3470183946927,1419.5429412285807,-70.60287437654938,65.59304845733871,14.0,15.4,4.4,6.8,62.6,1.2,1.4,1.2,1.6,2.8,13.0,15.2,6.0,6.4,49.4,1.6,0.8,2.2,3.6,1.8,0.0,3.0,,,
Kbv3izQ6,2024,2025-03-31 17:30:00,,Gloria Buzau,Otelul Galati,0,2,56.0,44.0,7.0,14.0,2.0,4.0,3.0,4.0,5.0,6.0,4,4,0,0,12.0,26.0,1.0,0.0,26.0,12.0,23.0,27.0,2.0,2.0,1122.1017487966392,1173.1033186886784,13.991823306793776,64.99339319883306,13.0,10.0,3.4,2.2,46.6,0.8,2.4,0.8,2.4,4.2,14.0,12.6,3.8,3.8,53.4,0.8,1.6,0.6,2.0,2.8,0.5,2.0,,,
YPQDyQa6,2024,2025-03-31 20:30:00,,U Cluj,CFR Cluj,1,0,38.0,62.0,4.0,21.0,2.0,8.0,0.0,9.0,4.0,5.0,4,3,0,0,15.0,8.0,3.0,2.0,8.0,15.0,17.0,34.0,8.0,1.0,1297.9160175755546,1423.4390557089657,-61.63299662291206,63.89004151049903,17.0,14.6,4.8,5.8,54.8,1.0,1.4,1.4,2.2,2.4,15.0,17.0,6.2,3.8,52.0,2.6,0.6,2.2,1.4,3.0,2.0,1.0,,,
6VUx4D9C,2024,2025-04-04 17:30:00,,Otelul Galati,Poli Iasi,1,0,50.0,50.0,15.0,10.0,3.0,2.0,9.0,7.0,8.0,1.0,1,0,0,0,10.0,6.0,3.0,1.0,6.0,10.0,28.0,23.0,2.0,2.0,1187.8146745331321,1174.1528797201122,78.43350360036948,64.7717087873495,4.0,13.6,4.0,4.4,52.0,1.0,1.2,1.2,2.2,2.6,5.0,10.0,4.0,3.2,33.4,1.6,0.4,2.2,1.0,5.6,1.0,2.0,,,
GQXBkEfJ,2024,2025-04-04 20:30:00,,Petrolul Ploiesti,Sepsi Sf. Gheorghe,2,1,33.0,67.0,6.0,14.0,4.0,8.0,1.0,4.0,2.0,6.0,2,2,1,0,9.0,12.0,4.0,0.0,12.0,9.0,26.0,35.0,7.0,2.0,1201.076615277141,1249.6499067137763,16.781923794834483,65.35521523146974,7.0,11.6,2.8,5.4,52.2,0.2,1.0,0.8,1.8,2.6,7.0,10.4,4.2,6.2,49.0,0.8,1.4,0.8,1.6,4.4,1.3333333333333333,1.3333333333333333,,,
pGtU5Zv0,2024,2025-04-05 16:45:00,,UTA Arad,FC Botosani,1,0,42.0,58.0,11.0,7.0,4.0,1.0,5.0,6.0,7.0,2.0,4,1,0,0,18.0,18.0,2.0,0.0,18.0,18.0,27.0,24.0,1.0,3.0,1205.8869096619462,1216.3709856776536,55.584940668505396,66.06901668421281,6.0,15.8,4.6,4.0,51.2,0.8,1.8,0.8,1.8,3.2,7.0,16.8,5.8,7.0,49.2,2.0,1.0,2.6,2.8,2.8,2.0,1.0,,,
KI68c7MP,2024,2025-04-05 21:15:00,,FCSB,U Cluj,1,0,54.0,46.0,12.0,3.0,3.0,2.0,4.0,1.0,3.0,0.0,1,2,0,0,9.0,10.0,3.0,0.0,10.0,9.0,30.0,30.0,2.0,2.0,1427.5383446753226,1309.671581266894,184.56680371640505,66.70004030797654,6.0,13.6,5.2,7.6,48.0,1.6,1.0,2.2,4.2,1.6,5.0,10.6,3.8,4.6,49.6,0.6,1.0,1.4,2.4,4.0,1.6666666666666667,0.6666666666666666,,,
8KKcDHnQ,2024,2025-04-06 13:30:00,,FC Hermannstadt,Gloria Buzau,0,2,60.0,40.0,18.0,5.0,6.0,3.0,8.0,1.0,7.0,0.0,2,3,0,0,11.0,13.0,5.0,1.0,13.0,11.0,26.0,10.0,1.0,6.0,1262.7273737309642,1107.3903929521855,222.42228283741792,67.08530205863907,8.0,12.2,5.6,3.8,47.2,1.2,0.8,2.0,1.4,2.0,5.0,10.0,3.4,2.8,49.6,0.8,2.4,0.8,2.8,3.2,1.5,1.5,,,
nTjmjPEa,2024,2025-04-06 21:00:00,,Rapid Bucuresti,Dinamo Bucuresti,1,0,39.0,61.0,14.0,11.0,5.0,5.0,6.0,6.0,8.0,3.0,4,2,0,0,12.0,6.0,0.0,2.0,6.0,12.0,17.0,33.0,5.0,4.0,1319.378779139948,1275.3516149479508,109.45250762564592,65.42534343364878,8.0,12.2,3.2,5.8,48.2,1.4,1.4,1.0,2.8,4.2,7.0,12.0,3.8,5.0,58.4,1.4,1.4,1.2,2.6,3.2,1.6666666666666667,0.6666666666666666,,,
xjwM7eAm,2024,2025-04-07 17:30:00,,Farul Constanta,Unirea Slobozia,1,1,49.0,51.0,14.0,13.0,6.0,3.0,5.0,7.0,6.0,2.0,0,3,0,0,9.0,21.0,2.0,1.0,21.0,9.0,23.0,41.0,2.0,5.0,1244.8574839520634,1137.0516911593172,173.75238187056584,65.94658907781958,9.0,12.2,3.8,3.2,54.0,1.0,1.8,0.4,1.4,3.4,10.0,14.2,2.4,5.8,53.0,0.2,0.6,0.6,1.6,2.6,1.5,1.5,,,
v3muhopm,2024,2025-04-07 20:30:00,,CFR Cluj,Univ. Craiova,2,0,36.0,64.0,11.0,6.0,6.0,2.0,2.0,3.0,5.0,5.0,4,3,0,1,18.0,18.0,1.0,1.0,18.0,18.0,19.0,19.0,2.0,4.0,1411.6834920176263,1393.8001930352423,83.4832414735863,65.5999424912023,7.0,17.8,6.6,4.0,52.4,2.4,0.6,2.0,1.4,2.0,9.0,13.8,6.2,5.2,52.6,1.6,0.8,2.0,2.6,3.4,2.0,1.0,,,
URpI0aKH,2024,2025-04-11 17:30:00,,Gloria Buzau,Poli Iasi,0,1,63.0,37.0,18.0,19.0,3.0,8.0,5.0,7.0,5.0,3.0,1,1,0,0,8.0,15.0,3.0,2.0,15.0,8.0,38.0,29.0,7.0,3.0,1129.5231746187228,1166.3727937985088,29.560917933824385,66.41053711361036,5.0,8.8,3.2,2.8,47.6,1.0,2.0,1.4,3.0,3.6,7.0,10.6,4.0,2.8,34.8,1.6,0.6,2.0,0.6,5.4,3.0,0.0,,,
hMkg63jt,2024,2025-04-11 20:30:00,,FC Hermannstadt,Petrolul Ploiesti,1,1,54.0,46.0,26.0,8.0,4.0,3.0,10.0,5.0,12.0,3.0,2,6,0,0,5.0,12.0,2.0,1.0,12.0,5.0,19.0,16.0,2.0,3.0,1240.594592064427,1210.5939679803819,95.59750236448986,65.59687828044473,5.0,13.0,5.6,3.6,49.2,0.8,1.0,1.4,1.6,1.6,7.0,11.0,3.4,5.2,48.8,0.6,0.8,1.4,1.8,3.0,1.3333333333333333,1.3333333333333333,,,
EeYp2ivP,2024,2025-04-12 17:00:00,,Sepsi Sf. Gheorghe,Farul Constanta,1,4,46.0,54.0,12.0,18.0,3.0,9.0,6.0,5.0,8.0,6.0,3,3,0,0,17.0,12.0,4.0,0.0,12.0,17.0,26.0,14.0,5.0,2.0,1240.1325540105354,1240.2355294638328,65.29259383748285,65.39556929078019,7.0,12.0,5.2,6.4,52.4,0.6,1.6,0.2,1.2,4.0,4.0,11.4,4.2,3.8,52.2,1.0,1.4,0.6,1.4,3.2,2.0,1.0,,,
faw4nsEO,2024,2025-04-12 20:00:00,,U Cluj,Dinamo Bucuresti,2,4,51.0,49.0,8.0,6.0,5.0,6.0,3.0,0.0,5.0,0.0,1,0,0,0,12.0,5.0,1.0,1.0,5.0,12.0,26.0,30.0,2.0,3.0,1304.5347579247268,1268.4016730256735,99.9883253607959,63.85524046174266,6.0,9.4,3.6,4.2,49.0,0.4,1.2,0.8,2.6,4.0,5.0,12.0,4.0,4.8,59.6,1.2,1.2,1.2,2.6,3.0,1.6666666666666667,0.6666666666666666,,,
QZm14sLh,2024,2025-04-13 18:15:00,,Unirea Slobozia,UTA Arad,2,1,52.0,48.0,11.0,10.0,4.0,2.0,4.0,6.0,7.0,3.0,5,3,1,0,20.0,12.0,0.0,0.0,12.0,20.0,39.0,31.0,1.0,2.0,1141.6736456475478,1214.300557978796,-10.129421930664876,62.49749040058326,6.0,14.0,2.4,5.6,51.8,0.4,0.8,0.6,2.0,3.2,8.0,15.2,4.4,4.8,49.6,0.8,1.4,1.4,2.4,3.2,1.5,1.5,,,
8rudl3qC,2024,2025-04-13 21:00:00,,Univ. Craiova,FCSB,0,0,47.0,53.0,13.0,12.0,8.0,1.0,2.0,9.0,7.0,4.0,2,3,0,0,19.0,23.0,1.0,0.0,23.0,19.0,17.0,27.0,1.0,8.0,1382.992264736468,1432.6751680174898,13.586447041184329,63.26935032220612,6.0,12.8,5.2,5.8,54.8,1.2,0.8,1.8,3.0,3.2,7.0,13.6,4.4,7.4,49.8,1.4,0.8,2.2,4.2,1.4,1.3333333333333333,1.3333333333333333,,,
M1sA2Lk5,2024,2025-04-14 17:30:00,,FC Botosani,Otelul Galati,0,1,55.0,45.0,12.0,5.0,4.0,1.0,7.0,3.0,6.0,2.0,3,6,1,0,12.0,19.0,3.0,3.0,19.0,12.0,34.0,22.0,0.0,4.0,1207.9573373608039,1195.5947604547355,75.60261346539392,63.24003655932547,9.0,15.4,4.6,6.6,51.4,1.6,0.8,2.4,2.8,2.4,10.0,14.6,4.2,5.8,51.8,1.2,1.0,1.8,2.4,2.6,0.3333333333333333,2.3333333333333335,,,
YP8E6pat,2024,2025-04-14 20:30:00,,CFR Cluj,Rapid Bucuresti,1,1,45.0,55.0,14.0,5.0,7.0,3.0,4.0,1.0,3.0,4.0,1,4,0,0,8.0,15.0,6.0,2.0,15.0,8.0,26.0,25.0,2.0,6.0,1422.4914203164005,1326.3287210622252,158.49206247426378,62.329363220088496,7.0,17.0,6.4,3.4,49.6,2.4,0.6,2.0,2.0,2.2,7.0,12.4,3.0,6.2,47.6,1.0,1.2,1.0,3.4,4.6,1.6666666666666667,0.6666666666666666,,,
lx1iFbZA,2024,2025-04-18 17:00:00,,Otelul Galati,Unirea Slobozia,2,0,52.0,48.0,14.0,3.0,4.0,0.0,6.0,1.0,7.0,7.0,2,1,0,0,13.0,15.0,2.0,1.0,15.0,13.0,26.0,23.0,0.0,2.0,1207.7370716445619,1151.965111269186,117.781101268969,62.009140893593134,3.0,13.2,4.0,6.0,51.8,1.2,1.0,1.8,3.0,2.2,4.0,10.6,2.0,5.0,51.2,0.8,0.8,1.2,2.8,3.2,1.5,1.5,,,
jsZQbwkU,2024,2025-04-18 20:00:00,,UTA Arad,Sepsi Sf. Gheorghe,1,1,50.0,50.0,12.0,18.0,3.0,4.0,4.0,6.0,6.0,7.0,0,1,0,0,8.0,14.0,1.0,1.0,14.0,8.0,29.0,29.0,3.0,2.0,1204.0090923571577,1219.5948362900351,47.13766093207255,62.72340486495007,5.0,14.4,3.8,4.8,50.0,0.8,1.6,1.2,2.4,2.8,6.0,11.8,4.6,7.0,53.2,0.6,2.2,0.0,1.8,4.0,1.0,2.0,,,
Kd9zJtzn,2024,2025-04-19 15:00:00,,Farul Constanta,FC Hermannstadt,1,1,56.0,44.0,11.0,10.0,5.0,3.0,4.0,5.0,4.0,3.0,2,1,0,0,19.0,11.0,1.0,3.0,11.0,19.0,24.0,29.0,2.0,4.0,1260.773247184333,1237.910472202233,85.48504480349357,62.622269821393424,6.0,14.4,6.0,4.4,53.6,1.8,1.4,1.2,1.4,2.8,7.0,15.6,5.4,5.4,52.6,1.0,0.8,1.6,1.4,1.6,1.6666666666666667,0.6666666666666666,,,
fDIx1tTH,2024,2025-04-19 20:00:00,,Rapid Bucuresti,U Cluj,0,2,48.0,52.0,16.0,9.0,5.0,3.0,5.0,4.0,10.0,3.0,1,0,0,0,7.0,13.0,0.0,3.0,13.0,7.0,28.0,32.0,1.0,5.0,1330.5983520821633,1286.4314237759347,106.60829961802779,62.44137131179915,4.0,11.4,3.4,5.4,47.0,1.2,1.4,1.0,3.4,5.0,7.0,8.6,4.0,3.4,47.4,0.8,1.8,0.8,2.6,4.4,0.0,3.0,,,
p4f0Dx4N,2024,2025-04-20 17:00:00,,Poli Iasi,FC Botosani,3,0,32.0,68.0,8.0,27.0,5.0,9.0,2.0,11.0,2.0,7.0,0,2,0,0,8.0,8.0,3.0,0.0,8.0,8.0,24.0,19.0,9.0,2.0,1177.2215782407172,1195.8150261709775,42.47165034842283,61.06509827868315,8.0,12.6,5.2,2.4,34.6,1.6,0.6,2.0,0.6,5.2,5.0,16.6,5.2,6.6,54.2,1.4,1.0,1.8,3.0,1.8,1.3333333333333333,1.3333333333333333,,,
6w7M4OTh,2024,2025-04-20 20:00:00,,FCSB,CFR Cluj,3,2,45.0,55.0,6.0,17.0,4.0,7.0,2.0,2.0,2.0,7.0,4,3,1,0,15.0,9.0,0.0,2.0,9.0,15.0,15.0,27.0,5.0,1.0,1433.0660181892317,1418.2217892964625,77.05035295305333,62.206124060283976,6.0,14.0,3.8,7.8,52.0,1.4,0.8,2.2,3.6,2.8,5.0,15.8,6.6,3.8,47.0,2.4,0.6,2.0,2.0,1.6,0.6666666666666666,1.6666666666666667,,,
GO2qHK4b,2024,2025-04-21 18:00:00,,Petrolul Ploiesti,Gloria Buzau,4,0,43.0,57.0,24.0,8.0,13.0,2.0,4.0,3.0,9.0,4.0,2,5,0,0,10.0,13.0,0.0,1.0,13.0,10.0,19.0,21.0,2.0,9.0,1213.2780878425758,1118.6743901765144,157.39616929766453,62.79247163160317,9.0,9.6,3.2,4.4,45.6,0.8,0.8,1.6,2.8,3.4,10.0,9.0,2.8,2.4,49.4,0.8,2.0,1.2,2.6,4.2,2.0,0.5,,,
250V22b5,2024,2025-04-21 21:00:00,,Dinamo Bucuresti,Univ. Craiova,0,2,45.0,55.0,12.0,11.0,2.0,7.0,6.0,0.0,8.0,5.0,2,1,0,0,12.0,15.0,1.0,1.0,15.0,12.0,27.0,20.0,5.0,2.0,1286.5050071744656,1382.6014145647262,-32.44050636943507,63.6559010208255,9.0,11.0,4.4,3.6,56.8,1.6,1.6,1.2,2.2,2.6,8.0,11.6,5.8,5.4,53.6,1.0,0.8,1.4,3.2,3.4,1.3333333333333333,1.3333333333333333,,,
pIZYRyJG,2024,2025-04-25 18:45:00,,Unirea Slobozia,Poli Iasi,1,1,52.0,48.0,13.0,18.0,2.0,7.0,8.0,6.0,6.0,6.0,1,6,1,1,13.0,17.0,1.0,2.0,17.0,13.0,20.0,19.0,6.0,1.0,1142.4415916510936,1192.435255328728,12.700325569783672,62.69398924741802,7.0,9.8,1.8,6.2,52.2,0.8,1.0,1.2,2.8,2.2,5.0,11.8,5.2,1.6,35.6,1.6,0.2,2.0,0.6,5.2,0.5,2.0,,,
0UaV7GRp,2024,2025-04-25 21:00:00,,Sepsi Sf. Gheorghe,Otelul Galati,0,3,51.0,49.0,8.0,11.0,1.0,5.0,5.0,3.0,5.0,5.0,3,1,0,0,12.0,21.0,0.0,1.0,21.0,12.0,27.0,34.0,2.0,1.0,1220.943303537457,1217.2605912626543,66.3492978704287,62.66658559562606,7.0,14.6,4.8,8.2,54.0,0.8,2.2,0.2,1.6,3.6,7.0,11.4,2.6,5.4,47.6,1.2,0.4,2.4,3.2,1.8,2.0,1.0,,,
tQxIVJJi,2024,2025-04-26 17:00:00,,FC Hermannstadt,UTA Arad,3,0,48.0,52.0,17.0,10.0,6.0,7.0,7.0,2.0,6.0,6.0,0,3,0,0,8.0,12.0,0.0,2.0,12.0,8.0,26.0,26.0,7.0,3.0,1240.3224523301567,1202.6606251097357,98.78427152116069,61.12244430073969,7.0,15.0,4.8,5.4,52.0,1.0,1.0,1.2,1.4,2.4,7.0,14.0,4.0,5.4,53.2,1.0,1.4,1.4,2.2,2.4,1.6666666666666667,0.6666666666666666,,,
2Ju4H1Db,2024,2025-04-26 20:00:00,,U Cluj,Univ. Craiova,2,1,53.0,47.0,13.0,6.0,3.0,2.0,7.0,2.0,10.0,5.0,7,4,0,0,21.0,9.0,1.0,3.0,9.0,21.0,29.0,32.0,1.0,1.0,1304.781730884148,1395.426904876826,-28.58339821131426,62.06177578136384,7.0,7.6,3.4,3.6,48.2,1.0,1.6,1.2,1.8,4.6,4.0,11.8,6.8,4.8,53.0,1.4,0.6,2.0,2.4,3.2,0.3333333333333333,2.3333333333333335,,,
G4d69T2k,2024,2025-04-27 14:30:00,,Gloria Buzau,FC Botosani,0,2,35.0,65.0,7.0,19.0,2.0,7.0,2.0,10.0,4.0,4.0,2,3,0,0,17.0,15.0,5.0,3.0,15.0,17.0,31.0,23.0,5.0,2.0,1107.1619983202168,1180.6013490829666,-10.56601158681292,62.873339175937076,5.0,9.0,2.8,3.0,51.2,0.8,1.6,1.2,3.2,5.6,6.0,16.6,5.4,5.4,56.4,1.2,1.6,1.2,2.8,2.0,0.5,2.0,,,
GS6oaKcU,2024,2025-04-27 21:00:00,,Rapid Bucuresti,FCSB,1,2,58.0,42.0,19.0,13.0,3.0,7.0,7.0,3.0,4.0,3.0,4,3,0,0,20.0,16.0,0.0,6.0,16.0,20.0,18.0,20.0,5.0,2.0,1312.24804497395,1440.883985806821,-66.79101558084517,61.84492525202582,8.0,11.8,4.4,6.6,46.0,1.2,1.6,1.0,3.4,4.2,7.0,12.6,3.8,6.4,52.6,1.8,1.2,2.2,3.6,3.4,1.0,1.0,,,
ljtQTcl4,2024,2025-04-28 18:00:00,,Petrolul Ploiesti,Farul Constanta,0,1,50.0,50.0,16.0,14.0,4.0,6.0,9.0,6.0,4.0,5.0,2,1,0,0,12.0,7.0,2.0,0.0,7.0,12.0,25.0,24.0,5.0,4.0,1224.7904796988735,1258.3612670564094,27.666567644263523,61.23735500179951,7.0,11.4,4.8,5.2,43.4,1.4,0.8,1.6,3.0,3.2,9.0,14.4,6.0,4.6,54.4,1.8,1.4,1.2,1.6,2.2,0.3333333333333333,2.3333333333333335,,,
6ineJNrn,2024,2025-04-28 21:00:00,,Dinamo Bucuresti,CFR Cluj,1,1,64.0,36.0,16.0,8.0,4.0,1.0,7.0,5.0,6.0,3.0,3,1,0,0,12.0,9.0,1.0,7.0,9.0,12.0,21.0,23.0,0.0,3.0,1273.6795168623657,1410.403821678873,-76.2965469852445,60.427757831262895,7.0,9.2,3.4,4.2,52.6,1.2,2.0,0.6,2.2,3.2,8.0,15.0,6.4,4.6,47.6,1.6,1.2,1.4,2.6,1.4,0.3333333333333333,2.3333333333333335,,,
z7C777X1,2024,2025-05-02 17:30:00,,Poli Iasi,Sepsi Sf. Gheorghe,0,0,46.0,54.0,10.0,7.0,0.0,2.0,7.0,4.0,1.0,3.0,1,4,0,0,12.0,12.0,2.0,4.0,12.0,12.0,26.0,21.0,2.0,0.0,1192.800637352621,1200.354752938972,53.035744197322174,60.58985978367327,6.0,13.8,6.2,2.8,38.8,1.8,0.4,2.0,1.8,4.6,6.0,13.8,4.0,7.0,52.2,0.6,2.4,0.2,2.2,3.6,0.0,3.0,,,
QHpq8czo,2024,2025-05-02 20:30:00,,Univ. Craiova,Rapid Bucuresti,1,2,64.0,36.0,11.0,8.0,4.0,3.0,4.0,4.0,10.0,2.0,1,1,0,0,12.0,12.0,1.0,0.0,12.0,12.0,30.0,15.0,1.0,3.0,1384.6060596158495,1304.1471083042659,140.9352052758643,60.47625396428055,6.0,9.8,5.4,5.0,53.2,1.0,1.0,1.4,2.2,2.4,4.0,13.6,4.2,6.4,49.4,0.8,1.4,0.8,3.2,4.6,1.3333333333333333,1.3333333333333333,,,
lAxsM6ne,2024,2025-05-03 13:45:00,,FC Botosani,Unirea Slobozia,1,1,55.0,45.0,21.0,7.0,11.0,5.0,5.0,2.0,5.0,6.0,1,1,0,0,13.0,18.0,0.0,5.0,18.0,13.0,34.0,16.0,4.0,10.0,1194.3135347351167,1142.0762096272008,111.6750031380916,59.437678030175746,5.0,18.0,5.6,5.0,60.2,1.2,1.6,1.2,2.6,2.0,7.0,10.8,1.8,6.8,52.4,0.8,1.0,1.2,2.8,3.2,1.5,1.5,,,
fBqYNSHr,2024,2025-05-03 18:15:00,,Farul Constanta,Gloria Buzau,1,0,59.0,41.0,8.0,8.0,2.0,2.0,6.0,1.0,3.0,6.0,2,3,0,0,10.0,4.0,4.0,1.0,4.0,10.0,29.0,25.0,2.0,1.0,1269.1558959968975,1093.4498126680667,234.91066421098344,59.20458088215262,5.0,14.2,6.4,4.6,50.8,2.0,1.4,1.6,1.6,2.6,6.0,9.0,2.4,3.6,50.2,0.4,1.8,0.6,3.0,5.8,1.5,1.5,,,
fZgDDJCN,2024,2025-05-03 21:00:00,,CFR Cluj,U Cluj,1,0,35.0,65.0,9.0,8.0,1.0,2.0,4.0,3.0,6.0,4.0,5,6,0,0,8.0,13.0,4.0,0.0,13.0,8.0,32.0,29.0,2.0,0.0,1408.2424623134016,1315.6025761451244,152.15272010392323,59.512833935646114,5.0,14.2,5.8,4.6,46.8,1.2,1.2,1.0,2.4,1.8,7.0,7.4,3.0,4.4,48.0,1.4,1.2,1.8,2.8,3.6,0.0,3.0,,,
2D4gVAP8,2024,2025-05-04 20:45:00,,Otelul Galati,FC Hermannstadt,1,2,57.0,43.0,18.0,8.0,11.0,3.0,5.0,1.0,9.0,2.0,0,2,0,0,10.0,9.0,0.0,1.0,9.0,10.0,32.0,20.0,1.0,10.0,1237.8491418611393,1252.8468720718122,44.95615790337024,59.95388811404309,8.0,11.8,3.4,5.6,48.0,1.8,0.0,3.0,2.8,1.8,8.0,16.4,5.6,6.0,51.8,1.4,0.8,1.6,1.4,3.6,2.0,1.0,,,
OSh2TlfL,2024,2025-05-05 17:30:00,,UTA Arad,Petrolul Ploiesti,2,0,48.0,52.0,14.0,10.0,3.0,2.0,9.0,4.0,7.0,4.0,1,4,0,0,10.0,11.0,2.0,2.0,11.0,10.0,21.0,23.0,2.0,1.0,1190.1362053680803,1213.9958507583854,35.2477350606016,59.107380450906604,9.0,13.4,4.8,5.8,53.0,0.6,2.0,0.8,2.6,2.8,6.0,12.6,5.2,4.0,42.6,1.4,0.6,1.6,3.0,3.4,2.3333333333333335,0.3333333333333333,,,
zXwCFurB,2024,2025-05-05 20:30:00,,FCSB,Dinamo Bucuresti,3,1,48.0,52.0,8.0,10.0,4.0,3.0,2.0,3.0,2.0,7.0,0,5,0,0,18.0,10.0,2.0,2.0,10.0,18.0,15.0,13.0,2.0,1.0,1448.9849224765053,1275.8408762278373,233.20484934725027,60.060803098582355,7.0,11.6,4.0,4.4,49.2,1.6,0.8,2.6,3.0,3.6,6.0,10.6,3.8,4.2,53.4,1.2,1.6,0.8,2.6,3.0,3.0,0.0,,,
2eBNYqW0,2024,2025-05-09 18:00:00,,Gloria Buzau,Unirea Slobozia,0,3,42.0,58.0,4.0,24.0,0.0,7.0,2.0,9.0,2.0,7.0,3,1,0,0,13.0,14.0,1.0,3.0,14.0,13.0,30.0,35.0,4.0,0.0,1089.33977195482,1145.1841716008425,4.65574990717505,60.50014955319768,5.0,9.2,2.4,3.8,47.2,0.4,1.6,0.6,2.8,5.6,6.0,9.4,2.8,5.6,49.6,1.0,1.2,1.2,2.2,4.8,1.5,1.5,,,
MNzkKpH7,2024,2025-05-09 21:00:00,,Sepsi Sf. Gheorghe,FC Botosani,2,0,47.0,53.0,8.0,8.0,4.0,1.0,3.0,5.0,6.0,3.0,2,4,0,0,13.0,10.0,4.0,0.0,10.0,13.0,35.0,33.0,1.0,2.0,1201.8694971975415,1191.205572761475,69.84762939211805,59.183704956051564,7.0,11.8,3.6,5.8,53.6,0.6,2.0,0.4,2.6,2.2,6.0,17.2,6.4,4.8,60.2,0.6,1.2,0.8,2.0,2.2,2.3333333333333335,0.3333333333333333,,,
UTcGz61l,2024,2025-05-10 15:00:00,,Farul Constanta,UTA Arad,1,2,69.0,31.0,15.0,13.0,6.0,6.0,5.0,6.0,3.0,1.0,2,2,0,1,8.0,12.0,0.0,1.0,12.0,8.0,24.0,17.0,4.0,5.0,1273.2659367101442,1202.8485073370903,130.45138887108328,60.03395949802948,6.0,13.0,5.6,4.8,53.6,1.6,0.6,2.2,1.6,2.4,4.0,11.4,3.8,5.8,48.0,1.0,1.2,1.4,2.2,2.2,1.0,1.0,,,
xWIyrl9E,2024,2025-05-10 17:30:00,,FC Hermannstadt,Poli Iasi,1,0,54.0,46.0,13.0,16.0,9.0,7.0,3.0,2.0,4.0,7.0,1,2,0,0,8.0,11.0,1.0,2.0,11.0,8.0,17.0,23.0,7.0,8.0,1264.133640913632,1191.2858930940515,131.86263255967128,59.01488474009083,5.0,15.8,4.4,6.0,49.8,1.4,1.0,1.6,1.4,4.8,8.0,13.0,4.4,2.6,42.6,1.0,0.4,1.6,1.6,3.4,2.0,1.0,,,
EwRwUvc4,2024,2025-05-10 20:30:00,,Univ. Craiova,CFR Cluj,2,2,62.0,38.0,9.0,11.0,4.0,4.0,2.0,5.0,6.0,2.0,1,4,0,0,11.0,19.0,1.0,0.0,19.0,11.0,21.0,21.0,2.0,2.0,1370.758380494452,1414.123184692028,16.128355361159265,59.49315955873523,8.0,9.4,4.6,6.4,55.4,0.8,1.2,0.8,2.2,1.8,6.0,11.8,4.4,4.8,41.4,1.4,1.0,1.6,2.8,2.0,1.0,2.0,,,
6DNVV0Si,2024,2025-05-11 20:30:00,,U Cluj,FCSB,0,2,43.0,57.0,14.0,11.0,3.0,6.0,9.0,3.0,5.0,4.0,0,3,0,0,12.0,10.0,1.0,3.0,10.0,12.0,18.0,23.0,4.0,3.0,1309.721853766498,1454.8428752047096,-85.66265274624493,59.45836869196665,7.0,8.2,3.0,4.4,53.4,1.2,1.4,1.2,3.2,2.0,6.0,10.2,3.8,2.8,48.4,1.8,0.8,2.6,2.2,3.8,0.3333333333333333,2.3333333333333335,,,
pdMqtSwR,2024,2025-05-12 18:00:00,,Petrolul Ploiesti,Otelul Galati,1,3,47.0,53.0,11.0,16.0,1.0,4.0,5.0,7.0,4.0,7.0,3,3,0,0,11.0,11.0,1.0,4.0,11.0,11.0,12.0,26.0,1.0,0.0,1201.2835487893753,1226.5623730193195,33.375224015318054,58.65404824526215,7.0,12.8,5.2,4.4,44.8,1.4,1.0,1.4,3.2,3.6,7.0,12.6,4.8,6.2,50.6,1.6,0.4,2.4,2.0,1.6,1.6666666666666667,0.6666666666666666,,,
8xKnSIRG,2024,2025-05-12 21:00:00,,Dinamo Bucuresti,Rapid Bucuresti,0,0,61.0,39.0,27.0,9.0,6.0,1.0,16.0,3.0,4.0,3.0,2,3,0,0,10.0,17.0,2.0,2.0,17.0,10.0,17.0,23.0,1.0,6.0,1269.982923499633,1317.9947874256634,9.479947668262867,57.49181159429333,7.0,11.0,4.0,4.8,54.2,1.2,1.8,0.8,2.4,2.6,10.0,12.4,3.8,5.6,47.2,1.0,1.2,1.4,2.8,4.0,0.6666666666666666,1.6666666666666667,,,
Gbycmqof,2024,2025-05-16 18:00:00,,Otelul Galati,Farul Constanta,0,0,48.0,52.0,10.0,7.0,2.0,1.0,4.0,4.0,6.0,5.0,2,2,0,0,14.0,13.0,0.0,0.0,13.0,14.0,22.0,29.0,1.0,2.0,1242.058861698904,1259.678273270962,39.85194098717034,57.47135255922845,4.0,12.8,5.0,6.0,51.2,2.0,0.6,2.4,2.4,1.2,6.0,13.2,5.6,4.2,57.6,1.6,0.8,2.0,2.0,2.8,1.6666666666666667,0.6666666666666666,,,
zizT7lt2,2024,2025-05-16 21:00:00,,Dinamo Bucuresti,U Cluj,1,3,60.0,40.0,19.0,17.0,6.0,7.0,8.0,6.0,8.0,8.0,1,3,0,1,9.0,12.0,2.0,1.0,12.0,9.0,17.0,21.0,4.0,5.0,1269.7101363654347,1298.9975811437714,28.098255757499828,57.38570053583655,4.0,14.2,4.2,5.0,54.2,1.2,1.6,1.0,2.4,2.0,5.0,10.4,3.2,5.4,52.8,1.2,1.6,1.2,2.8,2.4,1.3333333333333333,1.3333333333333333,,,
xEP5oNF6,2024,2025-05-17 14:00:00,,UTA Arad,Gloria Buzau,0,0,53.0,47.0,15.0,10.0,4.0,1.0,7.0,5.0,6.0,6.0,1,1,0,0,9.0,13.0,3.0,1.0,13.0,9.0,26.0,24.0,1.0,4.0,1216.4361707762723,1071.787177326205,200.8884412702862,56.23944782021883,6.0,11.8,4.2,4.6,45.8,1.2,1.4,1.4,1.8,3.0,7.0,9.0,1.8,4.2,47.6,0.0,2.2,0.0,2.8,5.2,2.3333333333333335,0.3333333333333333,,,
vPtK9ABk,2024,2025-05-17 20:00:00,,FCSB,Univ. Craiova,1,0,52.0,48.0,5.0,16.0,2.0,3.0,3.0,5.0,4.0,6.0,5,3,0,0,13.0,7.0,3.0,2.0,7.0,13.0,17.0,17.0,3.0,1.0,1465.5671478274362,1370.294502270871,151.1210745717358,55.848429015170495,5.0,10.0,4.4,3.0,49.0,2.0,0.8,2.6,2.6,4.0,6.0,10.0,5.0,6.6,55.0,1.2,1.2,1.0,1.8,1.4,1.6666666666666667,0.6666666666666666,,,
jHiIfRhK,2024,2025-05-18 16:00:00,,FC Botosani,FC Hermannstadt,2,1,48.0,52.0,14.0,9.0,9.0,3.0,3.0,2.0,2.0,3.0,2,0,0,0,16.0,12.0,2.0,5.0,12.0,16.0,27.0,32.0,2.0,7.0,1179.8688455351028,1270.5106384955575,-34.350458406899634,56.291334553555146,8.0,17.4,6.4,5.0,59.2,0.6,1.4,0.8,2.6,2.0,7.0,14.8,5.0,5.4,48.6,1.6,0.6,2.2,1.2,6.0,0.3333333333333333,2.3333333333333335,,,
A1Ylk5Gs,2024,2025-05-18 16:00:00,,Poli Iasi,Petrolul Ploiesti,0,2,62.0,38.0,18.0,6.0,5.0,3.0,9.0,2.0,5.0,1.0,2,4,0,0,8.0,14.0,1.0,3.0,14.0,8.0,40.0,22.0,1.0,5.0,1184.908895512126,1185.7870601097911,56.23708071208512,57.11524530975019,7.0,14.2,5.4,3.8,41.8,1.0,0.4,1.6,2.0,4.6,5.0,13.8,4.6,4.8,47.6,1.2,1.4,0.8,3.4,2.4,2.0,1.0,,,
bN4WWN0D,2024,2025-05-18 16:00:00,,Unirea Slobozia,Sepsi Sf. Gheorghe,2,1,51.0,49.0,12.0,11.0,6.0,3.0,4.0,8.0,6.0,2.0,3,5,0,0,14.0,16.0,1.0,2.0,16.0,14.0,24.0,27.0,2.0,4.0,1162.7367662294575,1213.2062244239137,5.414928749421961,55.88438694387809,8.0,11.6,3.6,6.6,51.0,1.4,1.0,1.6,1.8,3.8,8.0,10.6,2.8,5.8,49.6,0.8,1.6,1.0,2.6,2.0,3.0,0.0,,,
2cSEViY8,2024,2025-05-19 20:30:00,,Rapid Bucuresti,CFR Cluj,1,4,61.0,39.0,14.0,16.0,7.0,7.0,5.0,5.0,3.0,3.0,2,0,0,0,9.0,6.0,0.0,2.0,6.0,9.0,15.0,10.0,3.0,6.0,1318.2675745598617,1414.587062915609,-39.696789528845784,56.62269882690166,6.0,11.4,3.0,4.6,47.2,0.8,1.2,1.0,2.6,4.2,9.0,11.8,4.0,4.2,41.8,1.4,1.4,1.2,2.8,2.0,1.0,1.0,,,
OCGNTV2L,2024,2025-05-23 20:30:00,,CFR Cluj,FCSB,1,1,43.0,57.0,22.0,10.0,8.0,4.0,6.0,4.0,8.0,2.0,2,3,1,0,10.0,14.0,3.0,3.0,14.0,10.0,15.0,9.0,3.0,7.0,1429.937156429161,1471.4725550058981,13.936043236648175,55.471441813385276,4.0,12.2,4.0,4.2,40.6,2.0,1.4,1.6,2.6,2.8,6.0,8.6,4.6,3.0,48.8,2.2,0.8,3.0,3.0,3.0,0.6666666666666666,1.6666666666666667,,,
GOA1Mmee,2024,2025-05-24 18:00:00,,U Cluj,Rapid Bucuresti,2,2,53.0,47.0,16.0,16.0,6.0,5.0,5.0,7.0,9.0,4.0,1,3,0,0,12.0,8.0,0.0,3.0,8.0,12.0,17.0,23.0,3.0,4.0,1314.280950685341,1302.9174810463098,66.8048442082254,55.44137456919432,7.0,12.2,3.6,6.0,50.6,1.4,1.0,1.8,3.2,3.0,4.0,13.2,3.8,4.4,48.4,0.8,1.8,0.8,2.2,3.6,3.0,0.0,,,
KdHhO9Qr,2024,2025-05-24 21:00:00,,Univ. Craiova,Dinamo Bucuresti,2,1,52.0,48.0,17.0,6.0,5.0,3.0,9.0,1.0,4.0,6.0,0,2,0,0,13.0,15.0,1.0,2.0,15.0,13.0,19.0,13.0,2.0,3.0,1364.389095092409,1254.4267668238651,165.26124431326684,55.29891604472294,7.0,10.6,4.0,6.4,55.2,1.2,1.4,0.8,2.0,1.4,8.0,16.8,4.2,6.6,56.4,0.6,1.8,0.4,2.6,2.2,1.3333333333333333,1.3333333333333333,,,
ALpx4MmC,2024,2025-05-25 15:00:00,,Poli Iasi,Metaloglobus Bucuresti,1,1,51.0,49.0,19.0,11.0,7.0,3.0,4.0,5.0,6.0,3.0,3,1,0,0,9.0,7.0,2.0,2.0,7.0,9.0,41.0,18.0,2.0,6.0,1168.4974506338312,1200.0,24.214295775278515,55.716845141447344,6.0,14.0,4.8,4.2,46.8,0.8,0.8,1.0,2.2,4.2,7.0,,,,,,,,,,,,,,
MaEfM33t,2024,2025-05-26 20:00:00,,FC Voluntari,Unirea Slobozia,2,1,39.0,61.0,7.0,17.0,3.0,5.0,2.0,6.0,5.0,8.0,2,3,0,0,13.0,16.0,3.0,0.0,16.0,13.0,32.0,37.0,4.0,1.0,1172.8792290592125,1172.5809246697718,55.96296323918705,55.66465884974633,378.0,6.4,1.4,4.6,44.4,0.4,1.0,0.6,2.6,3.6,8.0,11.8,4.0,6.4,50.8,1.4,1.0,1.6,1.4,4.0,,,,,
Iolp20IO,2024,2025-06-01 21:00:00,,Metaloglobus Bucuresti,Poli Iasi,1,0,46.0,54.0,6.0,24.0,2.0,9.0,3.0,7.0,1.0,8.0,4,3,0,0,9.0,13.0,0.0,0.0,13.0,9.0,23.0,35.0,9.0,1.0,1200.69581722268,1167.8016334111512,89.18907093073904,56.294887119210216,7.0,,,,,,,,,,7.0,16.2,5.2,5.0,50.6,0.4,1.0,0.6,2.8,2.8,1.0,1.0,,,
UPH2KsYh,2024,2025-06-02 20:00:00,,Unirea Slobozia,FC Voluntari,2,0,68.0,32.0,16.0,13.0,6.0,5.0,5.0,7.0,4.0,3.0,2,1,0,0,18.0,19.0,1.0,0.0,19.0,18.0,38.0,30.0,5.0,5.0,1164.17788107692,1181.2822726520644,39.752086016426574,56.85647759157101,7.0,14.6,5.0,6.6,53.4,1.6,1.0,1.6,1.8,3.8,7.0,6.6,1.6,4.2,41.8,0.6,0.6,1.2,2.6,3.6,0.0,3.0,,,
